{
"type": "FeatureCollection",
"name": "clinics",
"crs": { "type": "name", "properties": { "name": "urn:ogc:def:crs:OGC:1.3:CRS84" } },
"features": [
{ "type": "Feature", "properties": { "ZIMHEALTH": "_1", "DISTRICT": "Buhera", "NAME": "Murambinda", "FACILITY": "District_Hospital", "LONGTUDE": 31.65556, "LATITUDE": -19.26678, "F_ID": 2 }, "geometry": { "type": "Point", "coordinates": [ 31.65556, -19.26678 ] } },
{ "type": "Feature", "properties": { "ZIMHEALTH": "_2", "DISTRICT": "Buhera", "NAME": "Buhera", "FACILITY": "Rural_Hospital", "LONGTUDE": 31.43592, "LATITUDE": -19.33897, "F_ID": 5 }, "geometry": { "type": "Point", "coordinates": [ 31.43592, -19.33897 ] } },
{ "type": "Feature", "properties": { "ZIMHEALTH": "_3", "DISTRICT": "Buhera", "NAME": "Nerutanga", "FACILITY": "Clinic", "LONGTUDE": 31.35039, "LATITUDE": -19.28703, "F_ID": 5 }, "geometry": { "type": "Point", "coordinates": [ 31.35039, -19.28703 ] } },
{ "type": "Feature", "properties": { "ZIMHEALTH": "_4", "DISTRICT": "Buhera", "NAME": "Chapwanya", "FACILITY": "Clinic", "LONGTUDE": 31.35244, "LATITUDE": -19.17197, "F_ID": 5 }, "geometry": { "type": "Point", "coordinates": [ 31.35244, -19.17197 ] } },
{ "type": "Feature", "properties": { "ZIMHEALTH": "_5", "DISTRICT": "Buhera", "NAME": "Garamwera", "FACILITY": "Clinic", "LONGTUDE": 31.40219, "LATITUDE": -19.20661, "F_ID": 5 }, "geometry": { "type": "Point", "coordinates": [ 31.40219, -19.20661 ] } },
{ "type": "Feature", "properties": { "ZIMHEALTH": "_6", "DISTRICT": "Buhera", "NAME": "Gombe", "FACILITY": "Clinic", "LONGTUDE": 31.53336, "LATITUDE": -19.23786, "F_ID": 5 }, "geometry": { "type": "Point", "coordinates": [ 31.53336, -19.23786 ] } },
{ "type": "Feature", "properties": { "ZIMHEALTH": "_7", "DISTRICT": "Buhera", "NAME": "Mombeyarara", "FACILITY": "Rural_Health_Centre", "LONGTUDE": 31.60378, "LATITUDE": -19.20428, "F_ID": 6 }, "geometry": { "type": "Point", "coordinates": [ 31.60378, -19.20428 ] } },
{ "type": "Feature", "properties": { "ZIMHEALTH": "_8", "DISTRICT": "Buhera", "NAME": "Rambanapasi", "FACILITY": "Clinic", "LONGTUDE": 31.6545, "LATITUDE": -19.13994, "F_ID": 5 }, "geometry": { "type": "Point", "coordinates": [ 31.6545, -19.13994 ] } },
{ "type": "Feature", "properties": { "ZIMHEALTH": "_9", "DISTRICT": "Buhera", "NAME": "Munyanyi", "FACILITY": "Clinic", "LONGTUDE": 31.73461, "LATITUDE": -19.15669, "F_ID": 5 }, "geometry": { "type": "Point", "coordinates": [ 31.73461, -19.15669 ] } },
{ "type": "Feature", "properties": { "ZIMHEALTH": "_10", "DISTRICT": "Buhera", "NAME": "Dorowa", "FACILITY": "Clinic", "LONGTUDE": 31.76822, "LATITUDE": -19.05431, "F_ID": 5 }, "geometry": { "type": "Point", "coordinates": [ 31.76822, -19.05431 ] } },
{ "type": "Feature", "properties": { "ZIMHEALTH": "_11", "DISTRICT": "Buhera", "NAME": "Chiweshe", "FACILITY": "Clinic", "LONGTUDE": 31.88456, "LATITUDE": -19.22269, "F_ID": 5 }, "geometry": { "type": "Point", "coordinates": [ 31.88456, -19.22269 ] } },
{ "type": "Feature", "properties": { "ZIMHEALTH": "_12", "DISTRICT": "Buhera", "NAME": "Chiwenga", "FACILITY": "Clinic", "LONGTUDE": 31.98942, "LATITUDE": -19.23839, "F_ID": 5 }, "geometry": { "type": "Point", "coordinates": [ 31.98942, -19.23839 ] } },
{ "type": "Feature", "properties": { "ZIMHEALTH": "_13", "DISTRICT": "Buhera", "NAME": "Nyashanu", "FACILITY": "Clinic", "LONGTUDE": 31.53828, "LATITUDE": -19.28339, "F_ID": 5 }, "geometry": { "type": "Point", "coordinates": [ 31.53828, -19.28339 ] } },
{ "type": "Feature", "properties": { "ZIMHEALTH": "_14", "DISTRICT": "Buhera", "NAME": "Viriri", "FACILITY": "Clinic", "LONGTUDE": 31.75628, "LATITUDE": -19.40594, "F_ID": 5 }, "geometry": { "type": "Point", "coordinates": [ 31.75628, -19.40594 ] } },
{ "type": "Feature", "properties": { "ZIMHEALTH": "_15", "DISTRICT": "Buhera", "NAME": "Bangure", "FACILITY": "Clinic", "LONGTUDE": 31.77325, "LATITUDE": -19.53564, "F_ID": 5 }, "geometry": { "type": "Point", "coordinates": [ 31.77325, -19.53564 ] } },
{ "type": "Feature", "properties": { "ZIMHEALTH": "_16", "DISTRICT": "Buhera", "NAME": "Mudanda", "FACILITY": "Clinic", "LONGTUDE": 31.71756, "LATITUDE": -19.39111, "F_ID": 5 }, "geometry": { "type": "Point", "coordinates": [ 31.71756, -19.39111 ] } },
{ "type": "Feature", "properties": { "ZIMHEALTH": "_17", "DISTRICT": "Buhera", "NAME": "Madzimbashuro", "FACILITY": "Rural_Health_Centre", "LONGTUDE": 31.65631, "LATITUDE": -19.43503, "F_ID": 6 }, "geometry": { "type": "Point", "coordinates": [ 31.65631, -19.43503 ] } },
{ "type": "Feature", "properties": { "ZIMHEALTH": "_18", "DISTRICT": "Buhera", "NAME": "Chimbudzi", "FACILITY": "Clinic", "LONGTUDE": 31.80422, "LATITUDE": -19.47289, "F_ID": 5 }, "geometry": { "type": "Point", "coordinates": [ 31.80422, -19.47289 ] } },
{ "type": "Feature", "properties": { "ZIMHEALTH": "_19", "DISTRICT": "Buhera", "NAME": "Murwira", "FACILITY": "Rural_Health_Centre", "LONGTUDE": 31.83353, "LATITUDE": -19.53361, "F_ID": 6 }, "geometry": { "type": "Point", "coordinates": [ 31.83353, -19.53361 ] } },
{ "type": "Feature", "properties": { "ZIMHEALTH": "_20", "DISTRICT": "Buhera", "NAME": "Betera", "FACILITY": "Rural_Health_Centre", "LONGTUDE": 32.00122, "LATITUDE": -19.37372, "F_ID": 6 }, "geometry": { "type": "Point", "coordinates": [ 32.00122, -19.37372 ] } },
{ "type": "Feature", "properties": { "ZIMHEALTH": "_21", "DISTRICT": "Buhera", "NAME": "Chirozva", "FACILITY": "Clinic", "LONGTUDE": 32.00094, "LATITUDE": -19.45672, "F_ID": 5 }, "geometry": { "type": "Point", "coordinates": [ 32.00094, -19.45672 ] } },
{ "type": "Feature", "properties": { "ZIMHEALTH": "_22", "DISTRICT": "Buhera", "NAME": "Zangama", "FACILITY": "Rural_Health_Centre", "LONGTUDE": 32.11958, "LATITUDE": -19.56878, "F_ID": 6 }, "geometry": { "type": "Point", "coordinates": [ 32.11958, -19.56878 ] } },
{ "type": "Feature", "properties": { "ZIMHEALTH": "_23", "DISTRICT": "Buhera", "NAME": "Muzokomba", "FACILITY": "Clinic", "LONGTUDE": 31.97167, "LATITUDE": -19.58381, "F_ID": 5 }, "geometry": { "type": "Point", "coordinates": [ 31.97167, -19.58381 ] } },
{ "type": "Feature", "properties": { "ZIMHEALTH": "_24", "DISTRICT": "Buhera", "NAME": "Mutepfe", "FACILITY": "Clinic", "LONGTUDE": 31.96869, "LATITUDE": -19.76764, "F_ID": 5 }, "geometry": { "type": "Point", "coordinates": [ 31.96869, -19.76764 ] } },
{ "type": "Feature", "properties": { "ZIMHEALTH": "_25", "DISTRICT": "Buhera", "NAME": "Mutiusinazita", "FACILITY": "Clinic", "LONGTUDE": 32.06731, "LATITUDE": -19.72489, "F_ID": 5 }, "geometry": { "type": "Point", "coordinates": [ 32.06731, -19.72489 ] } },
{ "type": "Feature", "properties": { "ZIMHEALTH": "_26", "DISTRICT": "Buhera", "NAME": "Chabata", "FACILITY": "Clinic", "LONGTUDE": 32.15781, "LATITUDE": -19.78603, "F_ID": 5 }, "geometry": { "type": "Point", "coordinates": [ 32.15781, -19.78603 ] } },
{ "type": "Feature", "properties": { "ZIMHEALTH": "_27", "DISTRICT": "Buhera", "NAME": "Chapanduka", "FACILITY": "Clinic", "LONGTUDE": 32.16894, "LATITUDE": -19.68356, "F_ID": 5 }, "geometry": { "type": "Point", "coordinates": [ 32.16894, -19.68356 ] } },
{ "type": "Feature", "properties": { "ZIMHEALTH": "_28", "DISTRICT": "Buhera", "NAME": "Gunura", "FACILITY": "Clinic", "LONGTUDE": 32.307, "LATITUDE": -19.87439, "F_ID": 5 }, "geometry": { "type": "Point", "coordinates": [ 32.307, -19.87439 ] } },
{ "type": "Feature", "properties": { "ZIMHEALTH": "_29", "DISTRICT": "Buhera", "NAME": "Birchenough", "FACILITY": "Rural_Hospital", "LONGTUDE": 32.33853, "LATITUDE": -19.97181, "F_ID": 5 }, "geometry": { "type": "Point", "coordinates": [ 32.33853, -19.97181 ] } },
{ "type": "Feature", "properties": { "ZIMHEALTH": "_30", "DISTRICT": "Chimanimani", "NAME": "Chakohwa", "FACILITY": "Clinic", "LONGTUDE": 32.51756, "LATITUDE": -19.55397, "F_ID": 5 }, "geometry": { "type": "Point", "coordinates": [ 32.51756, -19.55397 ] } },
{ "type": "Feature", "properties": { "ZIMHEALTH": "_31", "DISTRICT": "Chimanimani", "NAME": "Cashel", "FACILITY": "Clinic", "LONGTUDE": 32.78836, "LATITUDE": -19.54161, "F_ID": 5 }, "geometry": { "type": "Point", "coordinates": [ 32.78836, -19.54161 ] } },
{ "type": "Feature", "properties": { "ZIMHEALTH": "_32", "DISTRICT": "Chimanimani", "NAME": "Mutambara", "FACILITY": "Acting_District_Hospital", "LONGTUDE": 32.68603, "LATITUDE": -19.53492, "F_ID": 2 }, "geometry": { "type": "Point", "coordinates": [ 32.68603, -19.53492 ] } },
{ "type": "Feature", "properties": { "ZIMHEALTH": "_33", "DISTRICT": "Chimanimani", "NAME": "Chayamiti", "FACILITY": "Clinic", "LONGTUDE": 32.55456, "LATITUDE": -19.66983, "F_ID": 5 }, "geometry": { "type": "Point", "coordinates": [ 32.55456, -19.66983 ] } },
{ "type": "Feature", "properties": { "ZIMHEALTH": "_34", "DISTRICT": "Chimanimani", "NAME": "Bumba", "FACILITY": "Rural_Health_Centre", "LONGTUDE": 32.63581, "LATITUDE": -19.65556, "F_ID": 6 }, "geometry": { "type": "Point", "coordinates": [ 32.63581, -19.65556 ] } },
{ "type": "Feature", "properties": { "ZIMHEALTH": "_35", "DISTRICT": "Chimanimani", "NAME": "Shinja", "FACILITY": "Clinic", "LONGTUDE": 32.60669, "LATITUDE": -19.75481, "F_ID": 5 }, "geometry": { "type": "Point", "coordinates": [ 32.60669, -19.75481 ] } },
{ "type": "Feature", "properties": { "ZIMHEALTH": "_36", "DISTRICT": "Chimanimani", "NAME": "Biriwiri", "FACILITY": "Mission_Hospital", "LONGTUDE": 32.67344, "LATITUDE": -19.79031, "F_ID": 3 }, "geometry": { "type": "Point", "coordinates": [ 32.67344, -19.79031 ] } },
{ "type": "Feature", "properties": { "ZIMHEALTH": "_37", "DISTRICT": "Chimanimani", "NAME": "Mhakwe", "FACILITY": "Clinic", "LONGTUDE": 32.63478, "LATITUDE": -19.82197, "F_ID": 5 }, "geometry": { "type": "Point", "coordinates": [ 32.63478, -19.82197 ] } },
{ "type": "Feature", "properties": { "ZIMHEALTH": "_38", "DISTRICT": "Chimanimani", "NAME": "Chikwakwa", "FACILITY": "Clinic", "LONGTUDE": 32.57314, "LATITUDE": -19.85436, "F_ID": 5 }, "geometry": { "type": "Point", "coordinates": [ 32.57314, -19.85436 ] } },
{ "type": "Feature", "properties": { "ZIMHEALTH": "_39", "DISTRICT": "Chimanimani", "NAME": "Gwindingwe", "FACILITY": "Clinic", "LONGTUDE": 32.65383, "LATITUDE": -19.9385, "F_ID": 5 }, "geometry": { "type": "Point", "coordinates": [ 32.65383, -19.9385 ] } },
{ "type": "Feature", "properties": { "ZIMHEALTH": "_40", "DISTRICT": "Chimanimani", "NAME": "Charter", "FACILITY": "Clinic", "LONGTUDE": 32.80675, "LATITUDE": -19.83536, "F_ID": 5 }, "geometry": { "type": "Point", "coordinates": [ 32.80675, -19.83536 ] } },
{ "type": "Feature", "properties": { "ZIMHEALTH": "_41", "DISTRICT": "Chimanimani", "NAME": "Martin", "FACILITY": "Clinic", "LONGTUDE": 32.93403, "LATITUDE": -19.76719, "F_ID": 5 }, "geometry": { "type": "Point", "coordinates": [ 32.93403, -19.76719 ] } },
{ "type": "Feature", "properties": { "ZIMHEALTH": "_42", "DISTRICT": "Chimanimani", "NAME": "Chikukwa", "FACILITY": "Rural_Health_Centre", "LONGTUDE": 32.93733, "LATITUDE": -19.72056, "F_ID": 6 }, "geometry": { "type": "Point", "coordinates": [ 32.93733, -19.72056 ] } },
{ "type": "Feature", "properties": { "ZIMHEALTH": "_43", "DISTRICT": "Chimanimani", "NAME": "Tilbury", "FACILITY": "Clinic", "LONGTUDE": 32.97297, "LATITUDE": -19.90747, "F_ID": 5 }, "geometry": { "type": "Point", "coordinates": [ 32.97297, -19.90747 ] } },
{ "type": "Feature", "properties": { "ZIMHEALTH": "_44", "DISTRICT": "Chimanimani", "NAME": "Tarka", "FACILITY": "Clinic", "LONGTUDE": 32.93761, "LATITUDE": -19.97231, "F_ID": 5 }, "geometry": { "type": "Point", "coordinates": [ 32.93761, -19.97231 ] } },
{ "type": "Feature", "properties": { "ZIMHEALTH": "_45", "DISTRICT": "Chimanimani", "NAME": "Nyahode", "FACILITY": "Clinic", "LONGTUDE": 32.82272, "LATITUDE": -19.94106, "F_ID": 5 }, "geometry": { "type": "Point", "coordinates": [ 32.82272, -19.94106 ] } },
{ "type": "Feature", "properties": { "ZIMHEALTH": "_46", "DISTRICT": "Chimanimani", "NAME": "Changazi", "FACILITY": "Rural_Health_Centre", "LONGTUDE": 32.47256, "LATITUDE": -19.93394, "F_ID": 6 }, "geometry": { "type": "Point", "coordinates": [ 32.47256, -19.93394 ] } },
{ "type": "Feature", "properties": { "ZIMHEALTH": "_47", "DISTRICT": "Chimanimani", "NAME": "Gudyanga", "FACILITY": "Clinic", "LONGTUDE": 32.40428, "LATITUDE": -19.86911, "F_ID": 5 }, "geometry": { "type": "Point", "coordinates": [ 32.40428, -19.86911 ] } },
{ "type": "Feature", "properties": { "ZIMHEALTH": "_48", "DISTRICT": "Chimanimani", "NAME": "Nyanyadzi", "FACILITY": "Rural_Hospital", "LONGTUDE": 32.42192, "LATITUDE": -19.78694, "F_ID": 5 }, "geometry": { "type": "Point", "coordinates": [ 32.42192, -19.78694 ] } },
{ "type": "Feature", "properties": { "ZIMHEALTH": "_49", "DISTRICT": "Chimanimani", "NAME": "Chisengu", "FACILITY": "Clinic", "LONGTUDE": 32.88586, "LATITUDE": -19.90414, "F_ID": 5 }, "geometry": { "type": "Point", "coordinates": [ 32.88586, -19.90414 ] } },
{ "type": "Feature", "properties": { "ZIMHEALTH": "_50", "DISTRICT": "Chimanimani", "NAME": "Muchadziya", "FACILITY": "Clinic", "LONGTUDE": 32.94861, "LATITUDE": -20.01139, "F_ID": 5 }, "geometry": { "type": "Point", "coordinates": [ 32.94861, -20.01139 ] } },
{ "type": "Feature", "properties": { "ZIMHEALTH": "_51", "DISTRICT": "Chimanimani", "NAME": "Ngorima", "FACILITY": "Clinic", "LONGTUDE": 32.8575, "LATITUDE": -20.05167, "F_ID": 5 }, "geometry": { "type": "Point", "coordinates": [ 32.8575, -20.05167 ] } },
{ "type": "Feature", "properties": { "ZIMHEALTH": "_52", "DISTRICT": "Chimanimani", "NAME": "Mutsvangwa", "FACILITY": "Clinic", "LONGTUDE": 32.9125, "LATITUDE": -20.07528, "F_ID": 5 }, "geometry": { "type": "Point", "coordinates": [ 32.9125, -20.07528 ] } },
{ "type": "Feature", "properties": { "ZIMHEALTH": "_53", "DISTRICT": "Chimanimani", "NAME": "Rusitu", "FACILITY": "Mission_Clinic", "LONGTUDE": 32.86472, "LATITUDE": -20.03361, "F_ID": 3 }, "geometry": { "type": "Point", "coordinates": [ 32.86472, -20.03361 ] } },
{ "type": "Feature", "properties": { "ZIMHEALTH": "_54", "DISTRICT": "Chimanimani", "NAME": "Roscommon", "FACILITY": "Clinic", "LONGTUDE": 32.81056, "LATITUDE": -20.02167, "F_ID": 5 }, "geometry": { "type": "Point", "coordinates": [ 32.81056, -20.02167 ] } },
{ "type": "Feature", "properties": { "ZIMHEALTH": "_55", "DISTRICT": "Chimanimani", "NAME": "Ardarusitu", "FACILITY": "Clinic", "LONGTUDE": 32.78583, "LATITUDE": -20.03472, "F_ID": 5 }, "geometry": { "type": "Point", "coordinates": [ 32.78583, -20.03472 ] } },
{ "type": "Feature", "properties": { "ZIMHEALTH": "_56", "DISTRICT": "Chipinge", "NAME": "ARDA-Mid-Save", "FACILITY": "Clinic", "LONGTUDE": 32.37889, "LATITUDE": -20.05167, "F_ID": 5 }, "geometry": { "type": "Point", "coordinates": [ 32.37889, -20.05167 ] } },
{ "type": "Feature", "properties": { "ZIMHEALTH": "_57", "DISTRICT": "Chipinge", "NAME": "Mutema", "FACILITY": "Clinic", "LONGTUDE": 32.36028, "LATITUDE": -20.13417, "F_ID": 5 }, "geometry": { "type": "Point", "coordinates": [ 32.36028, -20.13417 ] } },
{ "type": "Feature", "properties": { "ZIMHEALTH": "_58", "DISTRICT": "Chipinge", "NAME": "Musani", "FACILITY": "Clinic", "LONGTUDE": 32.40333, "LATITUDE": -20.08361, "F_ID": 5 }, "geometry": { "type": "Point", "coordinates": [ 32.40333, -20.08361 ] } },
{ "type": "Feature", "properties": { "ZIMHEALTH": "_59", "DISTRICT": "Chipinge", "NAME": "Tanganda", "FACILITY": "Clinic", "LONGTUDE": 32.35056, "LATITUDE": -20.11056, "F_ID": 5 }, "geometry": { "type": "Point", "coordinates": [ 32.35056, -20.11056 ] } },
{ "type": "Feature", "properties": { "ZIMHEALTH": "_60", "DISTRICT": "Chipinge", "NAME": "New_Year_Gift", "FACILITY": "Clinic", "LONGTUDE": 32.57444, "LATITUDE": -20.09583, "F_ID": 5 }, "geometry": { "type": "Point", "coordinates": [ 32.57444, -20.09583 ] } },
{ "type": "Feature", "properties": { "ZIMHEALTH": "_61", "DISTRICT": "Chipinge", "NAME": "SilverStream", "FACILITY": "Clinic", "LONGTUDE": 32.68444, "LATITUDE": -19.98972, "F_ID": 5 }, "geometry": { "type": "Point", "coordinates": [ 32.68444, -19.98972 ] } },
{ "type": "Feature", "properties": { "ZIMHEALTH": "_62", "DISTRICT": "Chipinge", "NAME": "Chipinge", "FACILITY": "District_Hospital", "LONGTUDE": 32.61917, "LATITUDE": -20.19583, "F_ID": 2 }, "geometry": { "type": "Point", "coordinates": [ 32.61917, -20.19583 ] } },
{ "type": "Feature", "properties": { "ZIMHEALTH": "_63", "DISTRICT": "Chipinge", "NAME": "Clear_Water", "FACILITY": "Clinic", "LONGTUDE": 32.72722, "LATITUDE": -20.10889, "F_ID": 5 }, "geometry": { "type": "Point", "coordinates": [ 32.72722, -20.10889 ] } },
{ "type": "Feature", "properties": { "ZIMHEALTH": "_64", "DISTRICT": "Chipinge", "NAME": "Junction_Gate", "FACILITY": "Clinic", "LONGTUDE": 32.78417, "LATITUDE": -20.16056, "F_ID": 5 }, "geometry": { "type": "Point", "coordinates": [ 32.78417, -20.16056 ] } },
{ "type": "Feature", "properties": { "ZIMHEALTH": "_65", "DISTRICT": "Chipinge", "NAME": "Paidamoyo", "FACILITY": "Clinic", "LONGTUDE": 32.80583, "LATITUDE": -20.11056, "F_ID": 5 }, "geometry": { "type": "Point", "coordinates": [ 32.80583, -20.11056 ] } },
{ "type": "Feature", "properties": { "ZIMHEALTH": "_66", "DISTRICT": "Chipinge", "NAME": "Ratelshoek", "FACILITY": "Clinic", "LONGTUDE": 32.80611, "LATITUDE": -20.24639, "F_ID": 5 }, "geometry": { "type": "Point", "coordinates": [ 32.80611, -20.24639 ] } },
{ "type": "Feature", "properties": { "ZIMHEALTH": "_67", "DISTRICT": "Chipinge", "NAME": "Southern_Hold.", "FACILITY": "Clinic", "LONGTUDE": 32.8225, "LATITUDE": -20.265, "F_ID": 5 }, "geometry": { "type": "Point", "coordinates": [ 32.8225, -20.265 ] } },
{ "type": "Feature", "properties": { "ZIMHEALTH": "_68", "DISTRICT": "Chipinge", "NAME": "Kopera", "FACILITY": "Clinic", "LONGTUDE": 32.77, "LATITUDE": -20.32139, "F_ID": 5 }, "geometry": { "type": "Point", "coordinates": [ 32.77, -20.32139 ] } },
{ "type": "Feature", "properties": { "ZIMHEALTH": "_69", "DISTRICT": "Chipinge", "NAME": "Zona", "FACILITY": "Clinic", "LONGTUDE": 32.73611, "LATITUDE": -20.43722, "F_ID": 5 }, "geometry": { "type": "Point", "coordinates": [ 32.73611, -20.43722 ] } },
{ "type": "Feature", "properties": { "ZIMHEALTH": "_70", "DISTRICT": "Chipinge", "NAME": "Mt._Selinda", "FACILITY": "Mission_Hospital", "LONGTUDE": 32.70306, "LATITUDE": -20.42389, "F_ID": 3 }, "geometry": { "type": "Point", "coordinates": [ 32.70306, -20.42389 ] } },
{ "type": "Feature", "properties": { "ZIMHEALTH": "_71", "DISTRICT": "Chipinge", "NAME": "Jersey", "FACILITY": "Clinic", "LONGTUDE": 32.67972, "LATITUDE": -20.52528, "F_ID": 5 }, "geometry": { "type": "Point", "coordinates": [ 32.67972, -20.52528 ] } },
{ "type": "Feature", "properties": { "ZIMHEALTH": "_72", "DISTRICT": "Chipinge", "NAME": "Gwenzi", "FACILITY": "Clinic", "LONGTUDE": 32.6625, "LATITUDE": -20.53, "F_ID": 5 }, "geometry": { "type": "Point", "coordinates": [ 32.6625, -20.53 ] } },
{ "type": "Feature", "properties": { "ZIMHEALTH": "_73", "DISTRICT": "Chipinge", "NAME": "Musirwizi", "FACILITY": "Clinic", "LONGTUDE": 32.58028, "LATITUDE": -20.46028, "F_ID": 5 }, "geometry": { "type": "Point", "coordinates": [ 32.58028, -20.46028 ] } },
{ "type": "Feature", "properties": { "ZIMHEALTH": "_74", "DISTRICT": "Chipinge", "NAME": "Chikore", "FACILITY": "Mission_Hospital", "LONGTUDE": 32.49778, "LATITUDE": -20.43694, "F_ID": 3 }, "geometry": { "type": "Point", "coordinates": [ 32.49778, -20.43694 ] } },
{ "type": "Feature", "properties": { "ZIMHEALTH": "_75", "DISTRICT": "Chipinge", "NAME": "Chiringa", "FACILITY": "Clinic", "LONGTUDE": 32.6075, "LATITUDE": -20.27611, "F_ID": 5 }, "geometry": { "type": "Point", "coordinates": [ 32.6075, -20.27611 ] } },
{ "type": "Feature", "properties": { "ZIMHEALTH": "_76", "DISTRICT": "Chipinge", "NAME": "ZRP-Chipinge", "FACILITY": "Clinic", "LONGTUDE": 32.62222, "LATITUDE": -20.19917, "F_ID": 5 }, "geometry": { "type": "Point", "coordinates": [ 32.62222, -20.19917 ] } },
{ "type": "Feature", "properties": { "ZIMHEALTH": "_77", "DISTRICT": "Chipinge", "NAME": "Gaza", "FACILITY": "Council_Clinic", "LONGTUDE": 32.63944, "LATITUDE": -20.19194, "F_ID": 5 }, "geometry": { "type": "Point", "coordinates": [ 32.63944, -20.19194 ] } },
{ "type": "Feature", "properties": { "ZIMHEALTH": "_78", "DISTRICT": "Chipinge", "NAME": "Chibuwe", "FACILITY": "Clinic", "LONGTUDE": 32.30083, "LATITUDE": -20.46417, "F_ID": 5 }, "geometry": { "type": "Point", "coordinates": [ 32.30083, -20.46417 ] } },
{ "type": "Feature", "properties": { "ZIMHEALTH": "_79", "DISTRICT": "Chipinge", "NAME": "Gumuka", "FACILITY": "Clinic", "LONGTUDE": 32.28028, "LATITUDE": -20.60333, "F_ID": 5 }, "geometry": { "type": "Point", "coordinates": [ 32.28028, -20.60333 ] } },
{ "type": "Feature", "properties": { "ZIMHEALTH": "_80", "DISTRICT": "Chipinge", "NAME": "Manzvire", "FACILITY": "Clinic", "LONGTUDE": 32.34028, "LATITUDE": -20.77556, "F_ID": 5 }, "geometry": { "type": "Point", "coordinates": [ 32.34028, -20.77556 ] } },
{ "type": "Feature", "properties": { "ZIMHEALTH": "_81", "DISTRICT": "Chipinge", "NAME": "Madhuka", "FACILITY": "Rural_Health_Centre", "LONGTUDE": 32.36333, "LATITUDE": -20.72111, "F_ID": 6 }, "geometry": { "type": "Point", "coordinates": [ 32.36333, -20.72111 ] } },
{ "type": "Feature", "properties": { "ZIMHEALTH": "_82", "DISTRICT": "Chipinge", "NAME": "St._Peters", "FACILITY": "Mission_Hospital", "LONGTUDE": 32.21528, "LATITUDE": -20.77111, "F_ID": 3 }, "geometry": { "type": "Point", "coordinates": [ 32.21528, -20.77111 ] } },
{ "type": "Feature", "properties": { "ZIMHEALTH": "_83", "DISTRICT": "Chipinge", "NAME": "Chinyamukwaka", "FACILITY": "Clinic", "LONGTUDE": 32.36083, "LATITUDE": -20.91722, "F_ID": 5 }, "geometry": { "type": "Point", "coordinates": [ 32.36083, -20.91722 ] } },
{ "type": "Feature", "properties": { "ZIMHEALTH": "_84", "DISTRICT": "Chipinge", "NAME": "ARDA_Estates", "FACILITY": "Clinic", "LONGTUDE": 32.23222, "LATITUDE": -20.87639, "F_ID": 5 }, "geometry": { "type": "Point", "coordinates": [ 32.23222, -20.87639 ] } },
{ "type": "Feature", "properties": { "ZIMHEALTH": "_85", "DISTRICT": "Chipinge", "NAME": "Vheneka", "FACILITY": "Clinic", "LONGTUDE": 32.15389, "LATITUDE": -20.93722, "F_ID": 5 }, "geometry": { "type": "Point", "coordinates": [ 32.15389, -20.93722 ] } },
{ "type": "Feature", "properties": { "ZIMHEALTH": "_86", "DISTRICT": "Chipinge", "NAME": "Mutandahwe", "FACILITY": "Clinic", "LONGTUDE": 32.195, "LATITUDE": -21.01056, "F_ID": 5 }, "geometry": { "type": "Point", "coordinates": [ 32.195, -21.01056 ] } },
{ "type": "Feature", "properties": { "ZIMHEALTH": "_87", "DISTRICT": "Chipinge", "NAME": "Muparadze", "FACILITY": "Clinic", "LONGTUDE": 32.27667, "LATITUDE": -21.07389, "F_ID": 5 }, "geometry": { "type": "Point", "coordinates": [ 32.27667, -21.07389 ] } },
{ "type": "Feature", "properties": { "ZIMHEALTH": "_88", "DISTRICT": "Chipinge", "NAME": "Mahenye", "FACILITY": "Clinic", "LONGTUDE": 32.39278, "LATITUDE": -21.25, "F_ID": 5 }, "geometry": { "type": "Point", "coordinates": [ 32.39278, -21.25 ] } },
{ "type": "Feature", "properties": { "ZIMHEALTH": "_89", "DISTRICT": "Chipinge", "NAME": "Chisuma", "FACILITY": "Clinic", "LONGTUDE": 32.36028, "LATITUDE": -21.05306, "F_ID": 5 }, "geometry": { "type": "Point", "coordinates": [ 32.36028, -21.05306 ] } },
{ "type": "Feature", "properties": { "ZIMHEALTH": "_90", "DISTRICT": "Chipinge", "NAME": "Mabeye", "FACILITY": "Clinic", "LONGTUDE": 32.36028, "LATITUDE": -20.90194, "F_ID": 5 }, "geometry": { "type": "Point", "coordinates": [ 32.36028, -20.90194 ] } },
{ "type": "Feature", "properties": { "ZIMHEALTH": "_91", "DISTRICT": "Chipinge", "NAME": "Hwakata", "FACILITY": "Clinic", "LONGTUDE": 32.48556, "LATITUDE": -20.82556, "F_ID": 5 }, "geometry": { "type": "Point", "coordinates": [ 32.48556, -20.82556 ] } },
{ "type": "Feature", "properties": { "ZIMHEALTH": "_92", "DISTRICT": "Chipinge", "NAME": "Zamchiya", "FACILITY": "Clinic", "LONGTUDE": 32.4775, "LATITUDE": -20.69972, "F_ID": 5 }, "geometry": { "type": "Point", "coordinates": [ 32.4775, -20.69972 ] } },
{ "type": "Feature", "properties": { "ZIMHEALTH": "_93", "DISTRICT": "Chipinge", "NAME": "Rimbi", "FACILITY": "Clinic", "LONGTUDE": 32.39306, "LATITUDE": -20.5475, "F_ID": 5 }, "geometry": { "type": "Point", "coordinates": [ 32.39306, -20.5475 ] } },
{ "type": "Feature", "properties": { "ZIMHEALTH": "_94", "DISTRICT": "Chipinge", "NAME": "Kondo", "FACILITY": "Clinic", "LONGTUDE": 32.38528, "LATITUDE": -20.39806, "F_ID": 5 }, "geometry": { "type": "Point", "coordinates": [ 32.38528, -20.39806 ] } },
{ "type": "Feature", "properties": { "ZIMHEALTH": "_95", "DISTRICT": "Chipinge", "NAME": "Tongogara", "FACILITY": "Clinic", "LONGTUDE": 32.30639, "LATITUDE": -20.34806, "F_ID": 5 }, "geometry": { "type": "Point", "coordinates": [ 32.30639, -20.34806 ] } },
{ "type": "Feature", "properties": { "ZIMHEALTH": "_96", "DISTRICT": "Chipinge", "NAME": "Chipangai", "FACILITY": "Clinic", "LONGTUDE": 32.35333, "LATITUDE": -20.26306, "F_ID": 5 }, "geometry": { "type": "Point", "coordinates": [ 32.35333, -20.26306 ] } },
{ "type": "Feature", "properties": { "ZIMHEALTH": "_97", "DISTRICT": "Chipinge", "NAME": "Ngaome", "FACILITY": "Clinic", "LONGTUDE": 32.56972, "LATITUDE": -19.98972, "F_ID": 5 }, "geometry": { "type": "Point", "coordinates": [ 32.56972, -19.98972 ] } },
{ "type": "Feature", "properties": { "ZIMHEALTH": "_98", "DISTRICT": "Chipinge", "NAME": "Checheche", "FACILITY": "Clinic", "LONGTUDE": 32.61, "LATITUDE": -20.03722, "F_ID": 5 }, "geometry": { "type": "Point", "coordinates": [ 32.61, -20.03722 ] } },
{ "type": "Feature", "properties": { "ZIMHEALTH": "_99", "DISTRICT": "Makoni", "NAME": "Rusape", "FACILITY": "District_Hospital", "LONGTUDE": 32.13636, "LATITUDE": -18.53892, "F_ID": 2 }, "geometry": { "type": "Point", "coordinates": [ 32.13636, -18.53892 ] } },
{ "type": "Feature", "properties": { "ZIMHEALTH": "_100", "DISTRICT": "Makoni", "NAME": "Dumbamwe", "FACILITY": "Clinic", "LONGTUDE": 32.38531, "LATITUDE": -18.42167, "F_ID": 5 }, "geometry": { "type": "Point", "coordinates": [ 32.38531, -18.42167 ] } },
{ "type": "Feature", "properties": { "ZIMHEALTH": "_101", "DISTRICT": "Makoni", "NAME": "Nyahukwe", "FACILITY": "Rural_Health_Centre", "LONGTUDE": 32.32231, "LATITUDE": -18.46983, "F_ID": 6 }, "geometry": { "type": "Point", "coordinates": [ 32.32231, -18.46983 ] } },
{ "type": "Feature", "properties": { "ZIMHEALTH": "_102", "DISTRICT": "Makoni", "NAME": "Matotwe", "FACILITY": "Clinic", "LONGTUDE": 32.36692, "LATITUDE": -18.52292, "F_ID": 5 }, "geometry": { "type": "Point", "coordinates": [ 32.36692, -18.52292 ] } },
{ "type": "Feature", "properties": { "ZIMHEALTH": "_103", "DISTRICT": "Makoni", "NAME": "Ringanayi", "FACILITY": "Clinic", "LONGTUDE": 32.43861, "LATITUDE": -18.55803, "F_ID": 5 }, "geometry": { "type": "Point", "coordinates": [ 32.43861, -18.55803 ] } },
{ "type": "Feature", "properties": { "ZIMHEALTH": "_104", "DISTRICT": "Makoni", "NAME": "Makoni", "FACILITY": "Rural_Hospital", "LONGTUDE": 32.38878, "LATITUDE": -18.61997, "F_ID": 5 }, "geometry": { "type": "Point", "coordinates": [ 32.38878, -18.61997 ] } },
{ "type": "Feature", "properties": { "ZIMHEALTH": "_105", "DISTRICT": "Makoni", "NAME": "Maurice_Nyagumbo", "FACILITY": "Clinic", "LONGTUDE": 32.33711, "LATITUDE": -18.67436, "F_ID": 5 }, "geometry": { "type": "Point", "coordinates": [ 32.33711, -18.67436 ] } },
{ "type": "Feature", "properties": { "ZIMHEALTH": "_106", "DISTRICT": "Makoni", "NAME": "Mukuwapasi", "FACILITY": "Clinic", "LONGTUDE": 32.21847, "LATITUDE": -18.50592, "F_ID": 5 }, "geometry": { "type": "Point", "coordinates": [ 32.21847, -18.50592 ] } },
{ "type": "Feature", "properties": { "ZIMHEALTH": "_107", "DISTRICT": "Makoni", "NAME": "Anorldine", "FACILITY": "Clinic", "LONGTUDE": 32.20314, "LATITUDE": -18.23539, "F_ID": 5 }, "geometry": { "type": "Point", "coordinates": [ 32.20314, -18.23539 ] } },
{ "type": "Feature", "properties": { "ZIMHEALTH": "_108", "DISTRICT": "Makoni", "NAME": "Era_Mine", "FACILITY": "Mine_Clinic", "LONGTUDE": 32.27172, "LATITUDE": -18.23656, "F_ID": 7 }, "geometry": { "type": "Point", "coordinates": [ 32.27172, -18.23656 ] } },
{ "type": "Feature", "properties": { "ZIMHEALTH": "_109", "DISTRICT": "Makoni", "NAME": "Bamba", "FACILITY": "Rural_Health_Centre", "LONGTUDE": 32.30622, "LATITUDE": -18.20478, "F_ID": 6 }, "geometry": { "type": "Point", "coordinates": [ 32.30622, -18.20478 ] } },
{ "type": "Feature", "properties": { "ZIMHEALTH": "_110", "DISTRICT": "Makoni", "NAME": "Bingaguru", "FACILITY": "Clinic", "LONGTUDE": 32.38894, "LATITUDE": -18.22244, "F_ID": 5 }, "geometry": { "type": "Point", "coordinates": [ 32.38894, -18.22244 ] } },
{ "type": "Feature", "properties": { "ZIMHEALTH": "_111", "DISTRICT": "Makoni", "NAME": "Chinhenga", "FACILITY": "Rural_Health_Centre", "LONGTUDE": 32.50247, "LATITUDE": -18.03619, "F_ID": 6 }, "geometry": { "type": "Point", "coordinates": [ 32.50247, -18.03619 ] } },
{ "type": "Feature", "properties": { "ZIMHEALTH": "_112", "DISTRICT": "Makoni", "NAME": "Maparura", "FACILITY": "Rural_Health_Centre", "LONGTUDE": 32.40511, "LATITUDE": -18.00294, "F_ID": 6 }, "geometry": { "type": "Point", "coordinates": [ 32.40511, -18.00294 ] } },
{ "type": "Feature", "properties": { "ZIMHEALTH": "_113", "DISTRICT": "Makoni", "NAME": "Gowakowa", "FACILITY": "Rural_Health_Centre", "LONGTUDE": 32.33406, "LATITUDE": -18.08644, "F_ID": 6 }, "geometry": { "type": "Point", "coordinates": [ 32.33406, -18.08644 ] } },
{ "type": "Feature", "properties": { "ZIMHEALTH": "_114", "DISTRICT": "Makoni", "NAME": "Inyati", "FACILITY": "Clinic", "LONGTUDE": 32.25489, "LATITUDE": -18.22197, "F_ID": 5 }, "geometry": { "type": "Point", "coordinates": [ 32.25489, -18.22197 ] } },
{ "type": "Feature", "properties": { "ZIMHEALTH": "_115", "DISTRICT": "Makoni", "NAME": "Chinyudze", "FACILITY": "Rural_Health_Centre", "LONGTUDE": 32.20047, "LATITUDE": -18.18653, "F_ID": 6 }, "geometry": { "type": "Point", "coordinates": [ 32.20047, -18.18653 ] } },
{ "type": "Feature", "properties": { "ZIMHEALTH": "_116", "DISTRICT": "Makoni", "NAME": "Nyamukamani", "FACILITY": "Rural_Health_Centre", "LONGTUDE": 32.17203, "LATITUDE": -18.09111, "F_ID": 6 }, "geometry": { "type": "Point", "coordinates": [ 32.17203, -18.09111 ] } },
{ "type": "Feature", "properties": { "ZIMHEALTH": "_117", "DISTRICT": "Makoni", "NAME": "Weya", "FACILITY": "Rural_Hospital", "LONGTUDE": 32.15197, "LATITUDE": -18.04158, "F_ID": 5 }, "geometry": { "type": "Point", "coordinates": [ 32.15197, -18.04158 ] } },
{ "type": "Feature", "properties": { "ZIMHEALTH": "_118", "DISTRICT": "Makoni", "NAME": "Mayo1", "FACILITY": "Rural_Health_Centre", "LONGTUDE": 32.27336, "LATITUDE": -17.87047, "F_ID": 6 }, "geometry": { "type": "Point", "coordinates": [ 32.27336, -17.87047 ] } },
{ "type": "Feature", "properties": { "ZIMHEALTH": "_119", "DISTRICT": "Makoni", "NAME": "Mayo2", "FACILITY": "Rural_Health_Centre", "LONGTUDE": 32.35172, "LATITUDE": -17.78494, "F_ID": 6 }, "geometry": { "type": "Point", "coordinates": [ 32.35172, -17.78494 ] } },
{ "type": "Feature", "properties": { "ZIMHEALTH": "_120", "DISTRICT": "Makoni", "NAME": "Chikore", "FACILITY": "Clinic", "LONGTUDE": 32.50703, "LATITUDE": -17.72186, "F_ID": 5 }, "geometry": { "type": "Point", "coordinates": [ 32.50703, -17.72186 ] } },
{ "type": "Feature", "properties": { "ZIMHEALTH": "_121", "DISTRICT": "Makoni", "NAME": "St_Micheals", "FACILITY": "Mission_Hospital", "LONGTUDE": 32.45042, "LATITUDE": -17.90319, "F_ID": 3 }, "geometry": { "type": "Point", "coordinates": [ 32.45042, -17.90319 ] } },
{ "type": "Feature", "properties": { "ZIMHEALTH": "_122", "DISTRICT": "Makoni", "NAME": "Nyahowe", "FACILITY": "Rural_Health_Centre", "LONGTUDE": 32.40303, "LATITUDE": -17.93886, "F_ID": 6 }, "geometry": { "type": "Point", "coordinates": [ 32.40303, -17.93886 ] } },
{ "type": "Feature", "properties": { "ZIMHEALTH": "_123", "DISTRICT": "Makoni", "NAME": "Zambara", "FACILITY": "Clinic", "LONGTUDE": 31.96781, "LATITUDE": -18.24033, "F_ID": 5 }, "geometry": { "type": "Point", "coordinates": [ 31.96781, -18.24033 ] } },
{ "type": "Feature", "properties": { "ZIMHEALTH": "_124", "DISTRICT": "Makoni", "NAME": "Headlands", "FACILITY": "Clinic", "LONGTUDE": 32.03989, "LATITUDE": -18.28597, "F_ID": 5 }, "geometry": { "type": "Point", "coordinates": [ 32.03989, -18.28597 ] } },
{ "type": "Feature", "properties": { "ZIMHEALTH": "_125", "DISTRICT": "Makoni", "NAME": "Tandi", "FACILITY": "Clinic", "LONGTUDE": 32.02089, "LATITUDE": -18.56839, "F_ID": 5 }, "geometry": { "type": "Point", "coordinates": [ 32.02089, -18.56839 ] } },
{ "type": "Feature", "properties": { "ZIMHEALTH": "_126", "DISTRICT": "Makoni", "NAME": "Mubvurungwa", "FACILITY": "Clinic", "LONGTUDE": 31.93436, "LATITUDE": -18.53472, "F_ID": 5 }, "geometry": { "type": "Point", "coordinates": [ 31.93436, -18.53472 ] } },
{ "type": "Feature", "properties": { "ZIMHEALTH": "_127", "DISTRICT": "Makoni", "NAME": "St_Theresa", "FACILITY": "Mission_Hospital", "LONGTUDE": 31.91919, "LATITUDE": -18.58714, "F_ID": 3 }, "geometry": { "type": "Point", "coordinates": [ 31.91919, -18.58714 ] } },
{ "type": "Feature", "properties": { "ZIMHEALTH": "_128", "DISTRICT": "Makoni", "NAME": "Dowa", "FACILITY": "Clinic", "LONGTUDE": 31.80269, "LATITUDE": -18.52369, "F_ID": 5 }, "geometry": { "type": "Point", "coordinates": [ 31.80269, -18.52369 ] } },
{ "type": "Feature", "properties": { "ZIMHEALTH": "_129", "DISTRICT": "Makoni", "NAME": "Nedevedzo", "FACILITY": "Rural_Hospital", "LONGTUDE": 31.87492, "LATITUDE": -18.55028, "F_ID": 5 }, "geometry": { "type": "Point", "coordinates": [ 31.87492, -18.55028 ] } },
{ "type": "Feature", "properties": { "ZIMHEALTH": "_130", "DISTRICT": "Makoni", "NAME": "Masvosva", "FACILITY": "Rural_Health_Centre", "LONGTUDE": 31.85694, "LATITUDE": -18.70275, "F_ID": 6 }, "geometry": { "type": "Point", "coordinates": [ 31.85694, -18.70275 ] } },
{ "type": "Feature", "properties": { "ZIMHEALTH": "_131", "DISTRICT": "Makoni", "NAME": "Matsika", "FACILITY": "Clinic", "LONGTUDE": 31.95267, "LATITUDE": -18.70075, "F_ID": 5 }, "geometry": { "type": "Point", "coordinates": [ 31.95267, -18.70075 ] } },
{ "type": "Feature", "properties": { "ZIMHEALTH": "_132", "DISTRICT": "Makoni", "NAME": "Chiduku", "FACILITY": "Clinic", "LONGTUDE": 31.93475, "LATITUDE": -18.82058, "F_ID": 5 }, "geometry": { "type": "Point", "coordinates": [ 31.93475, -18.82058 ] } },
{ "type": "Feature", "properties": { "ZIMHEALTH": "_133", "DISTRICT": "Makoni", "NAME": "Mukamba", "FACILITY": "Clinic", "LONGTUDE": 32.00272, "LATITUDE": -18.86703, "F_ID": 5 }, "geometry": { "type": "Point", "coordinates": [ 32.00272, -18.86703 ] } },
{ "type": "Feature", "properties": { "ZIMHEALTH": "_134", "DISTRICT": "Makoni", "NAME": "Rukweza", "FACILITY": "Clinic", "LONGTUDE": 32.08378, "LATITUDE": -18.8045, "F_ID": 5 }, "geometry": { "type": "Point", "coordinates": [ 32.08378, -18.8045 ] } },
{ "type": "Feature", "properties": { "ZIMHEALTH": "_135", "DISTRICT": "Makoni", "NAME": "Tariro", "FACILITY": "Clinic", "LONGTUDE": 32.08394, "LATITUDE": -18.73558, "F_ID": 5 }, "geometry": { "type": "Point", "coordinates": [ 32.08394, -18.73558 ] } },
{ "type": "Feature", "properties": { "ZIMHEALTH": "_136", "DISTRICT": "Makoni", "NAME": "Katsenga", "FACILITY": "Rural_Health_Centre", "LONGTUDE": 32.00347, "LATITUDE": -18.72456, "F_ID": 6 }, "geometry": { "type": "Point", "coordinates": [ 32.00347, -18.72456 ] } },
{ "type": "Feature", "properties": { "ZIMHEALTH": "_137", "DISTRICT": "Makoni", "NAME": "Chinyadza", "FACILITY": "Clinic", "LONGTUDE": 32.02244, "LATITUDE": -18.67194, "F_ID": 5 }, "geometry": { "type": "Point", "coordinates": [ 32.02244, -18.67194 ] } },
{ "type": "Feature", "properties": { "ZIMHEALTH": "_138", "DISTRICT": "Makoni", "NAME": "Vengere", "FACILITY": "Clinic", "LONGTUDE": 32.11878, "LATITUDE": -18.55675, "F_ID": 5 }, "geometry": { "type": "Point", "coordinates": [ 32.11878, -18.55675 ] } },
{ "type": "Feature", "properties": { "ZIMHEALTH": "_139", "DISTRICT": "Makoni", "NAME": "Tsanzaguru", "FACILITY": "Clinic", "LONGTUDE": 32.10678, "LATITUDE": -18.61947, "F_ID": 5 }, "geometry": { "type": "Point", "coordinates": [ 32.10678, -18.61947 ] } },
{ "type": "Feature", "properties": { "ZIMHEALTH": "_140", "DISTRICT": "Makoni", "NAME": "Mavhudzi", "FACILITY": "Clinic", "LONGTUDE": 32.15614, "LATITUDE": -18.74053, "F_ID": 5 }, "geometry": { "type": "Point", "coordinates": [ 32.15614, -18.74053 ] } },
{ "type": "Feature", "properties": { "ZIMHEALTH": "_141", "DISTRICT": "Makoni", "NAME": "Nyazura", "FACILITY": "Clinic", "LONGTUDE": 32.17139, "LATITUDE": -18.72089, "F_ID": 5 }, "geometry": { "type": "Point", "coordinates": [ 32.17139, -18.72089 ] } },
{ "type": "Feature", "properties": { "ZIMHEALTH": "_142", "DISTRICT": "Makoni", "NAME": "Nyamidzi", "FACILITY": "Clinic", "LONGTUDE": 32.08722, "LATITUDE": -18.93989, "F_ID": 5 }, "geometry": { "type": "Point", "coordinates": [ 32.08722, -18.93989 ] } },
{ "type": "Feature", "properties": { "ZIMHEALTH": "_143", "DISTRICT": "Makoni", "NAME": "Chikobvore", "FACILITY": "Rural_Health_Centre", "LONGTUDE": 32.15672, "LATITUDE": -18.90203, "F_ID": 5 }, "geometry": { "type": "Point", "coordinates": [ 32.15672, -18.90203 ] } },
{ "type": "Feature", "properties": { "ZIMHEALTH": "_144", "DISTRICT": "Makoni", "NAME": "Nyazura", "FACILITY": "Mission_Clinic", "LONGTUDE": 32.22461, "LATITUDE": -18.75678, "F_ID": 5 }, "geometry": { "type": "Point", "coordinates": [ 32.22461, -18.75678 ] } },
{ "type": "Feature", "properties": { "ZIMHEALTH": "_145", "DISTRICT": "Makoni", "NAME": "Chiome", "FACILITY": "Clinic", "LONGTUDE": 32.28917, "LATITUDE": -18.14361, "F_ID": 5 }, "geometry": { "type": "Point", "coordinates": [ 32.28917, -18.14361 ] } },
{ "type": "Feature", "properties": { "ZIMHEALTH": "_146", "DISTRICT": "Mutare", "NAME": "Mutare", "FACILITY": "Provincial_Hosp", "LONGTUDE": 32.67047, "LATITUDE": -18.96972, "F_ID": 1 }, "geometry": { "type": "Point", "coordinates": [ 32.67047, -18.96972 ] } },
{ "type": "Feature", "properties": { "ZIMHEALTH": "_147", "DISTRICT": "Mutare", "NAME": "Florida", "FACILITY": "Clinic", "LONGTUDE": 32.65244, "LATITUDE": -18.97078, "F_ID": 5 }, "geometry": { "type": "Point", "coordinates": [ 32.65244, -18.97078 ] } },
{ "type": "Feature", "properties": { "ZIMHEALTH": "_148", "DISTRICT": "Mutare", "NAME": "Chikanga", "FACILITY": "Clinic", "LONGTUDE": 32.64108, "LATITUDE": -18.96889, "F_ID": 5 }, "geometry": { "type": "Point", "coordinates": [ 32.64108, -18.96889 ] } },
{ "type": "Feature", "properties": { "ZIMHEALTH": "_149", "DISTRICT": "Mutare", "NAME": "City_Clinic", "FACILITY": "Clinic", "LONGTUDE": 32.67075, "LATITUDE": -18.98767, "F_ID": 5 }, "geometry": { "type": "Point", "coordinates": [ 32.67075, -18.98767 ] } },
{ "type": "Feature", "properties": { "ZIMHEALTH": "_150", "DISTRICT": "Mutare", "NAME": "Sakubva", "FACILITY": "District_Hospital", "LONGTUDE": 32.65156, "LATITUDE": -18.98944, "F_ID": 2 }, "geometry": { "type": "Point", "coordinates": [ 32.65156, -18.98944 ] } },
{ "type": "Feature", "properties": { "ZIMHEALTH": "_151", "DISTRICT": "Mutare", "NAME": "Dangamvura", "FACILITY": "Clinic", "LONGTUDE": 32.60011, "LATITUDE": -19.00678, "F_ID": 5 }, "geometry": { "type": "Point", "coordinates": [ 32.60011, -19.00678 ] } },
{ "type": "Feature", "properties": { "ZIMHEALTH": "_152", "DISTRICT": "Mutare", "NAME": "Fernvalley", "FACILITY": "Clinic", "LONGTUDE": 32.65114, "LATITUDE": -19.03792, "F_ID": 5 }, "geometry": { "type": "Point", "coordinates": [ 32.65114, -19.03792 ] } },
{ "type": "Feature", "properties": { "ZIMHEALTH": "_153", "DISTRICT": "Mutare", "NAME": "Nyamazura", "FACILITY": "Rural_Health_Centre", "LONGTUDE": 32.41686, "LATITUDE": -18.88764, "F_ID": 6 }, "geometry": { "type": "Point", "coordinates": [ 32.41686, -18.88764 ] } },
{ "type": "Feature", "properties": { "ZIMHEALTH": "_154", "DISTRICT": "Mutare", "NAME": "Odzi", "FACILITY": "Rural_Hosp.", "LONGTUDE": 32.38897, "LATITUDE": -18.96922, "F_ID": 5 }, "geometry": { "type": "Point", "coordinates": [ 32.38897, -18.96922 ] } },
{ "type": "Feature", "properties": { "ZIMHEALTH": "_155", "DISTRICT": "Mutare", "NAME": "Chiwere", "FACILITY": "Rural_Health_Centre", "LONGTUDE": 32.25064, "LATITUDE": -19.03914, "F_ID": 6 }, "geometry": { "type": "Point", "coordinates": [ 32.25064, -19.03914 ] } },
{ "type": "Feature", "properties": { "ZIMHEALTH": "_156", "DISTRICT": "Mutare", "NAME": "Mt_Zuma", "FACILITY": "Rural_Health_Centre", "LONGTUDE": 32.13581, "LATITUDE": -19.10497, "F_ID": 6 }, "geometry": { "type": "Point", "coordinates": [ 32.13581, -19.10497 ] } },
{ "type": "Feature", "properties": { "ZIMHEALTH": "_157", "DISTRICT": "Mutare", "NAME": "Gwindingwi", "FACILITY": "Rural_Health_Centre", "LONGTUDE": 32.17253, "LATITUDE": -19.2565, "F_ID": 6 }, "geometry": { "type": "Point", "coordinates": [ 32.17253, -19.2565 ] } },
{ "type": "Feature", "properties": { "ZIMHEALTH": "_158", "DISTRICT": "Mutare", "NAME": "Chipfatsura", "FACILITY": "Clinic", "LONGTUDE": 32.28536, "LATITUDE": -19.17347, "F_ID": 5 }, "geometry": { "type": "Point", "coordinates": [ 32.28536, -19.17347 ] } },
{ "type": "Feature", "properties": { "ZIMHEALTH": "_159", "DISTRICT": "Mutare", "NAME": "Nyagundi", "FACILITY": "Rural_Health_Centre", "LONGTUDE": 32.36872, "LATITUDE": -19.11756, "F_ID": 6 }, "geometry": { "type": "Point", "coordinates": [ 32.36872, -19.11756 ] } },
{ "type": "Feature", "properties": { "ZIMHEALTH": "_160", "DISTRICT": "Mutare", "NAME": "Mushunje", "FACILITY": "Clinic", "LONGTUDE": 32.44081, "LATITUDE": -19.16811, "F_ID": 5 }, "geometry": { "type": "Point", "coordinates": [ 32.44081, -19.16811 ] } },
{ "type": "Feature", "properties": { "ZIMHEALTH": "_161", "DISTRICT": "Mutare", "NAME": "Berzerly_Bridge", "FACILITY": "clinic", "LONGTUDE": 32.48928, "LATITUDE": -19.25094, "F_ID": 5 }, "geometry": { "type": "Point", "coordinates": [ 32.48928, -19.25094 ] } },
{ "type": "Feature", "properties": { "ZIMHEALTH": "_162", "DISTRICT": "Mutare", "NAME": "Rowa", "FACILITY": "clinic", "LONGTUDE": 32.62436, "LATITUDE": -19.16856, "F_ID": 5 }, "geometry": { "type": "Point", "coordinates": [ 32.62436, -19.16856 ] } },
{ "type": "Feature", "properties": { "ZIMHEALTH": "_163", "DISTRICT": "Mutare", "NAME": "Zimunya", "FACILITY": "clinic", "LONGTUDE": 32.62342, "LATITUDE": -19.10036, "F_ID": 5 }, "geometry": { "type": "Point", "coordinates": [ 32.62342, -19.10036 ] } },
{ "type": "Feature", "properties": { "ZIMHEALTH": "_164", "DISTRICT": "Mutare", "NAME": "Bvumba", "FACILITY": "Private_Clinic", "LONGTUDE": 32.81994, "LATITUDE": -19.05786, "F_ID": 7 }, "geometry": { "type": "Point", "coordinates": [ 32.81994, -19.05786 ] } },
{ "type": "Feature", "properties": { "ZIMHEALTH": "_165", "DISTRICT": "Mutare", "NAME": "Burma_Valley", "FACILITY": "clinic", "LONGTUDE": 32.80686, "LATITUDE": -19.20719, "F_ID": 5 }, "geometry": { "type": "Point", "coordinates": [ 32.80686, -19.20719 ] } },
{ "type": "Feature", "properties": { "ZIMHEALTH": "_166", "DISTRICT": "Mutare", "NAME": "Chitakatira", "FACILITY": "Govt_Clinic", "LONGTUDE": 32.68661, "LATITUDE": -19.13406, "F_ID": 5 }, "geometry": { "type": "Point", "coordinates": [ 32.68661, -19.13406 ] } },
{ "type": "Feature", "properties": { "ZIMHEALTH": "_167", "DISTRICT": "Mutare", "NAME": "Mambwere", "FACILITY": "clinic", "LONGTUDE": 32.63514, "LATITUDE": -19.28447, "F_ID": 5 }, "geometry": { "type": "Point", "coordinates": [ 32.63514, -19.28447 ] } },
{ "type": "Feature", "properties": { "ZIMHEALTH": "_168", "DISTRICT": "Mutare", "NAME": "Chitora", "FACILITY": "Under_Constraction", "LONGTUDE": 32.62314, "LATITUDE": -19.34144, "F_ID": 8 }, "geometry": { "type": "Point", "coordinates": [ 32.62314, -19.34144 ] } },
{ "type": "Feature", "properties": { "ZIMHEALTH": "_169", "DISTRICT": "Mutare", "NAME": "Chipendeke", "FACILITY": "Rural_Health_Centre", "LONGTUDE": 32.70406, "LATITUDE": -19.32369, "F_ID": 6 }, "geometry": { "type": "Point", "coordinates": [ 32.70406, -19.32369 ] } },
{ "type": "Feature", "properties": { "ZIMHEALTH": "_170", "DISTRICT": "Mutare", "NAME": "Gutaurare", "FACILITY": "Rural_Health_Centre", "LONGTUDE": 32.61811, "LATITUDE": -19.37139, "F_ID": 6 }, "geometry": { "type": "Point", "coordinates": [ 32.61811, -19.37139 ] } },
{ "type": "Feature", "properties": { "ZIMHEALTH": "_171", "DISTRICT": "Mutare", "NAME": "Muromo", "FACILITY": "Rural_Health_Centre", "LONGTUDE": 32.55639, "LATITUDE": -19.38897, "F_ID": 6 }, "geometry": { "type": "Point", "coordinates": [ 32.55639, -19.38897 ] } },
{ "type": "Feature", "properties": { "ZIMHEALTH": "_172", "DISTRICT": "Mutare", "NAME": "Bakorenhema", "FACILITY": "Govt_Clinic", "LONGTUDE": 32.35144, "LATITUDE": -19.30542, "F_ID": 5 }, "geometry": { "type": "Point", "coordinates": [ 32.35144, -19.30542 ] } },
{ "type": "Feature", "properties": { "ZIMHEALTH": "_173", "DISTRICT": "Mutare", "NAME": "Chikwariro", "FACILITY": "Mission_Hospital", "LONGTUDE": 32.30678, "LATITUDE": -19.33714, "F_ID": 3 }, "geometry": { "type": "Point", "coordinates": [ 32.30678, -19.33714 ] } },
{ "type": "Feature", "properties": { "ZIMHEALTH": "_174", "DISTRICT": "Mutare", "NAME": "Marange", "FACILITY": "Rural_Hospital", "LONGTUDE": 32.27425, "LATITUDE": -19.25336, "F_ID": 5 }, "geometry": { "type": "Point", "coordinates": [ 32.27425, -19.25336 ] } },
{ "type": "Feature", "properties": { "ZIMHEALTH": "_175", "DISTRICT": "Mutare", "NAME": "Zvipiripiri", "FACILITY": "Clinic", "LONGTUDE": 32.19103, "LATITUDE": -19.33794, "F_ID": 5 }, "geometry": { "type": "Point", "coordinates": [ 32.19103, -19.33794 ] } },
{ "type": "Feature", "properties": { "ZIMHEALTH": "_176", "DISTRICT": "Mutare", "NAME": "Mavhiza", "FACILITY": "Clinic", "LONGTUDE": 32.23869, "LATITUDE": -19.50536, "F_ID": 5 }, "geometry": { "type": "Point", "coordinates": [ 32.23869, -19.50536 ] } },
{ "type": "Feature", "properties": { "ZIMHEALTH": "_177", "DISTRICT": "Mutare", "NAME": "Mukwada", "FACILITY": "clinic", "LONGTUDE": 32.35536, "LATITUDE": -19.52181, "F_ID": 5 }, "geometry": { "type": "Point", "coordinates": [ 32.35536, -19.52181 ] } },
{ "type": "Feature", "properties": { "ZIMHEALTH": "_178", "DISTRICT": "Mutare", "NAME": "Chiadzwa", "FACILITY": "Rural_Health_Centre", "LONGTUDE": 32.33739, "LATITUDE": -19.61906, "F_ID": 6 }, "geometry": { "type": "Point", "coordinates": [ 32.33739, -19.61906 ] } },
{ "type": "Feature", "properties": { "ZIMHEALTH": "_179", "DISTRICT": "Mutare", "NAME": "Chishingwi", "FACILITY": "Clinic", "LONGTUDE": 32.40556, "LATITUDE": -19.603, "F_ID": 5 }, "geometry": { "type": "Point", "coordinates": [ 32.40556, -19.603 ] } },
{ "type": "Feature", "properties": { "ZIMHEALTH": "_180", "DISTRICT": "Mutare", "NAME": "Masasi", "FACILITY": "clinic", "LONGTUDE": 32.42431, "LATITUDE": -19.43903, "F_ID": 5 }, "geometry": { "type": "Point", "coordinates": [ 32.42431, -19.43903 ] } },
{ "type": "Feature", "properties": { "ZIMHEALTH": "_181", "DISTRICT": "Mutare", "NAME": "Bwizi", "FACILITY": "clinic", "LONGTUDE": 32.43558, "LATITUDE": -19.35569, "F_ID": 5 }, "geometry": { "type": "Point", "coordinates": [ 32.43558, -19.35569 ] } },
{ "type": "Feature", "properties": { "ZIMHEALTH": "_182", "DISTRICT": "Mutare", "NAME": "St_Andrews", "FACILITY": "Mission_Hospital", "LONGTUDE": 32.34072, "LATITUDE": -19.42161, "F_ID": 3 }, "geometry": { "type": "Point", "coordinates": [ 32.34072, -19.42161 ] } },
{ "type": "Feature", "properties": { "ZIMHEALTH": "_183", "DISTRICT": "Mutare", "NAME": "Nzvenga", "FACILITY": "clinic", "LONGTUDE": 32.37125, "LATITUDE": -19.35089, "F_ID": 5 }, "geometry": { "type": "Point", "coordinates": [ 32.37125, -19.35089 ] } },
{ "type": "Feature", "properties": { "ZIMHEALTH": "_184", "DISTRICT": "Mutare", "NAME": "Dora", "FACILITY": "clinic", "LONGTUDE": 32.52222, "LATITUDE": -19.07036, "F_ID": 5 }, "geometry": { "type": "Point", "coordinates": [ 32.52222, -19.07036 ] } },
{ "type": "Feature", "properties": { "ZIMHEALTH": "_185", "DISTRICT": "Mutare", "NAME": "Chitaka", "FACILITY": "clinic", "LONGTUDE": 32.48403, "LATITUDE": -19.12181, "F_ID": 5 }, "geometry": { "type": "Point", "coordinates": [ 32.48403, -19.12181 ] } },
{ "type": "Feature", "properties": { "ZIMHEALTH": "_186", "DISTRICT": "Mutare", "NAME": "Zumbare", "FACILITY": "clinic", "LONGTUDE": 32.15258, "LATITUDE": -19.22053, "F_ID": 5 }, "geometry": { "type": "Point", "coordinates": [ 32.15258, -19.22053 ] } },
{ "type": "Feature", "properties": { "ZIMHEALTH": "_187", "DISTRICT": "Mutasa", "NAME": "Mutasa", "FACILITY": "Council_Clinic", "LONGTUDE": 32.65394, "LATITUDE": -18.55447, "F_ID": 5 }, "geometry": { "type": "Point", "coordinates": [ 32.65394, -18.55447 ] } },
{ "type": "Feature", "properties": { "ZIMHEALTH": "_188", "DISTRICT": "Mutasa", "NAME": "Bonda", "FACILITY": "Mission_Hospital", "LONGTUDE": 32.60339, "LATITUDE": -18.45428, "F_ID": 3 }, "geometry": { "type": "Point", "coordinates": [ 32.60339, -18.45428 ] } },
{ "type": "Feature", "properties": { "ZIMHEALTH": "_189", "DISTRICT": "Mutasa", "NAME": "Sadziwa", "FACILITY": "Council_Clinic", "LONGTUDE": 32.55828, "LATITUDE": -18.50056, "F_ID": 5 }, "geometry": { "type": "Point", "coordinates": [ 32.55828, -18.50056 ] } },
{ "type": "Feature", "properties": { "ZIMHEALTH": "_190", "DISTRICT": "Mutasa", "NAME": "Triashill", "FACILITY": "Mission_hospital", "LONGTUDE": 32.47303, "LATITUDE": -18.43531, "F_ID": 3 }, "geometry": { "type": "Point", "coordinates": [ 32.47303, -18.43531 ] } },
{ "type": "Feature", "properties": { "ZIMHEALTH": "_191", "DISTRICT": "Mutasa", "NAME": "St_Barbaras", "FACILITY": "Mission_hospital", "LONGTUDE": 32.47353, "LATITUDE": -18.50311, "F_ID": 3 }, "geometry": { "type": "Point", "coordinates": [ 32.47353, -18.50311 ] } },
{ "type": "Feature", "properties": { "ZIMHEALTH": "_192", "DISTRICT": "Mutasa", "NAME": "Haparare", "FACILITY": "Council_Clinic", "LONGTUDE": 32.47261, "LATITUDE": -18.60322, "F_ID": 5 }, "geometry": { "type": "Point", "coordinates": [ 32.47261, -18.60322 ] } },
{ "type": "Feature", "properties": { "ZIMHEALTH": "_193", "DISTRICT": "Mutasa", "NAME": "Sherukuru", "FACILITY": "Rural_Health_Centre", "LONGTUDE": 32.53636, "LATITUDE": -18.64078, "F_ID": 6 }, "geometry": { "type": "Point", "coordinates": [ 32.53636, -18.64078 ] } },
{ "type": "Feature", "properties": { "ZIMHEALTH": "_194", "DISTRICT": "Mutasa", "NAME": "Tsonzo", "FACILITY": "Rural_Hospital", "LONGTUDE": 32.60325, "LATITUDE": -18.68836, "F_ID": 5 }, "geometry": { "type": "Point", "coordinates": [ 32.60325, -18.68836 ] } },
{ "type": "Feature", "properties": { "ZIMHEALTH": "_195", "DISTRICT": "Mutasa", "NAME": "Zongoro", "FACILITY": "Council_Clinic", "LONGTUDE": 32.58778, "LATITUDE": -18.78931, "F_ID": 5 }, "geometry": { "type": "Point", "coordinates": [ 32.58778, -18.78931 ] } },
{ "type": "Feature", "properties": { "ZIMHEALTH": "_196", "DISTRICT": "Mutasa", "NAME": "Mt_Jenya", "FACILITY": "Council_Clinic", "LONGTUDE": 32.50264, "LATITUDE": -18.75283, "F_ID": 5 }, "geometry": { "type": "Point", "coordinates": [ 32.50264, -18.75283 ] } },
{ "type": "Feature", "properties": { "ZIMHEALTH": "_197", "DISTRICT": "Mutasa", "NAME": "Old_Mutare", "FACILITY": "Mission_Hospital", "LONGTUDE": 32.58803, "LATITUDE": -18.90747, "F_ID": 3 }, "geometry": { "type": "Point", "coordinates": [ 32.58803, -18.90747 ] } },
{ "type": "Feature", "properties": { "ZIMHEALTH": "_198", "DISTRICT": "Mutasa", "NAME": "Fitc", "FACILITY": "Private-Forestry", "LONGTUDE": 32.62336, "LATITUDE": -18.93539, "F_ID": 7 }, "geometry": { "type": "Point", "coordinates": [ 32.62336, -18.93539 ] } },
{ "type": "Feature", "properties": { "ZIMHEALTH": "_199", "DISTRICT": "Mutasa", "NAME": "Imbeza", "FACILITY": "Private-Border_Timbers", "LONGTUDE": 32.72117, "LATITUDE": -18.92272, "F_ID": 7 }, "geometry": { "type": "Point", "coordinates": [ 32.72117, -18.92272 ] } },
{ "type": "Feature", "properties": { "ZIMHEALTH": "_200", "DISTRICT": "Mutasa", "NAME": "St_Augustines", "FACILITY": "Mission_Clinic", "LONGTUDE": 32.6555, "LATITUDE": -18.87431, "F_ID": 5 }, "geometry": { "type": "Point", "coordinates": [ 32.6555, -18.87431 ] } },
{ "type": "Feature", "properties": { "ZIMHEALTH": "_201", "DISTRICT": "Mutasa", "NAME": "Red_Wing", "FACILITY": "Private-Mine", "LONGTUDE": 32.67214, "LATITUDE": -18.871, "F_ID": 7 }, "geometry": { "type": "Point", "coordinates": [ 32.67214, -18.871 ] } },
{ "type": "Feature", "properties": { "ZIMHEALTH": "_202", "DISTRICT": "Mutasa", "NAME": "Stapleford", "FACILITY": "Private-Forestry", "LONGTUDE": 32.82181, "LATITUDE": -18.74047, "F_ID": 7 }, "geometry": { "type": "Point", "coordinates": [ 32.82181, -18.74047 ] } },
{ "type": "Feature", "properties": { "ZIMHEALTH": "_203", "DISTRICT": "Mutasa", "NAME": "Sheba", "FACILITY": "Private-Border_Timbers", "LONGTUDE": 32.80481, "LATITUDE": -18.77103, "F_ID": 7 }, "geometry": { "type": "Point", "coordinates": [ 32.80481, -18.77103 ] } },
{ "type": "Feature", "properties": { "ZIMHEALTH": "_204", "DISTRICT": "Mutasa", "NAME": "Drenane", "FACILITY": "Private-Border_Timbers", "LONGTUDE": 32.70675, "LATITUDE": -18.76931, "F_ID": 7 }, "geometry": { "type": "Point", "coordinates": [ 32.70675, -18.76931 ] } },
{ "type": "Feature", "properties": { "ZIMHEALTH": "_205", "DISTRICT": "Mutasa", "NAME": "Guta", "FACILITY": "Council_Clinic", "LONGTUDE": 32.65294, "LATITUDE": -18.74136, "F_ID": 5 }, "geometry": { "type": "Point", "coordinates": [ 32.65294, -18.74136 ] } },
{ "type": "Feature", "properties": { "ZIMHEALTH": "_206", "DISTRICT": "Mutasa", "NAME": "Moyoweshumba", "FACILITY": "Council_Clinic", "LONGTUDE": 32.67236, "LATITUDE": -18.67472, "F_ID": 5 }, "geometry": { "type": "Point", "coordinates": [ 32.67236, -18.67472 ] } },
{ "type": "Feature", "properties": { "ZIMHEALTH": "_207", "DISTRICT": "Mutasa", "NAME": "Jombe", "FACILITY": "Govt_Clinic", "LONGTUDE": 32.70233, "LATITUDE": -18.63772, "F_ID": 5 }, "geometry": { "type": "Point", "coordinates": [ 32.70233, -18.63772 ] } },
{ "type": "Feature", "properties": { "ZIMHEALTH": "_208", "DISTRICT": "Mutasa", "NAME": "Honde", "FACILITY": "Mission_Hospital", "LONGTUDE": 32.76975, "LATITUDE": -18.60322, "F_ID": 3 }, "geometry": { "type": "Point", "coordinates": [ 32.76975, -18.60322 ] } },
{ "type": "Feature", "properties": { "ZIMHEALTH": "_209", "DISTRICT": "Mutasa", "NAME": "Samaringa", "FACILITY": "Council_clinic", "LONGTUDE": 32.78431, "LATITUDE": -18.62308, "F_ID": 5 }, "geometry": { "type": "Point", "coordinates": [ 32.78431, -18.62308 ] } },
{ "type": "Feature", "properties": { "ZIMHEALTH": "_210", "DISTRICT": "Mutasa", "NAME": "Mupotedzi", "FACILITY": "Govt_Clinic", "LONGTUDE": 32.80147, "LATITUDE": -18.57139, "F_ID": 5 }, "geometry": { "type": "Point", "coordinates": [ 32.80147, -18.57139 ] } },
{ "type": "Feature", "properties": { "ZIMHEALTH": "_211", "DISTRICT": "Mutasa", "NAME": "Sahumani", "FACILITY": "Council_Clinic", "LONGTUDE": 32.82028, "LATITUDE": -18.55569, "F_ID": 5 }, "geometry": { "type": "Point", "coordinates": [ 32.82028, -18.55569 ] } },
{ "type": "Feature", "properties": { "ZIMHEALTH": "_212", "DISTRICT": "Mutasa", "NAME": "Chitombo", "FACILITY": "Council_Clinic", "LONGTUDE": 32.78975, "LATITUDE": -18.55269, "F_ID": 5 }, "geometry": { "type": "Point", "coordinates": [ 32.78975, -18.55269 ] } },
{ "type": "Feature", "properties": { "ZIMHEALTH": "_213", "DISTRICT": "Mutasa", "NAME": "Samanga", "FACILITY": "Council_clinic", "LONGTUDE": 32.75528, "LATITUDE": -18.53369, "F_ID": 5 }, "geometry": { "type": "Point", "coordinates": [ 32.75528, -18.53369 ] } },
{ "type": "Feature", "properties": { "ZIMHEALTH": "_214", "DISTRICT": "Mutasa", "NAME": "Mapara", "FACILITY": "Govt_Clinic", "LONGTUDE": 32.65219, "LATITUDE": -18.78369, "F_ID": 5 }, "geometry": { "type": "Point", "coordinates": [ 32.65219, -18.78369 ] } },
{ "type": "Feature", "properties": { "ZIMHEALTH": "_215", "DISTRICT": "Mutasa", "NAME": "Sakupwanya", "FACILITY": "Council_Clinic", "LONGTUDE": 32.65561, "LATITUDE": -18.60747, "F_ID": 5 }, "geometry": { "type": "Point", "coordinates": [ 32.65561, -18.60747 ] } },
{ "type": "Feature", "properties": { "ZIMHEALTH": "_216", "DISTRICT": "Mutasa", "NAME": "Selborne", "FACILITY": "Private-Waltle_Company", "LONGTUDE": 32.65764, "LATITUDE": -18.53556, "F_ID": 7 }, "geometry": { "type": "Point", "coordinates": [ 32.65764, -18.53556 ] } },
{ "type": "Feature", "properties": { "ZIMHEALTH": "_217", "DISTRICT": "Mutasa", "NAME": "Ngarura", "FACILITY": "Council_clinic", "LONGTUDE": 32.87153, "LATITUDE": -18.58803, "F_ID": 5 }, "geometry": { "type": "Point", "coordinates": [ 32.87153, -18.58803 ] } },
{ "type": "Feature", "properties": { "ZIMHEALTH": "_218", "DISTRICT": "Mutasa", "NAME": "Rupinda", "FACILITY": "Rural_Health_Centre", "LONGTUDE": 32.85656, "LATITUDE": -18.63775, "F_ID": 6 }, "geometry": { "type": "Point", "coordinates": [ 32.85656, -18.63775 ] } },
{ "type": "Feature", "properties": { "ZIMHEALTH": "_219", "DISTRICT": "Mutasa", "NAME": "Hauna", "FACILITY": "District_Hospital", "LONGTUDE": 32.85197, "LATITUDE": -18.49153, "F_ID": 2 }, "geometry": { "type": "Point", "coordinates": [ 32.85197, -18.49153 ] } },
{ "type": "Feature", "properties": { "ZIMHEALTH": "_220", "DISTRICT": "Mutasa", "NAME": "Hauna", "FACILITY": "Clinic", "LONGTUDE": 32.85083, "LATITUDE": -18.502, "F_ID": 5 }, "geometry": { "type": "Point", "coordinates": [ 32.85083, -18.502 ] } },
{ "type": "Feature", "properties": { "ZIMHEALTH": "_221", "DISTRICT": "Mutasa", "NAME": "St_Peter's_Mandeya", "FACILITY": "Mission_Hospital", "LONGTUDE": 32.93997, "LATITUDE": -18.45806, "F_ID": 3 }, "geometry": { "type": "Point", "coordinates": [ 32.93997, -18.45806 ] } },
{ "type": "Feature", "properties": { "ZIMHEALTH": "_222", "DISTRICT": "Mutasa", "NAME": "Mundeya", "FACILITY": "Clinic", "LONGTUDE": 32.98958, "LATITUDE": -18.4225, "F_ID": 5 }, "geometry": { "type": "Point", "coordinates": [ 32.98958, -18.4225 ] } },
{ "type": "Feature", "properties": { "ZIMHEALTH": "_223", "DISTRICT": "Mutasa", "NAME": "Ruda", "FACILITY": "Clinic", "LONGTUDE": 32.87478, "LATITUDE": -18.48797, "F_ID": 5 }, "geometry": { "type": "Point", "coordinates": [ 32.87478, -18.48797 ] } },
{ "type": "Feature", "properties": { "ZIMHEALTH": "_224", "DISTRICT": "Mutasa", "NAME": "Gatsi", "FACILITY": "Mission_Clinic", "LONGTUDE": 32.81786, "LATITUDE": -18.52333, "F_ID": 5 }, "geometry": { "type": "Point", "coordinates": [ 32.81786, -18.52333 ] } },
{ "type": "Feature", "properties": { "ZIMHEALTH": "_225", "DISTRICT": "Mutasa", "NAME": "Zindi", "FACILITY": "Clinic", "LONGTUDE": 32.93636, "LATITUDE": -18.38922, "F_ID": 5 }, "geometry": { "type": "Point", "coordinates": [ 32.93636, -18.38922 ] } },
{ "type": "Feature", "properties": { "ZIMHEALTH": "_226", "DISTRICT": "Mutasa", "NAME": "Eastern_Highlands1", "FACILITY": "Private-Tanganda", "LONGTUDE": 32.91736, "LATITUDE": -18.35033, "F_ID": 7 }, "geometry": { "type": "Point", "coordinates": [ 32.91736, -18.35033 ] } },
{ "type": "Feature", "properties": { "ZIMHEALTH": "_227", "DISTRICT": "Mutasa", "NAME": "Eastern_Highlands5", "FACILITY": "Private-Tanganda", "LONGTUDE": 32.95181, "LATITUDE": -18.35414, "F_ID": 7 }, "geometry": { "type": "Point", "coordinates": [ 32.95181, -18.35414 ] } },
{ "type": "Feature", "properties": { "ZIMHEALTH": "_228", "DISTRICT": "Mutasa", "NAME": "Katiyo", "FACILITY": "Private-Tanganda", "LONGTUDE": 33.03453, "LATITUDE": -18.37128, "F_ID": 7 }, "geometry": { "type": "Point", "coordinates": [ 33.03453, -18.37128 ] } },
{ "type": "Feature", "properties": { "ZIMHEALTH": "_229", "DISTRICT": "Mutasa", "NAME": "Chisuko", "FACILITY": "Council_Clinic", "LONGTUDE": 33.00214, "LATITUDE": -18.38981, "F_ID": 5 }, "geometry": { "type": "Point", "coordinates": [ 33.00214, -18.38981 ] } },
{ "type": "Feature", "properties": { "ZIMHEALTH": "_230", "DISTRICT": "Mutasa", "NAME": "Sagambe", "FACILITY": "Council_Clinic", "LONGTUDE": 33.00286, "LATITUDE": -18.32481, "F_ID": 5 }, "geometry": { "type": "Point", "coordinates": [ 33.00286, -18.32481 ] } },
{ "type": "Feature", "properties": { "ZIMHEALTH": "_231", "DISTRICT": "Mutasa", "NAME": "Eastern", "FACILITY": "Private-Tanganda", "LONGTUDE": 32.96814, "LATITUDE": -18.34042, "F_ID": 7 }, "geometry": { "type": "Point", "coordinates": [ 32.96814, -18.34042 ] } },
{ "type": "Feature", "properties": { "ZIMHEALTH": "_232", "DISTRICT": "Mutasa", "NAME": "Arbourfoyle", "FACILITY": "Private", "LONGTUDE": 32.96711, "LATITUDE": -18.30217, "F_ID": 7 }, "geometry": { "type": "Point", "coordinates": [ 32.96711, -18.30217 ] } },
{ "type": "Feature", "properties": { "ZIMHEALTH": "_233", "DISTRICT": "Mutasa", "NAME": "Chavhanga", "FACILITY": "Rural_Health_Centre", "LONGTUDE": 33.00322, "LATITUDE": -18.23625, "F_ID": 6 }, "geometry": { "type": "Point", "coordinates": [ 33.00322, -18.23625 ] } },
{ "type": "Feature", "properties": { "ZIMHEALTH": "_234", "DISTRICT": "Nyanga", "NAME": "Nyanga", "FACILITY": "District_Hospital", "LONGTUDE": 32.75753, "LATITUDE": -18.22828, "F_ID": 2 }, "geometry": { "type": "Point", "coordinates": [ 32.75753, -18.22828 ] } },
{ "type": "Feature", "properties": { "ZIMHEALTH": "_235", "DISTRICT": "Nyanga", "NAME": "Nyatate", "FACILITY": "Council_clinic", "LONGTUDE": 32.67203, "LATITUDE": -18.01797, "F_ID": 5 }, "geometry": { "type": "Point", "coordinates": [ 32.67203, -18.01797 ] } },
{ "type": "Feature", "properties": { "ZIMHEALTH": "_236", "DISTRICT": "Nyanga", "NAME": "Nyautate", "FACILITY": "Rural_health_Centre", "LONGTUDE": 32.65503, "LATITUDE": -17.84089, "F_ID": 6 }, "geometry": { "type": "Point", "coordinates": [ 32.65503, -17.84089 ] } },
{ "type": "Feature", "properties": { "ZIMHEALTH": "_237", "DISTRICT": "Nyanga", "NAME": "Nyamombe", "FACILITY": "Rural_health_Centre", "LONGTUDE": 32.55833, "LATITUDE": -17.75681, "F_ID": 6 }, "geometry": { "type": "Point", "coordinates": [ 32.55833, -17.75681 ] } },
{ "type": "Feature", "properties": { "ZIMHEALTH": "_238", "DISTRICT": "Nyanga", "NAME": "Gotekote", "FACILITY": "Rural_health_Centre", "LONGTUDE": 32.67319, "LATITUDE": -17.71917, "F_ID": 6 }, "geometry": { "type": "Point", "coordinates": [ 32.67319, -17.71917 ] } },
{ "type": "Feature", "properties": { "ZIMHEALTH": "_239", "DISTRICT": "Nyanga", "NAME": "Dombo", "FACILITY": "Rural_health_Centre", "LONGTUDE": 32.43803, "LATITUDE": -18.35139, "F_ID": 6 }, "geometry": { "type": "Point", "coordinates": [ 32.43803, -18.35139 ] } },
{ "type": "Feature", "properties": { "ZIMHEALTH": "_240", "DISTRICT": "Nyanga", "NAME": "Erin", "FACILITY": "Forestry-Private", "LONGTUDE": 32.70222, "LATITUDE": -18.3835, "F_ID": 7 }, "geometry": { "type": "Point", "coordinates": [ 32.70222, -18.3835 ] } },
{ "type": "Feature", "properties": { "ZIMHEALTH": "_241", "DISTRICT": "Nyanga", "NAME": "Elim", "FACILITY": "Mission_Hospital", "LONGTUDE": 32.78956, "LATITUDE": -17.60311, "F_ID": 3 }, "geometry": { "type": "Point", "coordinates": [ 32.78956, -17.60311 ] } },
{ "type": "Feature", "properties": { "ZIMHEALTH": "_242", "DISTRICT": "Nyanga", "NAME": "Avilla", "FACILITY": "Mission_Hospital", "LONGTUDE": 32.78697, "LATITUDE": -17.46947, "F_ID": 3 }, "geometry": { "type": "Point", "coordinates": [ 32.78697, -17.46947 ] } },
{ "type": "Feature", "properties": { "ZIMHEALTH": "_243", "DISTRICT": "Nyanga", "NAME": "Fombe", "FACILITY": "Council_Clinic", "LONGTUDE": 32.99075, "LATITUDE": -17.33472, "F_ID": 5 }, "geometry": { "type": "Point", "coordinates": [ 32.99075, -17.33472 ] } },
{ "type": "Feature", "properties": { "ZIMHEALTH": "_244", "DISTRICT": "Nyanga", "NAME": "Kambudzi", "FACILITY": "Conucil_Not_Open", "LONGTUDE": 32.86797, "LATITUDE": -17.78936, "F_ID": 7 }, "geometry": { "type": "Point", "coordinates": [ 32.86797, -17.78936 ] } },
{ "type": "Feature", "properties": { "ZIMHEALTH": "_245", "DISTRICT": "Nyanga", "NAME": "Nyangui", "FACILITY": "Forestry-Private", "LONGTUDE": 32.78536, "LATITUDE": -18.02061, "F_ID": 7 }, "geometry": { "type": "Point", "coordinates": [ 32.78536, -18.02061 ] } },
{ "type": "Feature", "properties": { "ZIMHEALTH": "_246", "DISTRICT": "Nyanga", "NAME": "Ruchera", "FACILITY": "Rural_health_Centre", "LONGTUDE": 32.55397, "LATITUDE": -18.11878, "F_ID": 6 }, "geometry": { "type": "Point", "coordinates": [ 32.55397, -18.11878 ] } },
{ "type": "Feature", "properties": { "ZIMHEALTH": "_247", "DISTRICT": "Nyanga", "NAME": "Nyarumvurwe", "FACILITY": "Rural_health_Centre", "LONGTUDE": 32.6575, "LATITUDE": -18.2235, "F_ID": 6 }, "geometry": { "type": "Point", "coordinates": [ 32.6575, -18.2235 ] } },
{ "type": "Feature", "properties": { "ZIMHEALTH": "_248", "DISTRICT": "Nyanga", "NAME": "Mt_Mellary", "FACILITY": "Mission_Hospital", "LONGTUDE": 32.73578, "LATITUDE": -17.97469, "F_ID": 3 }, "geometry": { "type": "Point", "coordinates": [ 32.73578, -17.97469 ] } },
{ "type": "Feature", "properties": { "ZIMHEALTH": "_249", "DISTRICT": "Nyanga", "NAME": "Samvure", "FACILITY": "Council_Clinic", "LONGTUDE": 32.97139, "LATITUDE": -17.71872, "F_ID": 5 }, "geometry": { "type": "Point", "coordinates": [ 32.97139, -17.71872 ] } },
{ "type": "Feature", "properties": { "ZIMHEALTH": "_250", "DISTRICT": "Nyanga", "NAME": "Chiwarira", "FACILITY": "Council_Clinic", "LONGTUDE": 31.57186, "LATITUDE": -17.15781, "F_ID": 5 }, "geometry": { "type": "Point", "coordinates": [ 31.57186, -17.15781 ] } },
{ "type": "Feature", "properties": { "ZIMHEALTH": "_251", "DISTRICT": "Nyanga", "NAME": "Matize", "FACILITY": "Rural_health_Centre", "LONGTUDE": 32.92386, "LATITUDE": -17.57161, "F_ID": 6 }, "geometry": { "type": "Point", "coordinates": [ 32.92386, -17.57161 ] } },
{ "type": "Feature", "properties": { "ZIMHEALTH": "_252", "DISTRICT": "Nyanga", "NAME": "Nyadowa", "FACILITY": "Council_Clinic", "LONGTUDE": 32.92172, "LATITUDE": -17.75789, "F_ID": 5 }, "geometry": { "type": "Point", "coordinates": [ 32.92172, -17.75789 ] } },
{ "type": "Feature", "properties": { "ZIMHEALTH": "_253", "DISTRICT": "Nyanga", "NAME": "Chitindo", "FACILITY": "Council_Clinic", "LONGTUDE": 32.98422, "LATITUDE": -17.79064, "F_ID": 5 }, "geometry": { "type": "Point", "coordinates": [ 32.98422, -17.79064 ] } },
{ "type": "Feature", "properties": { "ZIMHEALTH": "_254", "DISTRICT": "Nyanga", "NAME": "Gairezi", "FACILITY": "Council_Clinic", "LONGTUDE": 32.95472, "LATITUDE": -18.10139, "F_ID": 5 }, "geometry": { "type": "Point", "coordinates": [ 32.95472, -18.10139 ] } },
{ "type": "Feature", "properties": { "ZIMHEALTH": "_255", "DISTRICT": "Nyanga", "NAME": "Nyafaru", "FACILITY": "Council_Clinic", "LONGTUDE": 32.93111, "LATITUDE": -18.18917, "F_ID": 5 }, "geometry": { "type": "Point", "coordinates": [ 32.93111, -18.18917 ] } },
{ "type": "Feature", "properties": { "ZIMHEALTH": "_256", "DISTRICT": "Nyanga", "NAME": "Tombo", "FACILITY": "Council_Clinic", "LONGTUDE": 32.88389, "LATITUDE": -18.0175, "F_ID": 5 }, "geometry": { "type": "Point", "coordinates": [ 32.88389, -18.0175 ] } },
{ "type": "Feature", "properties": { "ZIMHEALTH": "_257", "DISTRICT": "Nyanga", "NAME": "Regina_Coeli", "FACILITY": "Mission_Hospital", "LONGTUDE": 32.885, "LATITUDE": -17.86889, "F_ID": 3 }, "geometry": { "type": "Point", "coordinates": [ 32.885, -17.86889 ] } },
{ "type": "Feature", "properties": { "ZIMHEALTH": "_258", "DISTRICT": "Nyanga", "NAME": "Nyamaropa", "FACILITY": "Council_Clinic", "LONGTUDE": 32.95361, "LATITUDE": -17.8625, "F_ID": 5 }, "geometry": { "type": "Point", "coordinates": [ 32.95361, -17.8625 ] } },
{ "type": "Feature", "properties": { "ZIMHEALTH": "_259", "DISTRICT": "Bindura", "NAME": "Muonwe", "FACILITY": "Clinic", "LONGTUDE": 31.25352, "LATITUDE": -17.52205, "F_ID": 5 }, "geometry": { "type": "Point", "coordinates": [ 31.25352, -17.52205 ] } },
{ "type": "Feature", "properties": { "ZIMHEALTH": "_260", "DISTRICT": "Bindura", "NAME": "Manhenga", "FACILITY": "Clinic", "LONGTUDE": 31.31217, "LATITUDE": -17.39605, "F_ID": 5 }, "geometry": { "type": "Point", "coordinates": [ 31.31217, -17.39605 ] } },
{ "type": "Feature", "properties": { "ZIMHEALTH": "_261", "DISTRICT": "Bindura", "NAME": "Chiveso", "FACILITY": "Clinic", "LONGTUDE": 31.34957, "LATITUDE": -17.46283, "F_ID": 5 }, "geometry": { "type": "Point", "coordinates": [ 31.34957, -17.46283 ] } },
{ "type": "Feature", "properties": { "ZIMHEALTH": "_262", "DISTRICT": "Bindura", "NAME": "Nyava", "FACILITY": "Clinic", "LONGTUDE": 31.36052, "LATITUDE": -17.56392, "F_ID": 5 }, "geometry": { "type": "Point", "coordinates": [ 31.36052, -17.56392 ] } },
{ "type": "Feature", "properties": { "ZIMHEALTH": "_263", "DISTRICT": "Bindura", "NAME": "Rutope", "FACILITY": "Clinic", "LONGTUDE": 31.56555, "LATITUDE": -17.55588, "F_ID": 5 }, "geometry": { "type": "Point", "coordinates": [ 31.56555, -17.55588 ] } },
{ "type": "Feature", "properties": { "ZIMHEALTH": "_264", "DISTRICT": "Bindura", "NAME": "Trojan", "FACILITY": "Mine_Clinic", "LONGTUDE": 31.28508, "LATITUDE": -17.33128, "F_ID": 7 }, "geometry": { "type": "Point", "coordinates": [ 31.28508, -17.33128 ] } },
{ "type": "Feature", "properties": { "ZIMHEALTH": "_265", "DISTRICT": "Bindura", "NAME": "Chipadze", "FACILITY": "Clinic", "LONGTUDE": 31.35515, "LATITUDE": -17.31758, "F_ID": 5 }, "geometry": { "type": "Point", "coordinates": [ 31.35515, -17.31758 ] } },
{ "type": "Feature", "properties": { "ZIMHEALTH": "_266", "DISTRICT": "Bindura", "NAME": "Bindura", "FACILITY": "Provincial_Hospital", "LONGTUDE": 31.32877, "LATITUDE": -17.29005, "F_ID": 1 }, "geometry": { "type": "Point", "coordinates": [ 31.32877, -17.29005 ] } },
{ "type": "Feature", "properties": { "ZIMHEALTH": "_267", "DISTRICT": "Bindura", "NAME": "Chiwaridzo", "FACILITY": "Clinic", "LONGTUDE": 31.35922, "LATITUDE": -17.32222, "F_ID": 5 }, "geometry": { "type": "Point", "coordinates": [ 31.35922, -17.32222 ] } },
{ "type": "Feature", "properties": { "ZIMHEALTH": "_268", "DISTRICT": "Bindura", "NAME": "Foothills", "FACILITY": "Clinic", "LONGTUDE": 31.27805, "LATITUDE": -17.2132, "F_ID": 5 }, "geometry": { "type": "Point", "coordinates": [ 31.27805, -17.2132 ] } },
{ "type": "Feature", "properties": { "ZIMHEALTH": "_269", "DISTRICT": "Bindura", "NAME": "Rusununguko", "FACILITY": "Clinic", "LONGTUDE": 31.28075, "LATITUDE": -17.06137, "F_ID": 5 }, "geometry": { "type": "Point", "coordinates": [ 31.28075, -17.06137 ] } },
{ "type": "Feature", "properties": { "ZIMHEALTH": "_270", "DISTRICT": "Bindura", "NAME": "Freda_Rebecca", "FACILITY": "Mine_Clinic", "LONGTUDE": 31.33198, "LATITUDE": -17.30967, "F_ID": 7 }, "geometry": { "type": "Point", "coordinates": [ 31.33198, -17.30967 ] } },
{ "type": "Feature", "properties": { "ZIMHEALTH": "_271", "DISTRICT": "Bindura", "NAME": "Chiriseri", "FACILITY": "Clinic", "LONGTUDE": 31.16135, "LATITUDE": -17.45422, "F_ID": 5 }, "geometry": { "type": "Point", "coordinates": [ 31.16135, -17.45422 ] } },
{ "type": "Feature", "properties": { "ZIMHEALTH": "_272", "DISTRICT": "Bindura", "NAME": "Farm_H.Centre", "FACILITY": "Clinic", "LONGTUDE": 31.35578, "LATITUDE": -17.31998, "F_ID": 7 }, "geometry": { "type": "Point", "coordinates": [ 31.35578, -17.31998 ] } },
{ "type": "Feature", "properties": { "ZIMHEALTH": "_273", "DISTRICT": "Bindura", "NAME": "ZRP_Bindura", "FACILITY": "Clinic", "LONGTUDE": 31.3288, "LATITUDE": -17.29583, "F_ID": 5 }, "geometry": { "type": "Point", "coordinates": [ 31.3288, -17.29583 ] } },
{ "type": "Feature", "properties": { "ZIMHEALTH": "_274", "DISTRICT": "Bindura", "NAME": "Bindura_Polyclinic", "FACILITY": "Clinic", "LONGTUDE": 31.33198, "LATITUDE": -17.30967, "F_ID": 5 }, "geometry": { "type": "Point", "coordinates": [ 31.33198, -17.30967 ] } },
{ "type": "Feature", "properties": { "ZIMHEALTH": "_275", "DISTRICT": "Centenary", "NAME": "Chadereka", "FACILITY": "Clinic", "LONGTUDE": 31.20217, "LATITUDE": -16.167, "F_ID": 5 }, "geometry": { "type": "Point", "coordinates": [ 31.20217, -16.167 ] } },
{ "type": "Feature", "properties": { "ZIMHEALTH": "_276", "DISTRICT": "Centenary", "NAME": "Chawarura", "FACILITY": "Clinic", "LONGTUDE": 31.11017, "LATITUDE": -16.5185, "F_ID": 5 }, "geometry": { "type": "Point", "coordinates": [ 31.11017, -16.5185 ] } },
{ "type": "Feature", "properties": { "ZIMHEALTH": "_277", "DISTRICT": "Centenary", "NAME": "David_Nelson", "FACILITY": "Clinic", "LONGTUDE": 31.11667, "LATITUDE": -16.7295, "F_ID": 5 }, "geometry": { "type": "Point", "coordinates": [ 31.11667, -16.7295 ] } },
{ "type": "Feature", "properties": { "ZIMHEALTH": "_278", "DISTRICT": "Centenary", "NAME": "Hoya", "FACILITY": "Clinic", "LONGTUDE": 31.30267, "LATITUDE": -16.357, "F_ID": 5 }, "geometry": { "type": "Point", "coordinates": [ 31.30267, -16.357 ] } },
{ "type": "Feature", "properties": { "ZIMHEALTH": "_279", "DISTRICT": "Centenary", "NAME": "Hwata", "FACILITY": "Clinic", "LONGTUDE": 30.96, "LATITUDE": -16.32367, "F_ID": 5 }, "geometry": { "type": "Point", "coordinates": [ 30.96, -16.32367 ] } },
{ "type": "Feature", "properties": { "ZIMHEALTH": "_280", "DISTRICT": "Centenary", "NAME": "Machaya", "FACILITY": "Clinic", "LONGTUDE": 31.162, "LATITUDE": -16.35067, "F_ID": 5 }, "geometry": { "type": "Point", "coordinates": [ 31.162, -16.35067 ] } },
{ "type": "Feature", "properties": { "ZIMHEALTH": "_281", "DISTRICT": "Centenary", "NAME": "Muzarabani", "FACILITY": "Clinic", "LONGTUDE": 30.8925, "LATITUDE": -16.3925, "F_ID": 5 }, "geometry": { "type": "Point", "coordinates": [ 30.8925, -16.3925 ] } },
{ "type": "Feature", "properties": { "ZIMHEALTH": "_282", "DISTRICT": "Centenary", "NAME": "St_Alberts", "FACILITY": "Mission_Hospital", "LONGTUDE": 31.26667, "LATITUDE": -16.57083, "F_ID": 3 }, "geometry": { "type": "Point", "coordinates": [ 31.26667, -16.57083 ] } },
{ "type": "Feature", "properties": { "ZIMHEALTH": "_283", "DISTRICT": "Guruve", "NAME": "Angwa", "FACILITY": "Clinic", "LONGTUDE": 30.30806, "LATITUDE": -16.10195, "F_ID": 5 }, "geometry": { "type": "Point", "coordinates": [ 30.30806, -16.10195 ] } },
{ "type": "Feature", "properties": { "ZIMHEALTH": "_284", "DISTRICT": "Guruve", "NAME": "Bakasa", "FACILITY": "Clinic", "LONGTUDE": 30.69278, "LATITUDE": -16.52667, "F_ID": 5 }, "geometry": { "type": "Point", "coordinates": [ 30.69278, -16.52667 ] } },
{ "type": "Feature", "properties": { "ZIMHEALTH": "_285", "DISTRICT": "Guruve", "NAME": "Bepura", "FACILITY": "Clinic", "LONGTUDE": 30.6725, "LATITUDE": -16.85667, "F_ID": 5 }, "geometry": { "type": "Point", "coordinates": [ 30.6725, -16.85667 ] } },
{ "type": "Feature", "properties": { "ZIMHEALTH": "_286", "DISTRICT": "Guruve", "NAME": "Bvochora", "FACILITY": "Clinic", "LONGTUDE": 30.58552, "LATITUDE": -16.57822, "F_ID": 5 }, "geometry": { "type": "Point", "coordinates": [ 30.58552, -16.57822 ] } },
{ "type": "Feature", "properties": { "ZIMHEALTH": "_287", "DISTRICT": "Guruve", "NAME": "Chapoto", "FACILITY": "Clinic", "LONGTUDE": 30.39763, "LATITUDE": -15.70058, "F_ID": 5 }, "geometry": { "type": "Point", "coordinates": [ 30.39763, -15.70058 ] } },
{ "type": "Feature", "properties": { "ZIMHEALTH": "_288", "DISTRICT": "Guruve", "NAME": "Chidodo", "FACILITY": "Clinic", "LONGTUDE": 31.05617, "LATITUDE": -16.02513, "F_ID": 5 }, "geometry": { "type": "Point", "coordinates": [ 31.05617, -16.02513 ] } },
{ "type": "Feature", "properties": { "ZIMHEALTH": "_289", "DISTRICT": "Guruve", "NAME": "Chikafa", "FACILITY": "Clinic", "LONGTUDE": 30.56088, "LATITUDE": -16.00798, "F_ID": 5 }, "geometry": { "type": "Point", "coordinates": [ 30.56088, -16.00798 ] } },
{ "type": "Feature", "properties": { "ZIMHEALTH": "_290", "DISTRICT": "Guruve", "NAME": "Chipuriro", "FACILITY": "Clinic", "LONGTUDE": 30.72572, "LATITUDE": -16.77972, "F_ID": 5 }, "geometry": { "type": "Point", "coordinates": [ 30.72572, -16.77972 ] } },
{ "type": "Feature", "properties": { "ZIMHEALTH": "_291", "DISTRICT": "Guruve", "NAME": "Chitsungo", "FACILITY": "Clinic", "LONGTUDE": 30.55572, "LATITUDE": -16.27722, "F_ID": 5 }, "geometry": { "type": "Point", "coordinates": [ 30.55572, -16.27722 ] } },
{ "type": "Feature", "properties": { "ZIMHEALTH": "_292", "DISTRICT": "Guruve", "NAME": "Gonono", "FACILITY": "Clinic", "LONGTUDE": 30.83333, "LATITUDE": -16.08695, "F_ID": 5 }, "geometry": { "type": "Point", "coordinates": [ 30.83333, -16.08695 ] } },
{ "type": "Feature", "properties": { "ZIMHEALTH": "_293", "DISTRICT": "Guruve", "NAME": "Gota", "FACILITY": "Clinic", "LONGTUDE": 30.65778, "LATITUDE": -16.58639, "F_ID": 5 }, "geometry": { "type": "Point", "coordinates": [ 30.65778, -16.58639 ] } },
{ "type": "Feature", "properties": { "ZIMHEALTH": "_294", "DISTRICT": "Guruve", "NAME": "Guruve", "FACILITY": "District_Hospital", "LONGTUDE": 30.70222, "LATITUDE": -16.67111, "F_ID": 2 }, "geometry": { "type": "Point", "coordinates": [ 30.70222, -16.67111 ] } },
{ "type": "Feature", "properties": { "ZIMHEALTH": "_295", "DISTRICT": "Guruve", "NAME": "Horseshoe", "FACILITY": "Clinic", "LONGTUDE": 30.88667, "LATITUDE": -16.70306, "F_ID": 5 }, "geometry": { "type": "Point", "coordinates": [ 30.88667, -16.70306 ] } },
{ "type": "Feature", "properties": { "ZIMHEALTH": "_296", "DISTRICT": "Guruve", "NAME": "Kachuta", "FACILITY": "Clinic", "LONGTUDE": 30.50265, "LATITUDE": -16.63361, "F_ID": 5 }, "geometry": { "type": "Point", "coordinates": [ 30.50265, -16.63361 ] } },
{ "type": "Feature", "properties": { "ZIMHEALTH": "_297", "DISTRICT": "Guruve", "NAME": "Mahuwe", "FACILITY": "Clinic", "LONGTUDE": 30.73528, "LATITUDE": -16.38389, "F_ID": 5 }, "geometry": { "type": "Point", "coordinates": [ 30.73528, -16.38389 ] } },
{ "type": "Feature", "properties": { "ZIMHEALTH": "_298", "DISTRICT": "Guruve", "NAME": "Mashumbi", "FACILITY": "Clinic", "LONGTUDE": 30.5567, "LATITUDE": -16.17507, "F_ID": 5 }, "geometry": { "type": "Point", "coordinates": [ 30.5567, -16.17507 ] } },
{ "type": "Feature", "properties": { "ZIMHEALTH": "_299", "DISTRICT": "Guruve", "NAME": "Masomo", "FACILITY": "Clinic", "LONGTUDE": 30.89067, "LATITUDE": -16.31323, "F_ID": 5 }, "geometry": { "type": "Point", "coordinates": [ 30.89067, -16.31323 ] } },
{ "type": "Feature", "properties": { "ZIMHEALTH": "_300", "DISTRICT": "Guruve", "NAME": "Matsvitsi", "FACILITY": "Clinic", "LONGTUDE": 30.61083, "LATITUDE": -16.67278, "F_ID": 5 }, "geometry": { "type": "Point", "coordinates": [ 30.61083, -16.67278 ] } },
{ "type": "Feature", "properties": { "ZIMHEALTH": "_301", "DISTRICT": "Guruve", "NAME": "Msengezi", "FACILITY": "Clinic", "LONGTUDE": 31.11825, "LATITUDE": -16.11073, "F_ID": 5 }, "geometry": { "type": "Point", "coordinates": [ 31.11825, -16.11073 ] } },
{ "type": "Feature", "properties": { "ZIMHEALTH": "_302", "DISTRICT": "Guruve", "NAME": "Mvurwi", "FACILITY": "District_Hospital", "LONGTUDE": 30.85555, "LATITUDE": -16.03062, "F_ID": 2 }, "geometry": { "type": "Point", "coordinates": [ 30.85555, -16.03062 ] } },
{ "type": "Feature", "properties": { "ZIMHEALTH": "_303", "DISTRICT": "Guruve", "NAME": "Negomo", "FACILITY": "Clinic", "LONGTUDE": 30.75917, "LATITUDE": -16.51056, "F_ID": 5 }, "geometry": { "type": "Point", "coordinates": [ 30.75917, -16.51056 ] } },
{ "type": "Feature", "properties": { "ZIMHEALTH": "_304", "DISTRICT": "Guruve", "NAME": "Nyakapupu", "FACILITY": "Clinic", "LONGTUDE": 30.62806, "LATITUDE": -16.75167, "F_ID": 5 }, "geometry": { "type": "Point", "coordinates": [ 30.62806, -16.75167 ] } },
{ "type": "Feature", "properties": { "ZIMHEALTH": "_305", "DISTRICT": "Guruve", "NAME": "Nyamhondoro", "FACILITY": "Clinic", "LONGTUDE": 30.75778, "LATITUDE": -16.85139, "F_ID": 5 }, "geometry": { "type": "Point", "coordinates": [ 30.75778, -16.85139 ] } },
{ "type": "Feature", "properties": { "ZIMHEALTH": "_306", "DISTRICT": "Guruve", "NAME": "Ruyamuro", "FACILITY": "Clinic", "LONGTUDE": 30.79528, "LATITUDE": -16.71917, "F_ID": 5 }, "geometry": { "type": "Point", "coordinates": [ 30.79528, -16.71917 ] } },
{ "type": "Feature", "properties": { "ZIMHEALTH": "_307", "DISTRICT": "Guruve", "NAME": "Shinje", "FACILITY": "Clinic", "LONGTUDE": 30.72361, "LATITUDE": -16.70667, "F_ID": 5 }, "geometry": { "type": "Point", "coordinates": [ 30.72361, -16.70667 ] } },
{ "type": "Feature", "properties": { "ZIMHEALTH": "_308", "DISTRICT": "Guruve", "NAME": "Masoka", "FACILITY": "Clinic", "LONGTUDE": 30.16667, "LATITUDE": -16.16667, "F_ID": 5 }, "geometry": { "type": "Point", "coordinates": [ 30.16667, -16.16667 ] } },
{ "type": "Feature", "properties": { "ZIMHEALTH": "_309", "DISTRICT": "Mazowe", "NAME": "Dambo", "FACILITY": "Clinic", "LONGTUDE": 31.08112, "LATITUDE": -17.19515, "F_ID": 5 }, "geometry": { "type": "Point", "coordinates": [ 31.08112, -17.19515 ] } },
{ "type": "Feature", "properties": { "ZIMHEALTH": "_310", "DISTRICT": "Mazowe", "NAME": "Rosa", "FACILITY": "Rural_Hospital", "LONGTUDE": 31.04725, "LATITUDE": -17.134, "F_ID": 4 }, "geometry": { "type": "Point", "coordinates": [ 31.04725, -17.134 ] } },
{ "type": "Feature", "properties": { "ZIMHEALTH": "_311", "DISTRICT": "Mazowe", "NAME": "Makope", "FACILITY": "Clinic", "LONGTUDE": 31.0607, "LATITUDE": -17.02938, "F_ID": 5 }, "geometry": { "type": "Point", "coordinates": [ 31.0607, -17.02938 ] } },
{ "type": "Feature", "properties": { "ZIMHEALTH": "_312", "DISTRICT": "Mazowe", "NAME": "Bare", "FACILITY": "Clinic", "LONGTUDE": 31.12623, "LATITUDE": -16.87747, "F_ID": 5 }, "geometry": { "type": "Point", "coordinates": [ 31.12623, -16.87747 ] } },
{ "type": "Feature", "properties": { "ZIMHEALTH": "_313", "DISTRICT": "Mazowe", "NAME": "Shutu", "FACILITY": "Clinic", "LONGTUDE": 31.13913, "LATITUDE": -17.07427, "F_ID": 5 }, "geometry": { "type": "Point", "coordinates": [ 31.13913, -17.07427 ] } },
{ "type": "Feature", "properties": { "ZIMHEALTH": "_314", "DISTRICT": "Mazowe", "NAME": "Mukodzongi", "FACILITY": "Clinic", "LONGTUDE": 31.16432, "LATITUDE": -16.986, "F_ID": 5 }, "geometry": { "type": "Point", "coordinates": [ 31.16432, -16.986 ] } },
{ "type": "Feature", "properties": { "ZIMHEALTH": "_315", "DISTRICT": "Mazowe", "NAME": "Nyakudya", "FACILITY": "Clinic", "LONGTUDE": 31.1368, "LATITUDE": -17.02013, "F_ID": 5 }, "geometry": { "type": "Point", "coordinates": [ 31.1368, -17.02013 ] } },
{ "type": "Feature", "properties": { "ZIMHEALTH": "_316", "DISTRICT": "Mazowe", "NAME": "Chinehasha", "FACILITY": "Clinic", "LONGTUDE": 31.19018, "LATITUDE": -16.92892, "F_ID": 5 }, "geometry": { "type": "Point", "coordinates": [ 31.19018, -16.92892 ] } },
{ "type": "Feature", "properties": { "ZIMHEALTH": "_317", "DISTRICT": "Mazowe", "NAME": "Jingamvura", "FACILITY": "Clinic", "LONGTUDE": 31.20145, "LATITUDE": -16.83293, "F_ID": 5 }, "geometry": { "type": "Point", "coordinates": [ 31.20145, -16.83293 ] } },
{ "type": "Feature", "properties": { "ZIMHEALTH": "_318", "DISTRICT": "Mazowe", "NAME": "Nzvimbo", "FACILITY": "Clinic", "LONGTUDE": 31.0526, "LATITUDE": -17.0807, "F_ID": 5 }, "geometry": { "type": "Point", "coordinates": [ 31.0526, -17.0807 ] } },
{ "type": "Feature", "properties": { "ZIMHEALTH": "_319", "DISTRICT": "Mazowe", "NAME": "Howard", "FACILITY": "Mission_Hospital", "LONGTUDE": 30.9943, "LATITUDE": -17.56592, "F_ID": 3 }, "geometry": { "type": "Point", "coordinates": [ 30.9943, -17.56592 ] } },
{ "type": "Feature", "properties": { "ZIMHEALTH": "_320", "DISTRICT": "Mazowe", "NAME": "Belgone_Clinic", "FACILITY": "Clinic", "LONGTUDE": 30.87218, "LATITUDE": -17.52498, "F_ID": 5 }, "geometry": { "type": "Point", "coordinates": [ 30.87218, -17.52498 ] } },
{ "type": "Feature", "properties": { "ZIMHEALTH": "_321", "DISTRICT": "Mazowe", "NAME": "Christon_Bank", "FACILITY": "Clinic", "LONGTUDE": 31.00937, "LATITUDE": -17.6095, "F_ID": 5 }, "geometry": { "type": "Point", "coordinates": [ 31.00937, -17.6095 ] } },
{ "type": "Feature", "properties": { "ZIMHEALTH": "_322", "DISTRICT": "Mazowe", "NAME": "Concession_Hosp.", "FACILITY": "District_Hospital", "LONGTUDE": 30.94343, "LATITUDE": -17.38715, "F_ID": 2 }, "geometry": { "type": "Point", "coordinates": [ 30.94343, -17.38715 ] } },
{ "type": "Feature", "properties": { "ZIMHEALTH": "_323", "DISTRICT": "Mazowe", "NAME": "Henderson_Researc", "FACILITY": "Clinic", "LONGTUDE": 30.97217, "LATITUDE": -17.59243, "F_ID": 5 }, "geometry": { "type": "Point", "coordinates": [ 30.97217, -17.59243 ] } },
{ "type": "Feature", "properties": { "ZIMHEALTH": "_324", "DISTRICT": "Mazowe", "NAME": "Holmeden", "FACILITY": "Clinic", "LONGTUDE": 30.69063, "LATITUDE": -17.29543, "F_ID": 5 }, "geometry": { "type": "Point", "coordinates": [ 30.69063, -17.29543 ] } },
{ "type": "Feature", "properties": { "ZIMHEALTH": "_325", "DISTRICT": "Mazowe", "NAME": "Iron_Duke", "FACILITY": "Clinic", "LONGTUDE": 31.0654, "LATITUDE": -17.44133, "F_ID": 5 }, "geometry": { "type": "Point", "coordinates": [ 31.0654, -17.44133 ] } },
{ "type": "Feature", "properties": { "ZIMHEALTH": "_326", "DISTRICT": "Mazowe", "NAME": "Mazowe_Citrus_Hosp", "FACILITY": "Rural_Hospital", "LONGTUDE": 31.00945, "LATITUDE": -17.45395, "F_ID": 4 }, "geometry": { "type": "Point", "coordinates": [ 31.00945, -17.45395 ] } },
{ "type": "Feature", "properties": { "ZIMHEALTH": "_327", "DISTRICT": "Mazowe", "NAME": "Mazowe_Mine", "FACILITY": "Clinic", "LONGTUDE": 30.9246, "LATITUDE": -17.47368, "F_ID": 5 }, "geometry": { "type": "Point", "coordinates": [ 30.9246, -17.47368 ] } },
{ "type": "Feature", "properties": { "ZIMHEALTH": "_328", "DISTRICT": "Mazowe", "NAME": "Mazowe_Sec.", "FACILITY": "Clinic", "LONGTUDE": 30.93087, "LATITUDE": -17.61567, "F_ID": 5 }, "geometry": { "type": "Point", "coordinates": [ 30.93087, -17.61567 ] } },
{ "type": "Feature", "properties": { "ZIMHEALTH": "_329", "DISTRICT": "Mazowe", "NAME": "N.E.M.Centre", "FACILITY": "Clinic", "LONGTUDE": 31.00282, "LATITUDE": -17.36957, "F_ID": 5 }, "geometry": { "type": "Point", "coordinates": [ 31.00282, -17.36957 ] } },
{ "type": "Feature", "properties": { "ZIMHEALTH": "_330", "DISTRICT": "Mazowe", "NAME": "Stories_Mine", "FACILITY": "Clinic", "LONGTUDE": 30.96113, "LATITUDE": -17.51272, "F_ID": 5 }, "geometry": { "type": "Point", "coordinates": [ 30.96113, -17.51272 ] } },
{ "type": "Feature", "properties": { "ZIMHEALTH": "_331", "DISTRICT": "Mazowe", "NAME": "Tsungubvi", "FACILITY": "Clinic", "LONGTUDE": 31.05647, "LATITUDE": -17.36563, "F_ID": 5 }, "geometry": { "type": "Point", "coordinates": [ 31.05647, -17.36563 ] } },
{ "type": "Feature", "properties": { "ZIMHEALTH": "_332", "DISTRICT": "Mt_Darwin", "NAME": "Chawanda", "FACILITY": "Clinic", "LONGTUDE": 31.67015, "LATITUDE": -16.61703, "F_ID": 5 }, "geometry": { "type": "Point", "coordinates": [ 31.67015, -16.61703 ] } },
{ "type": "Feature", "properties": { "ZIMHEALTH": "_333", "DISTRICT": "Mt_Darwin", "NAME": "Dotito", "FACILITY": "Clinic", "LONGTUDE": 31.59022, "LATITUDE": -16.56878, "F_ID": 5 }, "geometry": { "type": "Point", "coordinates": [ 31.59022, -16.56878 ] } },
{ "type": "Feature", "properties": { "ZIMHEALTH": "_334", "DISTRICT": "Mt_Darwin", "NAME": "Nembire", "FACILITY": "Clinic", "LONGTUDE": 31.50015, "LATITUDE": -16.58956, "F_ID": 5 }, "geometry": { "type": "Point", "coordinates": [ 31.50015, -16.58956 ] } },
{ "type": "Feature", "properties": { "ZIMHEALTH": "_335", "DISTRICT": "Mt_Darwin", "NAME": "Pachanza", "FACILITY": "Clinic", "LONGTUDE": 31.77136, "LATITUDE": -16.56711, "F_ID": 5 }, "geometry": { "type": "Point", "coordinates": [ 31.77136, -16.56711 ] } },
{ "type": "Feature", "properties": { "ZIMHEALTH": "_336", "DISTRICT": "Mt_Darwin", "NAME": "Nyamahobobo", "FACILITY": "Clinic", "LONGTUDE": 31.88369, "LATITUDE": -16.70283, "F_ID": 5 }, "geometry": { "type": "Point", "coordinates": [ 31.88369, -16.70283 ] } },
{ "type": "Feature", "properties": { "ZIMHEALTH": "_337", "DISTRICT": "Mt_Darwin", "NAME": "Mutungagore", "FACILITY": "Clinic", "LONGTUDE": 31.52272, "LATITUDE": -16.60139, "F_ID": 5 }, "geometry": { "type": "Point", "coordinates": [ 31.52272, -16.60139 ] } },
{ "type": "Feature", "properties": { "ZIMHEALTH": "_338", "DISTRICT": "Mt_Darwin", "NAME": "Tsakare", "FACILITY": "Clinic", "LONGTUDE": 31.55611, "LATITUDE": -16.82555, "F_ID": 5 }, "geometry": { "type": "Point", "coordinates": [ 31.55611, -16.82555 ] } },
{ "type": "Feature", "properties": { "ZIMHEALTH": "_339", "DISTRICT": "Mt_Darwin", "NAME": "Karanda", "FACILITY": "Mission_Hospital", "LONGTUDE": 31.83955, "LATITUDE": -16.65555, "F_ID": 3 }, "geometry": { "type": "Point", "coordinates": [ 31.83955, -16.65555 ] } },
{ "type": "Feature", "properties": { "ZIMHEALTH": "_340", "DISTRICT": "Mt_Darwin", "NAME": "Bveke", "FACILITY": "New_Not_Open", "LONGTUDE": 31.78725, "LATITUDE": -16.56939, "F_ID": 8 }, "geometry": { "type": "Point", "coordinates": [ 31.78725, -16.56939 ] } },
{ "type": "Feature", "properties": { "ZIMHEALTH": "_341", "DISTRICT": "Mt_Darwin", "NAME": "Pfunyanguwo", "FACILITY": "Clinic", "LONGTUDE": 31.90033, "LATITUDE": -16.57581, "F_ID": 5 }, "geometry": { "type": "Point", "coordinates": [ 31.90033, -16.57581 ] } },
{ "type": "Feature", "properties": { "ZIMHEALTH": "_342", "DISTRICT": "Mt_Darwin", "NAME": "Kamutsenzere", "FACILITY": "Clinic", "LONGTUDE": 31.78561, "LATITUDE": -16.38361, "F_ID": 5 }, "geometry": { "type": "Point", "coordinates": [ 31.78561, -16.38361 ] } },
{ "type": "Feature", "properties": { "ZIMHEALTH": "_343", "DISTRICT": "Mt_Darwin", "NAME": "Kaitano", "FACILITY": "Clinic", "LONGTUDE": 31.55252, "LATITUDE": -16.31861, "F_ID": 5 }, "geometry": { "type": "Point", "coordinates": [ 31.55252, -16.31861 ] } },
{ "type": "Feature", "properties": { "ZIMHEALTH": "_344", "DISTRICT": "Mt_Darwin", "NAME": "Mukumbura", "FACILITY": "Clinic", "LONGTUDE": 31.68519, "LATITUDE": -16.20028, "F_ID": 5 }, "geometry": { "type": "Point", "coordinates": [ 31.68519, -16.20028 ] } },
{ "type": "Feature", "properties": { "ZIMHEALTH": "_345", "DISTRICT": "Mt_Darwin", "NAME": "Mt_Darwin", "FACILITY": "District_Hospital", "LONGTUDE": 31.58872, "LATITUDE": -16.77578, "F_ID": 2 }, "geometry": { "type": "Point", "coordinates": [ 31.58872, -16.77578 ] } },
{ "type": "Feature", "properties": { "ZIMHEALTH": "_346", "DISTRICT": "Rushinga", "NAME": "Bungwe", "FACILITY": "Clinic", "LONGTUDE": 32.06782, "LATITUDE": -16.56635, "F_ID": 5 }, "geometry": { "type": "Point", "coordinates": [ 32.06782, -16.56635 ] } },
{ "type": "Feature", "properties": { "ZIMHEALTH": "_347", "DISTRICT": "Rushinga", "NAME": "Chimandau", "FACILITY": "Clinic", "LONGTUDE": 32.56537, "LATITUDE": -16.65597, "F_ID": 5 }, "geometry": { "type": "Point", "coordinates": [ 32.56537, -16.65597 ] } },
{ "type": "Feature", "properties": { "ZIMHEALTH": "_348", "DISTRICT": "Rushinga", "NAME": "Chimhanda", "FACILITY": "Clinic", "LONGTUDE": 32.12905, "LATITUDE": -16.63128, "F_ID": 5 }, "geometry": { "type": "Point", "coordinates": [ 32.12905, -16.63128 ] } },
{ "type": "Feature", "properties": { "ZIMHEALTH": "_349", "DISTRICT": "Rushinga", "NAME": "Mary_Mount", "FACILITY": "Mision_Hosp.", "LONGTUDE": 32.52963, "LATITUDE": -16.67677, "F_ID": 3 }, "geometry": { "type": "Point", "coordinates": [ 32.52963, -16.67677 ] } },
{ "type": "Feature", "properties": { "ZIMHEALTH": "_350", "DISTRICT": "Rushinga", "NAME": "Mazowe", "FACILITY": "Clinic", "LONGTUDE": 32.27703, "LATITUDE": -16.75513, "F_ID": 5 }, "geometry": { "type": "Point", "coordinates": [ 32.27703, -16.75513 ] } },
{ "type": "Feature", "properties": { "ZIMHEALTH": "_351", "DISTRICT": "Rushinga", "NAME": "Mukonde", "FACILITY": "Clinic", "LONGTUDE": 32.29873, "LATITUDE": -16.61053, "F_ID": 5 }, "geometry": { "type": "Point", "coordinates": [ 32.29873, -16.61053 ] } },
{ "type": "Feature", "properties": { "ZIMHEALTH": "_352", "DISTRICT": "Rushinga", "NAME": "Nhawa", "FACILITY": "Clinic", "LONGTUDE": 32.16562, "LATITUDE": -16.57892, "F_ID": 5 }, "geometry": { "type": "Point", "coordinates": [ 32.16562, -16.57892 ] } },
{ "type": "Feature", "properties": { "ZIMHEALTH": "_353", "DISTRICT": "Rushinga", "NAME": "Nyamatikiti", "FACILITY": "Clinic", "LONGTUDE": 32.10973, "LATITUDE": -16.73908, "F_ID": 5 }, "geometry": { "type": "Point", "coordinates": [ 32.10973, -16.73908 ] } },
{ "type": "Feature", "properties": { "ZIMHEALTH": "_354", "DISTRICT": "Rushinga", "NAME": "Rusambo", "FACILITY": "Clinic", "LONGTUDE": 32.18285, "LATITUDE": -16.62985, "F_ID": 5 }, "geometry": { "type": "Point", "coordinates": [ 32.18285, -16.62985 ] } },
{ "type": "Feature", "properties": { "ZIMHEALTH": "_355", "DISTRICT": "Rushinga", "NAME": "Rushinga", "FACILITY": "Clinic", "LONGTUDE": 32.02153, "LATITUDE": -16.63225, "F_ID": 5 }, "geometry": { "type": "Point", "coordinates": [ 32.02153, -16.63225 ] } },
{ "type": "Feature", "properties": { "ZIMHEALTH": "_356", "DISTRICT": "Rushinga", "NAME": "Mukosa", "FACILITY": "Clinic", "LONGTUDE": 32.6561, "LATITUDE": -16.65855, "F_ID": 5 }, "geometry": { "type": "Point", "coordinates": [ 32.6561, -16.65855 ] } },
{ "type": "Feature", "properties": { "ZIMHEALTH": "_357", "DISTRICT": "Shamva", "NAME": "Madziwa", "FACILITY": "Clinic", "LONGTUDE": 31.53878, "LATITUDE": -16.92558, "F_ID": 5 }, "geometry": { "type": "Point", "coordinates": [ 31.53878, -16.92558 ] } },
{ "type": "Feature", "properties": { "ZIMHEALTH": "_358", "DISTRICT": "Shamva", "NAME": "Chindunduma", "FACILITY": "Clinic", "LONGTUDE": 31.52795, "LATITUDE": -16.97833, "F_ID": 5 }, "geometry": { "type": "Point", "coordinates": [ 31.52795, -16.97833 ] } },
{ "type": "Feature", "properties": { "ZIMHEALTH": "_359", "DISTRICT": "Shamva", "NAME": "Chakonda", "FACILITY": "Clinic", "LONGTUDE": 31.60336, "LATITUDE": -17.02592, "F_ID": 5 }, "geometry": { "type": "Point", "coordinates": [ 31.60336, -17.02592 ] } },
{ "type": "Feature", "properties": { "ZIMHEALTH": "_360", "DISTRICT": "Shamva", "NAME": "Shamva", "FACILITY": "Clinic", "LONGTUDE": 31.57153, "LATITUDE": -17.29208, "F_ID": 5 }, "geometry": { "type": "Point", "coordinates": [ 31.57153, -17.29208 ] } },
{ "type": "Feature", "properties": { "ZIMHEALTH": "_361", "DISTRICT": "Shamva", "NAME": "Chishapa", "FACILITY": "Clinic", "LONGTUDE": 31.60022, "LATITUDE": -17.20986, "F_ID": 5 }, "geometry": { "type": "Point", "coordinates": [ 31.60022, -17.20986 ] } },
{ "type": "Feature", "properties": { "ZIMHEALTH": "_362", "DISTRICT": "Shamva", "NAME": "Chidembo", "FACILITY": "Clinic", "LONGTUDE": 31.56686, "LATITUDE": -17.08352, "F_ID": 5 }, "geometry": { "type": "Point", "coordinates": [ 31.56686, -17.08352 ] } },
{ "type": "Feature", "properties": { "ZIMHEALTH": "_363", "DISTRICT": "Shamva", "NAME": "Chihuri", "FACILITY": "Clinic", "LONGTUDE": 31.55052, "LATITUDE": -16.87733, "F_ID": 5 }, "geometry": { "type": "Point", "coordinates": [ 31.55052, -16.87733 ] } },
{ "type": "Feature", "properties": { "ZIMHEALTH": "_364", "DISTRICT": "Shamva", "NAME": "Zvomanyanga", "FACILITY": "Clinic", "LONGTUDE": 31.66215, "LATITUDE": -16.91072, "F_ID": 5 }, "geometry": { "type": "Point", "coordinates": [ 31.66215, -16.91072 ] } },
{ "type": "Feature", "properties": { "ZIMHEALTH": "_365", "DISTRICT": "Shamva", "NAME": "Madziwa", "FACILITY": "Mine_Clinic", "LONGTUDE": 31.65828, "LATITUDE": -17.06986, "F_ID": 7 }, "geometry": { "type": "Point", "coordinates": [ 31.65828, -17.06986 ] } },
{ "type": "Feature", "properties": { "ZIMHEALTH": "_366", "DISTRICT": "Shamva", "NAME": "Shamva", "FACILITY": "District_Hospital", "LONGTUDE": 31.57017, "LATITUDE": -17.32711, "F_ID": 2 }, "geometry": { "type": "Point", "coordinates": [ 31.57017, -17.32711 ] } },
{ "type": "Feature", "properties": { "ZIMHEALTH": "_367", "DISTRICT": "Shamva", "NAME": "Wadzanai", "FACILITY": "Clinic", "LONGTUDE": 31.57036, "LATITUDE": -17.30539, "F_ID": 5 }, "geometry": { "type": "Point", "coordinates": [ 31.57036, -17.30539 ] } },
{ "type": "Feature", "properties": { "ZIMHEALTH": "_368", "DISTRICT": "Shamva", "NAME": "Tafuna", "FACILITY": "Clinic", "LONGTUDE": 31.51815, "LATITUDE": -17.32889, "F_ID": 5 }, "geometry": { "type": "Point", "coordinates": [ 31.51815, -17.32889 ] } },
{ "type": "Feature", "properties": { "ZIMHEALTH": "_369", "DISTRICT": "Shamva", "NAME": "Shamva", "FACILITY": "Farm_Health_Clinic", "LONGTUDE": 31.65769, "LATITUDE": -17.25022, "F_ID": 7 }, "geometry": { "type": "Point", "coordinates": [ 31.65769, -17.25022 ] } },
{ "type": "Feature", "properties": { "ZIMHEALTH": "_370", "DISTRICT": "Shamva", "NAME": "Goora", "FACILITY": "Clinic", "LONGTUDE": 31.51667, "LATITUDE": -16.91667, "F_ID": 5 }, "geometry": { "type": "Point", "coordinates": [ 31.51667, -16.91667 ] } },
{ "type": "Feature", "properties": { "ZIMHEALTH": "_371", "DISTRICT": "Shamva", "NAME": "Madziva_Mine", "FACILITY": "Clinic", "LONGTUDE": 31.65597, "LATITUDE": -17.06192, "F_ID": 5 }, "geometry": { "type": "Point", "coordinates": [ 31.65597, -17.06192 ] } },
{ "type": "Feature", "properties": { "ZIMHEALTH": "_372", "DISTRICT": "Shamva", "NAME": "Shamva_Gold_Mine", "FACILITY": "Clinic", "LONGTUDE": 31.56877, "LATITUDE": -17.31627, "F_ID": 5 }, "geometry": { "type": "Point", "coordinates": [ 31.56877, -17.31627 ] } },
{ "type": "Feature", "properties": { "ZIMHEALTH": "_373", "DISTRICT": "Chikomba", "NAME": "Popoteke", "FACILITY": "Clinic", "LONGTUDE": 31.52386, "LATITUDE": -19.06781, "F_ID": 5 }, "geometry": { "type": "Point", "coordinates": [ 31.52386, -19.06781 ] } },
{ "type": "Feature", "properties": { "ZIMHEALTH": "_374", "DISTRICT": "Chikomba", "NAME": "Wazvaremaka", "FACILITY": "Clinic", "LONGTUDE": 31.23794, "LATITUDE": -19.002, "F_ID": 5 }, "geometry": { "type": "Point", "coordinates": [ 31.23794, -19.002 ] } },
{ "type": "Feature", "properties": { "ZIMHEALTH": "_375", "DISTRICT": "Chikomba", "NAME": "Sadza", "FACILITY": "District_Hospital", "LONGTUDE": 31.40797, "LATITUDE": -18.83706, "F_ID": 2 }, "geometry": { "type": "Point", "coordinates": [ 31.40797, -18.83706 ] } },
{ "type": "Feature", "properties": { "ZIMHEALTH": "_376", "DISTRICT": "Chikomba", "NAME": "Chivhu", "FACILITY": "General_Hospital", "LONGTUDE": 30.90272, "LATITUDE": -19.01814, "F_ID": 2 }, "geometry": { "type": "Point", "coordinates": [ 30.90272, -19.01814 ] } },
{ "type": "Feature", "properties": { "ZIMHEALTH": "_377", "DISTRICT": "Chikomba", "NAME": "Murezi", "FACILITY": "Clinic", "LONGTUDE": 31.05356, "LATITUDE": -19.20133, "F_ID": 5 }, "geometry": { "type": "Point", "coordinates": [ 31.05356, -19.20133 ] } },
{ "type": "Feature", "properties": { "ZIMHEALTH": "_378", "DISTRICT": "Chikomba", "NAME": "Lancshire", "FACILITY": "Clinic", "LONGTUDE": 31.15356, "LATITUDE": -19.18906, "F_ID": 5 }, "geometry": { "type": "Point", "coordinates": [ 31.15356, -19.18906 ] } },
{ "type": "Feature", "properties": { "ZIMHEALTH": "_379", "DISTRICT": "Chikomba", "NAME": "Madamombe", "FACILITY": "Clinic", "LONGTUDE": 31.10039, "LATITUDE": -19.11844, "F_ID": 5 }, "geometry": { "type": "Point", "coordinates": [ 31.10039, -19.11844 ] } },
{ "type": "Feature", "properties": { "ZIMHEALTH": "_380", "DISTRICT": "Chikomba", "NAME": "Nharira", "FACILITY": "Rural_Hospital", "LONGTUDE": 31.17119, "LATITUDE": -19.07433, "F_ID": 4 }, "geometry": { "type": "Point", "coordinates": [ 31.17119, -19.07433 ] } },
{ "type": "Feature", "properties": { "ZIMHEALTH": "_381", "DISTRICT": "Chikomba", "NAME": "Bvumbura", "FACILITY": "Clinic", "LONGTUDE": 31.27389, "LATITUDE": -19.13572, "F_ID": 5 }, "geometry": { "type": "Point", "coordinates": [ 31.27389, -19.13572 ] } },
{ "type": "Feature", "properties": { "ZIMHEALTH": "_382", "DISTRICT": "Chikomba", "NAME": "Rutanhira", "FACILITY": "Clinic", "LONGTUDE": 31.41953, "LATITUDE": -18.75014, "F_ID": 5 }, "geometry": { "type": "Point", "coordinates": [ 31.41953, -18.75014 ] } },
{ "type": "Feature", "properties": { "ZIMHEALTH": "_383", "DISTRICT": "Chikomba", "NAME": "Daramombe", "FACILITY": "Mission_Clinic", "LONGTUDE": 31.32369, "LATITUDE": -19.10703, "F_ID": 5 }, "geometry": { "type": "Point", "coordinates": [ 31.32369, -19.10703 ] } },
{ "type": "Feature", "properties": { "ZIMHEALTH": "_384", "DISTRICT": "Chikomba", "NAME": "Range", "FACILITY": "Rural_Hospital", "LONGTUDE": 31.00064, "LATITUDE": -19.02097, "F_ID": 4 }, "geometry": { "type": "Point", "coordinates": [ 31.00064, -19.02097 ] } },
{ "type": "Feature", "properties": { "ZIMHEALTH": "_385", "DISTRICT": "Chikomba", "NAME": "Mufudziwakanaka", "FACILITY": "Rural_Health_Centre", "LONGTUDE": 31.60444, "LATITUDE": -18.8415, "F_ID": 6 }, "geometry": { "type": "Point", "coordinates": [ 31.60444, -18.8415 ] } },
{ "type": "Feature", "properties": { "ZIMHEALTH": "_386", "DISTRICT": "Chikomba", "NAME": "Mushipe", "FACILITY": "Clinic", "LONGTUDE": 31.68364, "LATITUDE": -19.02072, "F_ID": 5 }, "geometry": { "type": "Point", "coordinates": [ 31.68364, -19.02072 ] } },
{ "type": "Feature", "properties": { "ZIMHEALTH": "_387", "DISTRICT": "Chikomba", "NAME": "Shumba", "FACILITY": "Clinic", "LONGTUDE": 31.56767, "LATITUDE": -18.92444, "F_ID": 5 }, "geometry": { "type": "Point", "coordinates": [ 31.56767, -18.92444 ] } },
{ "type": "Feature", "properties": { "ZIMHEALTH": "_388", "DISTRICT": "Chikomba", "NAME": "Nhangabwe", "FACILITY": "Rural_Health_Centre", "LONGTUDE": 31.50556, "LATITUDE": -18.85081, "F_ID": 6 }, "geometry": { "type": "Point", "coordinates": [ 31.50556, -18.85081 ] } },
{ "type": "Feature", "properties": { "ZIMHEALTH": "_389", "DISTRICT": "Chikomba", "NAME": "Musuma", "FACILITY": "Clinic", "LONGTUDE": 31.51969, "LATITUDE": -19.15311, "F_ID": 5 }, "geometry": { "type": "Point", "coordinates": [ 31.51969, -19.15311 ] } },
{ "type": "Feature", "properties": { "ZIMHEALTH": "_390", "DISTRICT": "Chikomba", "NAME": "Gandachibvuva", "FACILITY": "Mission_Hospital", "LONGTUDE": 31.43644, "LATITUDE": -19.10203, "F_ID": 3 }, "geometry": { "type": "Point", "coordinates": [ 31.43644, -19.10203 ] } },
{ "type": "Feature", "properties": { "ZIMHEALTH": "_391", "DISTRICT": "Chikomba", "NAME": "Gokomere", "FACILITY": "Clinic", "LONGTUDE": 31.35333, "LATITUDE": -19.05353, "F_ID": 5 }, "geometry": { "type": "Point", "coordinates": [ 31.35333, -19.05353 ] } },
{ "type": "Feature", "properties": { "ZIMHEALTH": "_392", "DISTRICT": "Chikomba", "NAME": "Mwerahari", "FACILITY": "Mission_Clinic", "LONGTUDE": 31.23664, "LATITUDE": -19.05522, "F_ID": 5 }, "geometry": { "type": "Point", "coordinates": [ 31.23664, -19.05522 ] } },
{ "type": "Feature", "properties": { "ZIMHEALTH": "_393", "DISTRICT": "Chikomba", "NAME": "Mbiru", "FACILITY": "Clinic", "LONGTUDE": 31.20158, "LATITUDE": -18.95808, "F_ID": 5 }, "geometry": { "type": "Point", "coordinates": [ 31.20158, -18.95808 ] } },
{ "type": "Feature", "properties": { "ZIMHEALTH": "_394", "DISTRICT": "Chikomba", "NAME": "Chivhu", "FACILITY": "Clinic", "LONGTUDE": 30.90644, "LATITUDE": -19.00511, "F_ID": 5 }, "geometry": { "type": "Point", "coordinates": [ 30.90644, -19.00511 ] } },
{ "type": "Feature", "properties": { "ZIMHEALTH": "_395", "DISTRICT": "Chikomba", "NAME": "Wiltshire", "FACILITY": "Clinic", "LONGTUDE": 31.17144, "LATITUDE": -18.87272, "F_ID": 5 }, "geometry": { "type": "Point", "coordinates": [ 31.17144, -18.87272 ] } },
{ "type": "Feature", "properties": { "ZIMHEALTH": "_396", "DISTRICT": "Chikomba", "NAME": "Masasa", "FACILITY": "Clinic", "LONGTUDE": 31.25442, "LATITUDE": -18.9075, "F_ID": 5 }, "geometry": { "type": "Point", "coordinates": [ 31.25442, -18.9075 ] } },
{ "type": "Feature", "properties": { "ZIMHEALTH": "_397", "DISTRICT": "Chikomba", "NAME": "Chambara", "FACILITY": "Clinic", "LONGTUDE": 31.00464, "LATITUDE": -18.86886, "F_ID": 5 }, "geometry": { "type": "Point", "coordinates": [ 31.00464, -18.86886 ] } },
{ "type": "Feature", "properties": { "ZIMHEALTH": "_398", "DISTRICT": "Chikomba", "NAME": "Unyetu", "FACILITY": "Clinic", "LONGTUDE": 31.30097, "LATITUDE": -18.97331, "F_ID": 5 }, "geometry": { "type": "Point", "coordinates": [ 31.30097, -18.97331 ] } },
{ "type": "Feature", "properties": { "ZIMHEALTH": "_399", "DISTRICT": "Chikomba", "NAME": "Mutoro", "FACILITY": "Clinic", "LONGTUDE": 31.08383, "LATITUDE": -18.85592, "F_ID": 5 }, "geometry": { "type": "Point", "coordinates": [ 31.08383, -18.85592 ] } },
{ "type": "Feature", "properties": { "ZIMHEALTH": "_400", "DISTRICT": "Chikomba", "NAME": "Nyamhere", "FACILITY": "Clinic", "LONGTUDE": 31.00375, "LATITUDE": -18.81919, "F_ID": 5 }, "geometry": { "type": "Point", "coordinates": [ 31.00375, -18.81919 ] } },
{ "type": "Feature", "properties": { "ZIMHEALTH": "_401", "DISTRICT": "Chikomba", "NAME": "Gandami", "FACILITY": "Clinic", "LONGTUDE": 31.26761, "LATITUDE": -18.72261, "F_ID": 5 }, "geometry": { "type": "Point", "coordinates": [ 31.26761, -18.72261 ] } },
{ "type": "Feature", "properties": { "ZIMHEALTH": "_402", "DISTRICT": "Goromonzi", "NAME": "Rusike", "FACILITY": "Clinic", "LONGTUDE": 31.51822, "LATITUDE": -17.87261, "F_ID": 5 }, "geometry": { "type": "Point", "coordinates": [ 31.51822, -17.87261 ] } },
{ "type": "Feature", "properties": { "ZIMHEALTH": "_403", "DISTRICT": "Goromonzi", "NAME": "Mwanza", "FACILITY": "Rural_Health_Centre", "LONGTUDE": 31.48681, "LATITUDE": -17.76875, "F_ID": 6 }, "geometry": { "type": "Point", "coordinates": [ 31.48681, -17.76875 ] } },
{ "type": "Feature", "properties": { "ZIMHEALTH": "_404", "DISTRICT": "Goromonzi", "NAME": "Kubatsirana", "FACILITY": "Clinic", "LONGTUDE": 31.37047, "LATITUDE": -17.82031, "F_ID": 5 }, "geometry": { "type": "Point", "coordinates": [ 31.37047, -17.82031 ] } },
{ "type": "Feature", "properties": { "ZIMHEALTH": "_405", "DISTRICT": "Goromonzi", "NAME": "Nyaure", "FACILITY": "Clinic", "LONGTUDE": 31.27144, "LATITUDE": -17.62294, "F_ID": 5 }, "geometry": { "type": "Point", "coordinates": [ 31.27144, -17.62294 ] } },
{ "type": "Feature", "properties": { "ZIMHEALTH": "_406", "DISTRICT": "Goromonzi", "NAME": "Chikwaka", "FACILITY": "Rural_Hospital", "LONGTUDE": 31.48586, "LATITUDE": -17.55206, "F_ID": 4 }, "geometry": { "type": "Point", "coordinates": [ 31.48586, -17.55206 ] } },
{ "type": "Feature", "properties": { "ZIMHEALTH": "_407", "DISTRICT": "Goromonzi", "NAME": "Bosha", "FACILITY": "Rural_Health_Centre", "LONGTUDE": 31.55306, "LATITUDE": -17.50075, "F_ID": 6 }, "geometry": { "type": "Point", "coordinates": [ 31.55306, -17.50075 ] } },
{ "type": "Feature", "properties": { "ZIMHEALTH": "_408", "DISTRICT": "Goromonzi", "NAME": "Masukandoro", "FACILITY": "Clinic", "LONGTUDE": 31.15322, "LATITUDE": -17.54042, "F_ID": 5 }, "geometry": { "type": "Point", "coordinates": [ 31.15322, -17.54042 ] } },
{ "type": "Feature", "properties": { "ZIMHEALTH": "_409", "DISTRICT": "Goromonzi", "NAME": "Chinamhora", "FACILITY": "Clinic", "LONGTUDE": 31.18456, "LATITUDE": -17.57161, "F_ID": 5 }, "geometry": { "type": "Point", "coordinates": [ 31.18456, -17.57161 ] } },
{ "type": "Feature", "properties": { "ZIMHEALTH": "_410", "DISTRICT": "Goromonzi", "NAME": "Makumbe", "FACILITY": "District_Hospital", "LONGTUDE": 31.27319, "LATITUDE": -17.54042, "F_ID": 2 }, "geometry": { "type": "Point", "coordinates": [ 31.27319, -17.54042 ] } },
{ "type": "Feature", "properties": { "ZIMHEALTH": "_411", "DISTRICT": "Goromonzi", "NAME": "Ruwa", "FACILITY": "Clinic", "LONGTUDE": 31.23761, "LATITUDE": -17.89006, "F_ID": 5 }, "geometry": { "type": "Point", "coordinates": [ 31.23761, -17.89006 ] } },
{ "type": "Feature", "properties": { "ZIMHEALTH": "_412", "DISTRICT": "Goromonzi", "NAME": "Cranborne_Clinic", "FACILITY": "Clinic", "LONGTUDE": 31.20742, "LATITUDE": -17.95506, "F_ID": 5 }, "geometry": { "type": "Point", "coordinates": [ 31.20742, -17.95506 ] } },
{ "type": "Feature", "properties": { "ZIMHEALTH": "_413", "DISTRICT": "Goromonzi", "NAME": "Ruwa_Rehab.", "FACILITY": "Hospital", "LONGTUDE": 31.23514, "LATITUDE": -17.90167, "F_ID": 4 }, "geometry": { "type": "Point", "coordinates": [ 31.23514, -17.90167 ] } },
{ "type": "Feature", "properties": { "ZIMHEALTH": "_414", "DISTRICT": "Goromonzi", "NAME": "Chinyika", "FACILITY": "Clinic", "LONGTUDE": 31.35628, "LATITUDE": -17.83503, "F_ID": 5 }, "geometry": { "type": "Point", "coordinates": [ 31.35628, -17.83503 ] } },
{ "type": "Feature", "properties": { "ZIMHEALTH": "_415", "DISTRICT": "Goromonzi", "NAME": "Acturus_Mine", "FACILITY": "Clinic", "LONGTUDE": 31.31681, "LATITUDE": -17.788, "F_ID": 5 }, "geometry": { "type": "Point", "coordinates": [ 31.31681, -17.788 ] } },
{ "type": "Feature", "properties": { "ZIMHEALTH": "_416", "DISTRICT": "Goromonzi", "NAME": "Domboshava", "FACILITY": "Clinic", "LONGTUDE": 31.13872, "LATITUDE": -17.60214, "F_ID": 5 }, "geometry": { "type": "Point", "coordinates": [ 31.13872, -17.60214 ] } },
{ "type": "Feature", "properties": { "ZIMHEALTH": "_417", "DISTRICT": "Goromonzi", "NAME": "Pote", "FACILITY": "Clinic", "LONGTUDE": 31.12094, "LATITUDE": -17.57222, "F_ID": 5 }, "geometry": { "type": "Point", "coordinates": [ 31.12094, -17.57222 ] } },
{ "type": "Feature", "properties": { "ZIMHEALTH": "_418", "DISTRICT": "Goromonzi", "NAME": "John_Reimer", "FACILITY": "Clinic", "LONGTUDE": 31.38442, "LATITUDE": -17.72214, "F_ID": 5 }, "geometry": { "type": "Point", "coordinates": [ 31.38442, -17.72214 ] } },
{ "type": "Feature", "properties": { "ZIMHEALTH": "_419", "DISTRICT": "Goromonzi", "NAME": "Kowoyo", "FACILITY": "Clinic", "LONGTUDE": 31.48925, "LATITUDE": -17.67219, "F_ID": 5 }, "geometry": { "type": "Point", "coordinates": [ 31.48925, -17.67219 ] } },
{ "type": "Feature", "properties": { "ZIMHEALTH": "_420", "DISTRICT": "Hwedza", "NAME": "Wedza", "FACILITY": "Rural_Hospital", "LONGTUDE": 31.56722, "LATITUDE": -18.62839, "F_ID": 4 }, "geometry": { "type": "Point", "coordinates": [ 31.56722, -18.62839 ] } },
{ "type": "Feature", "properties": { "ZIMHEALTH": "_421", "DISTRICT": "Hwedza", "NAME": "Goto", "FACILITY": "Clinic", "LONGTUDE": 31.80672, "LATITUDE": -18.72842, "F_ID": 5 }, "geometry": { "type": "Point", "coordinates": [ 31.80672, -18.72842 ] } },
{ "type": "Feature", "properties": { "ZIMHEALTH": "_422", "DISTRICT": "Hwedza", "NAME": "Mukamba", "FACILITY": "Clinic", "LONGTUDE": 31.82133, "LATITUDE": -18.87653, "F_ID": 5 }, "geometry": { "type": "Point", "coordinates": [ 31.82133, -18.87653 ] } },
{ "type": "Feature", "properties": { "ZIMHEALTH": "_423", "DISTRICT": "Hwedza", "NAME": "Goneso", "FACILITY": "Rural_Health_Centre", "LONGTUDE": 31.90128, "LATITUDE": -18.89328, "F_ID": 6 }, "geometry": { "type": "Point", "coordinates": [ 31.90128, -18.89328 ] } },
{ "type": "Feature", "properties": { "ZIMHEALTH": "_424", "DISTRICT": "Hwedza", "NAME": "Chikurumadziva", "FACILITY": "Rural_Health_Centre", "LONGTUDE": 31.9175, "LATITUDE": -19.04894, "F_ID": 6 }, "geometry": { "type": "Point", "coordinates": [ 31.9175, -19.04894 ] } },
{ "type": "Feature", "properties": { "ZIMHEALTH": "_425", "DISTRICT": "Hwedza", "NAME": "Makarara", "FACILITY": "Clinic", "LONGTUDE": 31.83481, "LATITUDE": -19.02697, "F_ID": 5 }, "geometry": { "type": "Point", "coordinates": [ 31.83481, -19.02697 ] } },
{ "type": "Feature", "properties": { "ZIMHEALTH": "_426", "DISTRICT": "Hwedza", "NAME": "Zvidhuri", "FACILITY": "Clinic", "LONGTUDE": 31.72294, "LATITUDE": -18.96144, "F_ID": 5 }, "geometry": { "type": "Point", "coordinates": [ 31.72294, -18.96144 ] } },
{ "type": "Feature", "properties": { "ZIMHEALTH": "_427", "DISTRICT": "Hwedza", "NAME": "Chigondo", "FACILITY": "Clinic", "LONGTUDE": 31.71972, "LATITUDE": -18.85983, "F_ID": 5 }, "geometry": { "type": "Point", "coordinates": [ 31.71972, -18.85983 ] } },
{ "type": "Feature", "properties": { "ZIMHEALTH": "_428", "DISTRICT": "Hwedza", "NAME": "Mt_St_Mary's", "FACILITY": "Mission_Hospital", "LONGTUDE": 31.68358, "LATITUDE": -18.70842, "F_ID": 3 }, "geometry": { "type": "Point", "coordinates": [ 31.68358, -18.70842 ] } },
{ "type": "Feature", "properties": { "ZIMHEALTH": "_429", "DISTRICT": "Hwedza", "NAME": "Garaba", "FACILITY": "Rural_Health_Centre", "LONGTUDE": 31.53464, "LATITUDE": -18.7085, "F_ID": 6 }, "geometry": { "type": "Point", "coordinates": [ 31.53464, -18.7085 ] } },
{ "type": "Feature", "properties": { "ZIMHEALTH": "_430", "DISTRICT": "Hwedza", "NAME": "Sengezi", "FACILITY": "Clinic", "LONGTUDE": 31.48711, "LATITUDE": -18.74408, "F_ID": 5 }, "geometry": { "type": "Point", "coordinates": [ 31.48711, -18.74408 ] } },
{ "type": "Feature", "properties": { "ZIMHEALTH": "_431", "DISTRICT": "Marondara", "NAME": "Border_Church", "FACILITY": "Rural_health_Centre", "LONGTUDE": 31.34056, "LATITUDE": -18.23686, "F_ID": 6 }, "geometry": { "type": "Point", "coordinates": [ 31.34056, -18.23686 ] } },
{ "type": "Feature", "properties": { "ZIMHEALTH": "_432", "DISTRICT": "Marondara", "NAME": "Chiota", "FACILITY": "Rural_Hospital", "LONGTUDE": 31.2405, "LATITUDE": -18.32094, "F_ID": 4 }, "geometry": { "type": "Point", "coordinates": [ 31.2405, -18.32094 ] } },
{ "type": "Feature", "properties": { "ZIMHEALTH": "_433", "DISTRICT": "Marondara", "NAME": "Mudzimuirema", "FACILITY": "Rural_Health_Centre", "LONGTUDE": 31.09006, "LATITUDE": -18.28439, "F_ID": 6 }, "geometry": { "type": "Point", "coordinates": [ 31.09006, -18.28439 ] } },
{ "type": "Feature", "properties": { "ZIMHEALTH": "_434", "DISTRICT": "Marondara", "NAME": "Chiparawe", "FACILITY": "Clinic", "LONGTUDE": 31.63983, "LATITUDE": -18.00653, "F_ID": 5 }, "geometry": { "type": "Point", "coordinates": [ 31.63983, -18.00653 ] } },
{ "type": "Feature", "properties": { "ZIMHEALTH": "_435", "DISTRICT": "Marondara", "NAME": "Grasslands", "FACILITY": "Clinic", "LONGTUDE": 31.50503, "LATITUDE": -18.18478, "F_ID": 5 }, "geometry": { "type": "Point", "coordinates": [ 31.50503, -18.18478 ] } },
{ "type": "Feature", "properties": { "ZIMHEALTH": "_436", "DISTRICT": "Marondara", "NAME": "Masikana", "FACILITY": "Clinic", "LONGTUDE": 31.68661, "LATITUDE": -18.35392, "F_ID": 5 }, "geometry": { "type": "Point", "coordinates": [ 31.68661, -18.35392 ] } },
{ "type": "Feature", "properties": { "ZIMHEALTH": "_437", "DISTRICT": "Marondara", "NAME": "Dimbiti", "FACILITY": "Rural_Health_Centre", "LONGTUDE": 31.78936, "LATITUDE": -18.38519, "F_ID": 6 }, "geometry": { "type": "Point", "coordinates": [ 31.78936, -18.38519 ] } },
{ "type": "Feature", "properties": { "ZIMHEALTH": "_438", "DISTRICT": "Marondara", "NAME": "Wenimbe", "FACILITY": "Rural_Health_Centre", "LONGTUDE": 31.79039, "LATITUDE": -18.23633, "F_ID": 6 }, "geometry": { "type": "Point", "coordinates": [ 31.79039, -18.23633 ] } },
{ "type": "Feature", "properties": { "ZIMHEALTH": "_439", "DISTRICT": "Marondara", "NAME": "Marondera_(PH)", "FACILITY": "Provincial_Hospital", "LONGTUDE": 31.5345, "LATITUDE": -18.20553, "F_ID": 1 }, "geometry": { "type": "Point", "coordinates": [ 31.5345, -18.20553 ] } },
{ "type": "Feature", "properties": { "ZIMHEALTH": "_440", "DISTRICT": "Marondara", "NAME": "Dombotombo", "FACILITY": "Clinic", "LONGTUDE": 31.56706, "LATITUDE": -18.18722, "F_ID": 5 }, "geometry": { "type": "Point", "coordinates": [ 31.56706, -18.18722 ] } },
{ "type": "Feature", "properties": { "ZIMHEALTH": "_441", "DISTRICT": "Marondara", "NAME": "Nyameni", "FACILITY": "Clinic", "LONGTUDE": 31.54144, "LATITUDE": -18.20611, "F_ID": 5 }, "geometry": { "type": "Point", "coordinates": [ 31.54144, -18.20611 ] } },
{ "type": "Feature", "properties": { "ZIMHEALTH": "_442", "DISTRICT": "Marondara", "NAME": "Borrandile", "FACILITY": "Private_Hospital", "LONGTUDE": 31.54144, "LATITUDE": -18.18464, "F_ID": 4 }, "geometry": { "type": "Point", "coordinates": [ 31.54144, -18.18464 ] } },
{ "type": "Feature", "properties": { "ZIMHEALTH": "_443", "DISTRICT": "Marondara", "NAME": "Chimbwanda", "FACILITY": "Rural_Health_Centre", "LONGTUDE": 31.15019, "LATITUDE": -18.40128, "F_ID": 6 }, "geometry": { "type": "Point", "coordinates": [ 31.15019, -18.40128 ] } },
{ "type": "Feature", "properties": { "ZIMHEALTH": "_444", "DISTRICT": "Marondara", "NAME": "Igava", "FACILITY": "Clinic", "LONGTUDE": 31.62411, "LATITUDE": -18.46728, "F_ID": 5 }, "geometry": { "type": "Point", "coordinates": [ 31.62411, -18.46728 ] } },
{ "type": "Feature", "properties": { "ZIMHEALTH": "_445", "DISTRICT": "Mudzi", "NAME": "Nyamapanda", "FACILITY": "Clinic", "LONGTUDE": 32.87472, "LATITUDE": -16.96828, "F_ID": 5 }, "geometry": { "type": "Point", "coordinates": [ 32.87472, -16.96828 ] } },
{ "type": "Feature", "properties": { "ZIMHEALTH": "_446", "DISTRICT": "Mudzi", "NAME": "Kotwa", "FACILITY": "Clinic", "LONGTUDE": 32.67283, "LATITUDE": -17.00811, "F_ID": 5 }, "geometry": { "type": "Point", "coordinates": [ 32.67283, -17.00811 ] } },
{ "type": "Feature", "properties": { "ZIMHEALTH": "_447", "DISTRICT": "Mudzi", "NAME": "Nyamatawa", "FACILITY": "Clinic", "LONGTUDE": 32.65531, "LATITUDE": -17.20389, "F_ID": 5 }, "geometry": { "type": "Point", "coordinates": [ 32.65531, -17.20389 ] } },
{ "type": "Feature", "properties": { "ZIMHEALTH": "_448", "DISTRICT": "Mudzi", "NAME": "Gozi", "FACILITY": "Rural_Health_Centre", "LONGTUDE": 32.867, "LATITUDE": -17.18619, "F_ID": 6 }, "geometry": { "type": "Point", "coordinates": [ 32.867, -17.18619 ] } },
{ "type": "Feature", "properties": { "ZIMHEALTH": "_449", "DISTRICT": "Mudzi", "NAME": "Chikwizo", "FACILITY": "Clinic", "LONGTUDE": 32.78956, "LATITUDE": -17.20656, "F_ID": 5 }, "geometry": { "type": "Point", "coordinates": [ 32.78956, -17.20656 ] } },
{ "type": "Feature", "properties": { "ZIMHEALTH": "_450", "DISTRICT": "Mudzi", "NAME": "Makaha", "FACILITY": "Rural_Health_Centre", "LONGTUDE": 32.62403, "LATITUDE": -17.28722, "F_ID": 6 }, "geometry": { "type": "Point", "coordinates": [ 32.62403, -17.28722 ] } },
{ "type": "Feature", "properties": { "ZIMHEALTH": "_451", "DISTRICT": "Mudzi", "NAME": "Kondo", "FACILITY": "Rural_Health_Centre", "LONGTUDE": 32.65636, "LATITUDE": -16.90114, "F_ID": 6 }, "geometry": { "type": "Point", "coordinates": [ 32.65636, -16.90114 ] } },
{ "type": "Feature", "properties": { "ZIMHEALTH": "_452", "DISTRICT": "Mudzi", "NAME": "Kapotesa", "FACILITY": "Rural_Health_Centre", "LONGTUDE": 32.75219, "LATITUDE": -17.01956, "F_ID": 6 }, "geometry": { "type": "Point", "coordinates": [ 32.75219, -17.01956 ] } },
{ "type": "Feature", "properties": { "ZIMHEALTH": "_453", "DISTRICT": "Mudzi", "NAME": "St._Pius", "FACILITY": "Rural_Health_Centre", "LONGTUDE": 32.80597, "LATITUDE": -16.75703, "F_ID": 6 }, "geometry": { "type": "Point", "coordinates": [ 32.80597, -16.75703 ] } },
{ "type": "Feature", "properties": { "ZIMHEALTH": "_454", "DISTRICT": "Mudzi", "NAME": "Nyahuku", "FACILITY": "Clinic", "LONGTUDE": 32.88817, "LATITUDE": -16.81739, "F_ID": 5 }, "geometry": { "type": "Point", "coordinates": [ 32.88817, -16.81739 ] } },
{ "type": "Feature", "properties": { "ZIMHEALTH": "_455", "DISTRICT": "Mudzi", "NAME": "Dendera", "FACILITY": "Clinic", "LONGTUDE": 32.72075, "LATITUDE": -16.95756, "F_ID": 5 }, "geometry": { "type": "Point", "coordinates": [ 32.72075, -16.95756 ] } },
{ "type": "Feature", "properties": { "ZIMHEALTH": "_456", "DISTRICT": "Mudzi", "NAME": "Masarakufa", "FACILITY": "Rural_Health_Centre", "LONGTUDE": 32.57028, "LATITUDE": -17.03969, "F_ID": 6 }, "geometry": { "type": "Point", "coordinates": [ 32.57028, -17.03969 ] } },
{ "type": "Feature", "properties": { "ZIMHEALTH": "_457", "DISTRICT": "Mudzi", "NAME": "Suswe", "FACILITY": "Rural_Health_Centre", "LONGTUDE": 32.40539, "LATITUDE": -17.17456, "F_ID": 6 }, "geometry": { "type": "Point", "coordinates": [ 32.40539, -17.17456 ] } },
{ "type": "Feature", "properties": { "ZIMHEALTH": "_458", "DISTRICT": "Mudzi", "NAME": "Kotwa", "FACILITY": "District_Hospital", "LONGTUDE": 32.66936, "LATITUDE": -16.98928, "F_ID": 2 }, "geometry": { "type": "Point", "coordinates": [ 32.66936, -16.98928 ] } },
{ "type": "Feature", "properties": { "ZIMHEALTH": "_459", "DISTRICT": "Mudzi", "NAME": "Masenda", "FACILITY": "Rural_Health_Centre", "LONGTUDE": 32.25447, "LATITUDE": -17.10814, "F_ID": 6 }, "geometry": { "type": "Point", "coordinates": [ 32.25447, -17.10814 ] } },
{ "type": "Feature", "properties": { "ZIMHEALTH": "_460", "DISTRICT": "Mudzi", "NAME": "Chiunye", "FACILITY": "Rural_Health_Centre", "LONGTUDE": 32.28714, "LATITUDE": -17.00475, "F_ID": 5 }, "geometry": { "type": "Point", "coordinates": [ 32.28714, -17.00475 ] } },
{ "type": "Feature", "properties": { "ZIMHEALTH": "_461", "DISTRICT": "Mudzi", "NAME": "Nyamukoho", "FACILITY": "Clinic", "LONGTUDE": 32.3185, "LATITUDE": -17.07097, "F_ID": 5 }, "geometry": { "type": "Point", "coordinates": [ 32.3185, -17.07097 ] } },
{ "type": "Feature", "properties": { "ZIMHEALTH": "_462", "DISTRICT": "Mudzi", "NAME": "Chisvo", "FACILITY": "Clinic", "LONGTUDE": 32.35825, "LATITUDE": -16.95819, "F_ID": 5 }, "geometry": { "type": "Point", "coordinates": [ 32.35825, -16.95819 ] } },
{ "type": "Feature", "properties": { "ZIMHEALTH": "_463", "DISTRICT": "Mudzi", "NAME": "Shinga", "FACILITY": "Clinic", "LONGTUDE": 32.4395, "LATITUDE": -17.00806, "F_ID": 5 }, "geometry": { "type": "Point", "coordinates": [ 32.4395, -17.00806 ] } },
{ "type": "Feature", "properties": { "ZIMHEALTH": "_464", "DISTRICT": "Mudzi", "NAME": "Chimukoko", "FACILITY": "Rural_Health_Centre", "LONGTUDE": 32.50731, "LATITUDE": -16.96742, "F_ID": 6 }, "geometry": { "type": "Point", "coordinates": [ 32.50731, -16.96742 ] } },
{ "type": "Feature", "properties": { "ZIMHEALTH": "_465", "DISTRICT": "Mudzi", "NAME": "Nyamanyora", "FACILITY": "Rural_Health_Centre", "LONGTUDE": 32.50497, "LATITUDE": -16.87269, "F_ID": 6 }, "geometry": { "type": "Point", "coordinates": [ 32.50497, -16.87269 ] } },
{ "type": "Feature", "properties": { "ZIMHEALTH": "_466", "DISTRICT": "Mudzi", "NAME": "Chingamuka", "FACILITY": "Rural_Health_Centre", "LONGTUDE": 32.55431, "LATITUDE": -16.86803, "F_ID": 6 }, "geometry": { "type": "Point", "coordinates": [ 32.55431, -16.86803 ] } },
{ "type": "Feature", "properties": { "ZIMHEALTH": "_467", "DISTRICT": "Murehwa", "NAME": "Kadzere", "FACILITY": "Clinic", "LONGTUDE": 31.737, "LATITUDE": -17.78822, "F_ID": 5 }, "geometry": { "type": "Point", "coordinates": [ 31.737, -17.78822 ] } },
{ "type": "Feature", "properties": { "ZIMHEALTH": "_468", "DISTRICT": "Murehwa", "NAME": "Waterloo", "FACILITY": "Clinic", "LONGTUDE": 31.934, "LATITUDE": -17.88836, "F_ID": 5 }, "geometry": { "type": "Point", "coordinates": [ 31.934, -17.88836 ] } },
{ "type": "Feature", "properties": { "ZIMHEALTH": "_469", "DISTRICT": "Murehwa", "NAME": "Nhowe", "FACILITY": "Clinic", "LONGTUDE": 31.93447, "LATITUDE": -17.87206, "F_ID": 5 }, "geometry": { "type": "Point", "coordinates": [ 31.93447, -17.87206 ] } },
{ "type": "Feature", "properties": { "ZIMHEALTH": "_470", "DISTRICT": "Murehwa", "NAME": "Nhowe", "FACILITY": "Mission_Hospital", "LONGTUDE": 31.94075, "LATITUDE": -17.85256, "F_ID": 3 }, "geometry": { "type": "Point", "coordinates": [ 31.94075, -17.85256 ] } },
{ "type": "Feature", "properties": { "ZIMHEALTH": "_471", "DISTRICT": "Murehwa", "NAME": "Jekwa", "FACILITY": "Rural_Health_Centre", "LONGTUDE": 32.08956, "LATITUDE": -17.75797, "F_ID": 6 }, "geometry": { "type": "Point", "coordinates": [ 32.08956, -17.75797 ] } },
{ "type": "Feature", "properties": { "ZIMHEALTH": "_472", "DISTRICT": "Murehwa", "NAME": "Chitate", "FACILITY": "Rural_Health_Centre", "LONGTUDE": 31.88653, "LATITUDE": -17.67478, "F_ID": 6 }, "geometry": { "type": "Point", "coordinates": [ 31.88653, -17.67478 ] } },
{ "type": "Feature", "properties": { "ZIMHEALTH": "_473", "DISTRICT": "Murehwa", "NAME": "Nyamutumbu", "FACILITY": "Clinic", "LONGTUDE": 31.61744, "LATITUDE": -17.62108, "F_ID": 5 }, "geometry": { "type": "Point", "coordinates": [ 31.61744, -17.62108 ] } },
{ "type": "Feature", "properties": { "ZIMHEALTH": "_474", "DISTRICT": "Murehwa", "NAME": "Murewa", "FACILITY": "District_Hospital", "LONGTUDE": 31.78764, "LATITUDE": -17.65783, "F_ID": 2 }, "geometry": { "type": "Point", "coordinates": [ 31.78764, -17.65783 ] } },
{ "type": "Feature", "properties": { "ZIMHEALTH": "_475", "DISTRICT": "Murehwa", "NAME": "Dandara", "FACILITY": "Clinic", "LONGTUDE": 31.68606, "LATITUDE": -17.50764, "F_ID": 5 }, "geometry": { "type": "Point", "coordinates": [ 31.68606, -17.50764 ] } },
{ "type": "Feature", "properties": { "ZIMHEALTH": "_476", "DISTRICT": "Murehwa", "NAME": "Madamombe", "FACILITY": "Rural_Health_Centre", "LONGTUDE": 31.65403, "LATITUDE": -17.47419, "F_ID": 6 }, "geometry": { "type": "Point", "coordinates": [ 31.65403, -17.47419 ] } },
{ "type": "Feature", "properties": { "ZIMHEALTH": "_477", "DISTRICT": "Murehwa", "NAME": "Chitowa", "FACILITY": "Clinic", "LONGTUDE": 31.86819, "LATITUDE": -17.52417, "F_ID": 5 }, "geometry": { "type": "Point", "coordinates": [ 31.86819, -17.52417 ] } },
{ "type": "Feature", "properties": { "ZIMHEALTH": "_478", "DISTRICT": "Murehwa", "NAME": "St_Pauls_Musami", "FACILITY": "Mission_Hospital", "LONGTUDE": 31.58586, "LATITUDE": -17.75058, "F_ID": 3 }, "geometry": { "type": "Point", "coordinates": [ 31.58586, -17.75058 ] } },
{ "type": "Feature", "properties": { "ZIMHEALTH": "_479", "DISTRICT": "Murehwa", "NAME": "Munamba", "FACILITY": "Rural_Health_Centre", "LONGTUDE": 31.59078, "LATITUDE": -17.89122, "F_ID": 6 }, "geometry": { "type": "Point", "coordinates": [ 31.59078, -17.89122 ] } },
{ "type": "Feature", "properties": { "ZIMHEALTH": "_480", "DISTRICT": "Murehwa", "NAME": "Shambamuto", "FACILITY": "Clinic", "LONGTUDE": 31.63931, "LATITUDE": -17.87231, "F_ID": 5 }, "geometry": { "type": "Point", "coordinates": [ 31.63931, -17.87231 ] } },
{ "type": "Feature", "properties": { "ZIMHEALTH": "_481", "DISTRICT": "Murehwa", "NAME": "Macheke", "FACILITY": "Clinic", "LONGTUDE": 31.85561, "LATITUDE": -18.15306, "F_ID": 5 }, "geometry": { "type": "Point", "coordinates": [ 31.85561, -18.15306 ] } },
{ "type": "Feature", "properties": { "ZIMHEALTH": "_482", "DISTRICT": "Mutoko", "NAME": "Mutoko", "FACILITY": "District_Hospital", "LONGTUDE": 32.23861, "LATITUDE": -17.42342, "F_ID": 2 }, "geometry": { "type": "Point", "coordinates": [ 32.23861, -17.42342 ] } },
{ "type": "Feature", "properties": { "ZIMHEALTH": "_483", "DISTRICT": "Mutoko", "NAME": "Katsukunya", "FACILITY": "Rural_Health_Centre", "LONGTUDE": 32.15469, "LATITUDE": -17.40781, "F_ID": 6 }, "geometry": { "type": "Point", "coordinates": [ 32.15469, -17.40781 ] } },
{ "type": "Feature", "properties": { "ZIMHEALTH": "_484", "DISTRICT": "Mutoko", "NAME": "Nyamuzizi", "FACILITY": "Rural_Health_Centre", "LONGTUDE": 32.35603, "LATITUDE": -17.63819, "F_ID": 6 }, "geometry": { "type": "Point", "coordinates": [ 32.35603, -17.63819 ] } },
{ "type": "Feature", "properties": { "ZIMHEALTH": "_485", "DISTRICT": "Mutoko", "NAME": "Makosa", "FACILITY": "Rural_Hospital", "LONGTUDE": 32.47161, "LATITUDE": -17.26753, "F_ID": 4 }, "geometry": { "type": "Point", "coordinates": [ 32.47161, -17.26753 ] } },
{ "type": "Feature", "properties": { "ZIMHEALTH": "_486", "DISTRICT": "Mutoko", "NAME": "Chindenga", "FACILITY": "Rural_Health_Centre", "LONGTUDE": 32.10519, "LATITUDE": -17.23619, "F_ID": 6 }, "geometry": { "type": "Point", "coordinates": [ 32.10519, -17.23619 ] } },
{ "type": "Feature", "properties": { "ZIMHEALTH": "_487", "DISTRICT": "Mutoko", "NAME": "Charewa", "FACILITY": "Rural_Health_Centre", "LONGTUDE": 32.15361, "LATITUDE": -17.17356, "F_ID": 6 }, "geometry": { "type": "Point", "coordinates": [ 32.15361, -17.17356 ] } },
{ "type": "Feature", "properties": { "ZIMHEALTH": "_488", "DISTRICT": "Mutoko", "NAME": "Mutemwa_lep.", "FACILITY": "Clinic", "LONGTUDE": 32.25356, "LATITUDE": -17.41978, "F_ID": 5 }, "geometry": { "type": "Point", "coordinates": [ 32.25356, -17.41978 ] } },
{ "type": "Feature", "properties": { "ZIMHEALTH": "_489", "DISTRICT": "Mutoko", "NAME": "Hoyuyu_1", "FACILITY": "Rural_Health_Centre", "LONGTUDE": 32.15556, "LATITUDE": -17.56853, "F_ID": 6 }, "geometry": { "type": "Point", "coordinates": [ 32.15556, -17.56853 ] } },
{ "type": "Feature", "properties": { "ZIMHEALTH": "_490", "DISTRICT": "Mutoko", "NAME": "Hoyuyu_2", "FACILITY": "Rural_Health_Centre", "LONGTUDE": 32.2515, "LATITUDE": -17.76861, "F_ID": 6 }, "geometry": { "type": "Point", "coordinates": [ 32.2515, -17.76861 ] } },
{ "type": "Feature", "properties": { "ZIMHEALTH": "_491", "DISTRICT": "Mutoko", "NAME": "Matedza", "FACILITY": "Rural_Health_Centre", "LONGTUDE": 32.43708, "LATITUDE": -17.55014, "F_ID": 6 }, "geometry": { "type": "Point", "coordinates": [ 32.43708, -17.55014 ] } },
{ "type": "Feature", "properties": { "ZIMHEALTH": "_492", "DISTRICT": "Mutoko", "NAME": "Nzira", "FACILITY": "Rural_Health_Centre", "LONGTUDE": 32.13711, "LATITUDE": -17.66817, "F_ID": 6 }, "geometry": { "type": "Point", "coordinates": [ 32.13711, -17.66817 ] } },
{ "type": "Feature", "properties": { "ZIMHEALTH": "_493", "DISTRICT": "Mutoko", "NAME": "Kushinga", "FACILITY": "Rural_Health_Centre", "LONGTUDE": 32.02028, "LATITUDE": -17.62114, "F_ID": 6 }, "geometry": { "type": "Point", "coordinates": [ 32.02028, -17.62114 ] } },
{ "type": "Feature", "properties": { "ZIMHEALTH": "_494", "DISTRICT": "Mutoko", "NAME": "Kawewe", "FACILITY": "Rural_Health_Centre", "LONGTUDE": 32.35289, "LATITUDE": -17.21972, "F_ID": 6 }, "geometry": { "type": "Point", "coordinates": [ 32.35289, -17.21972 ] } },
{ "type": "Feature", "properties": { "ZIMHEALTH": "_495", "DISTRICT": "Mutoko", "NAME": "Luisa_Guidotte", "FACILITY": "Mission_Hospital", "LONGTUDE": 32.38986, "LATITUDE": -17.35572, "F_ID": 3 }, "geometry": { "type": "Point", "coordinates": [ 32.38986, -17.35572 ] } },
{ "type": "Feature", "properties": { "ZIMHEALTH": "_496", "DISTRICT": "Mutoko", "NAME": "Nyamuzuwe", "FACILITY": "Rural_Hospital", "LONGTUDE": 32.25419, "LATITUDE": -17.25403, "F_ID": 4 }, "geometry": { "type": "Point", "coordinates": [ 32.25419, -17.25403 ] } },
{ "type": "Feature", "properties": { "ZIMHEALTH": "_497", "DISTRICT": "Seke", "NAME": "Beatrice", "FACILITY": "Rural_Hospital", "LONGTUDE": 30.85578, "LATITUDE": -18.25661, "F_ID": 4 }, "geometry": { "type": "Point", "coordinates": [ 30.85578, -18.25661 ] } },
{ "type": "Feature", "properties": { "ZIMHEALTH": "_498", "DISTRICT": "Seke", "NAME": "Muda", "FACILITY": "Clinic", "LONGTUDE": 31.01986, "LATITUDE": -18.29, "F_ID": 5 }, "geometry": { "type": "Point", "coordinates": [ 31.01986, -18.29 ] } },
{ "type": "Feature", "properties": { "ZIMHEALTH": "_499", "DISTRICT": "Seke", "NAME": "Gilston", "FACILITY": "Clinic", "LONGTUDE": 30.95022, "LATITUDE": -18.02458, "F_ID": 5 }, "geometry": { "type": "Point", "coordinates": [ 30.95022, -18.02458 ] } },
{ "type": "Feature", "properties": { "ZIMHEALTH": "_500", "DISTRICT": "Seke", "NAME": "Lanark", "FACILITY": "Clinic", "LONGTUDE": 30.90025, "LATITUDE": -18.06819, "F_ID": 5 }, "geometry": { "type": "Point", "coordinates": [ 30.90025, -18.06819 ] } },
{ "type": "Feature", "properties": { "ZIMHEALTH": "_501", "DISTRICT": "Seke", "NAME": "Ringa", "FACILITY": "Rural_Health_Centre", "LONGTUDE": 30.95044, "LATITUDE": -18.48839, "F_ID": 6 }, "geometry": { "type": "Point", "coordinates": [ 30.95044, -18.48839 ] } },
{ "type": "Feature", "properties": { "ZIMHEALTH": "_502", "DISTRICT": "Seke", "NAME": "Derbyshire", "FACILITY": "Clinic", "LONGTUDE": 31.03633, "LATITUDE": -17.95647, "F_ID": 5 }, "geometry": { "type": "Point", "coordinates": [ 31.03633, -17.95647 ] } },
{ "type": "Feature", "properties": { "ZIMHEALTH": "_503", "DISTRICT": "Seke", "NAME": "Arbo_Acers", "FACILITY": "Clinic", "LONGTUDE": 30.94106, "LATITUDE": -17.94144, "F_ID": 5 }, "geometry": { "type": "Point", "coordinates": [ 30.94106, -17.94144 ] } },
{ "type": "Feature", "properties": { "ZIMHEALTH": "_504", "DISTRICT": "Seke", "NAME": "Masasa", "FACILITY": "Rural_Health_Centre", "LONGTUDE": 31.10333, "LATITUDE": -18.41806, "F_ID": 6 }, "geometry": { "type": "Point", "coordinates": [ 31.10333, -18.41806 ] } },
{ "type": "Feature", "properties": { "ZIMHEALTH": "_505", "DISTRICT": "Seke", "NAME": "Charakupa", "FACILITY": "Clinic", "LONGTUDE": 31.33644, "LATITUDE": -18.17086, "F_ID": 5 }, "geometry": { "type": "Point", "coordinates": [ 31.33644, -18.17086 ] } },
{ "type": "Feature", "properties": { "ZIMHEALTH": "_506", "DISTRICT": "Seke", "NAME": "Kunaka", "FACILITY": "Rural_Hospital", "LONGTUDE": 31.22197, "LATITUDE": -18.07236, "F_ID": 4 }, "geometry": { "type": "Point", "coordinates": [ 31.22197, -18.07236 ] } },
{ "type": "Feature", "properties": { "ZIMHEALTH": "_507", "DISTRICT": "Seke", "NAME": "Jonasi", "FACILITY": "Clinic", "LONGTUDE": 31.13467, "LATITUDE": -18.05411, "F_ID": 5 }, "geometry": { "type": "Point", "coordinates": [ 31.13467, -18.05411 ] } },
{ "type": "Feature", "properties": { "ZIMHEALTH": "_508", "DISTRICT": "Seke", "NAME": "Chitungwiza", "FACILITY": "General_Hospital", "LONGTUDE": 31.07164, "LATITUDE": -18.01744, "F_ID": 1 }, "geometry": { "type": "Point", "coordinates": [ 31.07164, -18.01744 ] } },
{ "type": "Feature", "properties": { "ZIMHEALTH": "_509", "DISTRICT": "Seke", "NAME": "Acton_Ronolds", "FACILITY": "Rural_Health_Centre", "LONGTUDE": 31.03853, "LATITUDE": -18.35294, "F_ID": 6 }, "geometry": { "type": "Point", "coordinates": [ 31.03853, -18.35294 ] } },
{ "type": "Feature", "properties": { "ZIMHEALTH": "_510", "DISTRICT": "Seke", "NAME": "Makanyazingwa", "FACILITY": "Clinic", "LONGTUDE": 31.40164, "LATITUDE": -18.20086, "F_ID": 5 }, "geometry": { "type": "Point", "coordinates": [ 31.40164, -18.20086 ] } },
{ "type": "Feature", "properties": { "ZIMHEALTH": "_511", "DISTRICT": "Ump", "NAME": "Nyanzou", "FACILITY": "Clinic", "LONGTUDE": 32.30472, "LATITUDE": -16.78028, "F_ID": 5 }, "geometry": { "type": "Point", "coordinates": [ 32.30472, -16.78028 ] } },
{ "type": "Feature", "properties": { "ZIMHEALTH": "_512", "DISTRICT": "Ump", "NAME": "Mutawatawa", "FACILITY": "District_Hosptal", "LONGTUDE": 31.97389, "LATITUDE": -17.12139, "F_ID": 2 }, "geometry": { "type": "Point", "coordinates": [ 31.97389, -17.12139 ] } },
{ "type": "Feature", "properties": { "ZIMHEALTH": "_513", "DISTRICT": "Ump", "NAME": "Borera", "FACILITY": "Clinic", "LONGTUDE": 31.97611, "LATITUDE": -17.02083, "F_ID": 5 }, "geometry": { "type": "Point", "coordinates": [ 31.97611, -17.02083 ] } },
{ "type": "Feature", "properties": { "ZIMHEALTH": "_514", "DISTRICT": "Ump", "NAME": "Chitsungo", "FACILITY": "Clinic", "LONGTUDE": 32.07389, "LATITUDE": -16.94528, "F_ID": 5 }, "geometry": { "type": "Point", "coordinates": [ 32.07389, -16.94528 ] } },
{ "type": "Feature", "properties": { "ZIMHEALTH": "_515", "DISTRICT": "Ump", "NAME": "Dindi", "FACILITY": "Mission_Hospital", "LONGTUDE": 32.08778, "LATITUDE": -16.88, "F_ID": 3 }, "geometry": { "type": "Point", "coordinates": [ 32.08778, -16.88 ] } },
{ "type": "Feature", "properties": { "ZIMHEALTH": "_516", "DISTRICT": "Ump", "NAME": "Nyakasoro", "FACILITY": "Clinic", "LONGTUDE": 32.19194, "LATITUDE": -16.9025, "F_ID": 5 }, "geometry": { "type": "Point", "coordinates": [ 32.19194, -16.9025 ] } },
{ "type": "Feature", "properties": { "ZIMHEALTH": "_517", "DISTRICT": "Ump", "NAME": "Kafura", "FACILITY": "Rural_Health_Centre", "LONGTUDE": 32.25278, "LATITUDE": -16.84306, "F_ID": 6 }, "geometry": { "type": "Point", "coordinates": [ 32.25278, -16.84306 ] } },
{ "type": "Feature", "properties": { "ZIMHEALTH": "_518", "DISTRICT": "Ump", "NAME": "Nyanzou", "FACILITY": "Clinic", "LONGTUDE": 32.30472, "LATITUDE": -16.78028, "F_ID": 5 }, "geometry": { "type": "Point", "coordinates": [ 32.30472, -16.78028 ] } },
{ "type": "Feature", "properties": { "ZIMHEALTH": "_519", "DISTRICT": "Ump", "NAME": "Maramba", "FACILITY": "Clinic", "LONGTUDE": 31.985, "LATITUDE": -17.03667, "F_ID": 5 }, "geometry": { "type": "Point", "coordinates": [ 31.985, -17.03667 ] } },
{ "type": "Feature", "properties": { "ZIMHEALTH": "_520", "DISTRICT": "Ump", "NAME": "Gaula", "FACILITY": "Clinic(Not_Open)", "LONGTUDE": 32.09917, "LATITUDE": -16.99611, "F_ID": 8 }, "geometry": { "type": "Point", "coordinates": [ 32.09917, -16.99611 ] } },
{ "type": "Feature", "properties": { "ZIMHEALTH": "_521", "DISTRICT": "Ump", "NAME": "Katiyo", "FACILITY": "Clinic", "LONGTUDE": 31.84056, "LATITUDE": -17.2225, "F_ID": 5 }, "geometry": { "type": "Point", "coordinates": [ 31.84056, -17.2225 ] } },
{ "type": "Feature", "properties": { "ZIMHEALTH": "_522", "DISTRICT": "Ump", "NAME": "Chipfunde", "FACILITY": "Clinic", "LONGTUDE": 31.93417, "LATITUDE": -17.22472, "F_ID": 5 }, "geometry": { "type": "Point", "coordinates": [ 31.93417, -17.22472 ] } },
{ "type": "Feature", "properties": { "ZIMHEALTH": "_523", "DISTRICT": "Ump", "NAME": "Karimbika", "FACILITY": "Rural_Health_Centre", "LONGTUDE": 32.01472, "LATITUDE": -17.31306, "F_ID": 6 }, "geometry": { "type": "Point", "coordinates": [ 32.01472, -17.31306 ] } },
{ "type": "Feature", "properties": { "ZIMHEALTH": "_524", "DISTRICT": "Ump", "NAME": "Muskwe", "FACILITY": "Clinic", "LONGTUDE": 31.97639, "LATITUDE": -17.40333, "F_ID": 5 }, "geometry": { "type": "Point", "coordinates": [ 31.97639, -17.40333 ] } },
{ "type": "Feature", "properties": { "ZIMHEALTH": "_525", "DISTRICT": "Ump", "NAME": "Manyika", "FACILITY": "Clinic", "LONGTUDE": 31.89611, "LATITUDE": -17.36028, "F_ID": 5 }, "geometry": { "type": "Point", "coordinates": [ 31.89611, -17.36028 ] } },
{ "type": "Feature", "properties": { "ZIMHEALTH": "_526", "DISTRICT": "Ump", "NAME": "Nhakiwa", "FACILITY": "Clinic", "LONGTUDE": 31.80083, "LATITUDE": -17.37111, "F_ID": 5 }, "geometry": { "type": "Point", "coordinates": [ 31.80083, -17.37111 ] } },
{ "type": "Feature", "properties": { "ZIMHEALTH": "_527", "DISTRICT": "Ump", "NAME": "Chitimbe", "FACILITY": "Clinic", "LONGTUDE": 31.78361, "LATITUDE": -17.45139, "F_ID": 5 }, "geometry": { "type": "Point", "coordinates": [ 31.78361, -17.45139 ] } },
{ "type": "Feature", "properties": { "ZIMHEALTH": "_528", "DISTRICT": "Chegutu", "NAME": "Chegutu", "FACILITY": "District_Hospital", "LONGTUDE": 30.14944, "LATITUDE": -18.12861, "F_ID": 2 }, "geometry": { "type": "Point", "coordinates": [ 30.14944, -18.12861 ] } },
{ "type": "Feature", "properties": { "ZIMHEALTH": "_529", "DISTRICT": "Chegutu", "NAME": "Chegutu_DC", "FACILITY": "Council_Clinic", "LONGTUDE": 30.14556, "LATITUDE": -18.13611, "F_ID": 5 }, "geometry": { "type": "Point", "coordinates": [ 30.14556, -18.13611 ] } },
{ "type": "Feature", "properties": { "ZIMHEALTH": "_530", "DISTRICT": "Chegutu", "NAME": "Pfupajena", "FACILITY": "Municipality-clinic", "LONGTUDE": 30.13583, "LATITUDE": -18.12444, "F_ID": 5 }, "geometry": { "type": "Point", "coordinates": [ 30.13583, -18.12444 ] } },
{ "type": "Feature", "properties": { "ZIMHEALTH": "_531", "DISTRICT": "Chegutu", "NAME": "Chegutu_Urban", "FACILITY": "Municipality-clinic", "LONGTUDE": 30.14194, "LATITUDE": -18.12083, "F_ID": 5 }, "geometry": { "type": "Point", "coordinates": [ 30.14194, -18.12083 ] } },
{ "type": "Feature", "properties": { "ZIMHEALTH": "_532", "DISTRICT": "Chegutu", "NAME": "David_Whitehead", "FACILITY": "Private_Clinic", "LONGTUDE": 30.12889, "LATITUDE": -18.14167, "F_ID": 7 }, "geometry": { "type": "Point", "coordinates": [ 30.12889, -18.14167 ] } },
{ "type": "Feature", "properties": { "ZIMHEALTH": "_533", "DISTRICT": "Chegutu", "NAME": "Suri-Suri", "FACILITY": "Airforce-clinic", "LONGTUDE": 29.97694, "LATITUDE": -18.15806, "F_ID": 7 }, "geometry": { "type": "Point", "coordinates": [ 29.97694, -18.15806 ] } },
{ "type": "Feature", "properties": { "ZIMHEALTH": "_534", "DISTRICT": "Chegutu", "NAME": "Msengezi", "FACILITY": "Council_Clinic", "LONGTUDE": 30.1025, "LATITUDE": -17.94944, "F_ID": 5 }, "geometry": { "type": "Point", "coordinates": [ 30.1025, -17.94944 ] } },
{ "type": "Feature", "properties": { "ZIMHEALTH": "_535", "DISTRICT": "Chegutu", "NAME": "Doribwe", "FACILITY": "Council_Clinic", "LONGTUDE": 30.28083, "LATITUDE": -17.94361, "F_ID": 5 }, "geometry": { "type": "Point", "coordinates": [ 30.28083, -17.94361 ] } },
{ "type": "Feature", "properties": { "ZIMHEALTH": "_536", "DISTRICT": "Chegutu", "NAME": "Msengezi", "FACILITY": "Mission_Hospital", "LONGTUDE": 30.32306, "LATITUDE": -17.94944, "F_ID": 3 }, "geometry": { "type": "Point", "coordinates": [ 30.32306, -17.94944 ] } },
{ "type": "Feature", "properties": { "ZIMHEALTH": "_537", "DISTRICT": "Chegutu", "NAME": "Mbuyanehanda", "FACILITY": "Rural_health_Centre", "LONGTUDE": 30.21583, "LATITUDE": -17.92139, "F_ID": 6 }, "geometry": { "type": "Point", "coordinates": [ 30.21583, -17.92139 ] } },
{ "type": "Feature", "properties": { "ZIMHEALTH": "_538", "DISTRICT": "Chegutu", "NAME": "Hunyani", "FACILITY": "Private_Clinic", "LONGTUDE": 30.7, "LATITUDE": -17.85778, "F_ID": 7 }, "geometry": { "type": "Point", "coordinates": [ 30.7, -17.85778 ] } },
{ "type": "Feature", "properties": { "ZIMHEALTH": "_539", "DISTRICT": "Chegutu", "NAME": "Norton", "FACILITY": "Municipality", "LONGTUDE": 30.6875, "LATITUDE": -17.88694, "F_ID": 5 }, "geometry": { "type": "Point", "coordinates": [ 30.6875, -17.88694 ] } },
{ "type": "Feature", "properties": { "ZIMHEALTH": "_540", "DISTRICT": "Chegutu", "NAME": "Helenadrof", "FACILITY": "Clinic", "LONGTUDE": 30.67611, "LATITUDE": -17.87361, "F_ID": 5 }, "geometry": { "type": "Point", "coordinates": [ 30.67611, -17.87361 ] } },
{ "type": "Feature", "properties": { "ZIMHEALTH": "_541", "DISTRICT": "Chegutu", "NAME": "Katangautano", "FACILITY": "Municipality", "LONGTUDE": 30.66833, "LATITUDE": -17.8825, "F_ID": 5 }, "geometry": { "type": "Point", "coordinates": [ 30.66833, -17.8825 ] } },
{ "type": "Feature", "properties": { "ZIMHEALTH": "_542", "DISTRICT": "Chegutu", "NAME": "Sandringham", "FACILITY": "Mission_Clinic", "LONGTUDE": 30.66167, "LATITUDE": -18.08361, "F_ID": 5 }, "geometry": { "type": "Point", "coordinates": [ 30.66167, -18.08361 ] } },
{ "type": "Feature", "properties": { "ZIMHEALTH": "_543", "DISTRICT": "Chegutu", "NAME": "Chibero", "FACILITY": "Clinic", "LONGTUDE": 30.66139, "LATITUDE": -18.09583, "F_ID": 5 }, "geometry": { "type": "Point", "coordinates": [ 30.66139, -18.09583 ] } },
{ "type": "Feature", "properties": { "ZIMHEALTH": "_544", "DISTRICT": "Chegutu", "NAME": "Musinami", "FACILITY": "Rural_Health_Centre", "LONGTUDE": 30.49889, "LATITUDE": -18.30306, "F_ID": 6 }, "geometry": { "type": "Point", "coordinates": [ 30.49889, -18.30306 ] } },
{ "type": "Feature", "properties": { "ZIMHEALTH": "_545", "DISTRICT": "Chegutu", "NAME": "Rwizi", "FACILITY": "Council_Clinic", "LONGTUDE": 30.63056, "LATITUDE": -18.44833, "F_ID": 5 }, "geometry": { "type": "Point", "coordinates": [ 30.63056, -18.44833 ] } },
{ "type": "Feature", "properties": { "ZIMHEALTH": "_546", "DISTRICT": "Chegutu", "NAME": "Mupawose", "FACILITY": "Council_Clinic", "LONGTUDE": 30.5025, "LATITUDE": -18.48056, "F_ID": 5 }, "geometry": { "type": "Point", "coordinates": [ 30.5025, -18.48056 ] } },
{ "type": "Feature", "properties": { "ZIMHEALTH": "_547", "DISTRICT": "Chegutu", "NAME": "Selous", "FACILITY": "Council_Clinic", "LONGTUDE": 30.44861, "LATITUDE": -18.06861, "F_ID": 5 }, "geometry": { "type": "Point", "coordinates": [ 30.44861, -18.06861 ] } },
{ "type": "Feature", "properties": { "ZIMHEALTH": "_548", "DISTRICT": "Chegutu", "NAME": "BHP", "FACILITY": "Private_Clinic", "LONGTUDE": 30.43417, "LATITUDE": -18.03611, "F_ID": 7 }, "geometry": { "type": "Point", "coordinates": [ 30.43417, -18.03611 ] } },
{ "type": "Feature", "properties": { "ZIMHEALTH": "_549", "DISTRICT": "Chegutu", "NAME": "Chivero", "FACILITY": "Council_Clinic", "LONGTUDE": 30.60417, "LATITUDE": -18.17944, "F_ID": 5 }, "geometry": { "type": "Point", "coordinates": [ 30.60417, -18.17944 ] } },
{ "type": "Feature", "properties": { "ZIMHEALTH": "_550", "DISTRICT": "Chegutu", "NAME": "Mhondoro_North", "FACILITY": "Council_Clinic", "LONGTUDE": 30.69389, "LATITUDE": -18.16944, "F_ID": 5 }, "geometry": { "type": "Point", "coordinates": [ 30.69389, -18.16944 ] } },
{ "type": "Feature", "properties": { "ZIMHEALTH": "_551", "DISTRICT": "Chegutu", "NAME": "Monera", "FACILITY": "Council_Clinic", "LONGTUDE": 30.73194, "LATITUDE": -18.11389, "F_ID": 5 }, "geometry": { "type": "Point", "coordinates": [ 30.73194, -18.11389 ] } },
{ "type": "Feature", "properties": { "ZIMHEALTH": "_552", "DISTRICT": "Chegutu", "NAME": "Watyoka", "FACILITY": "Council_Clinic", "LONGTUDE": 30.68639, "LATITUDE": -18.32444, "F_ID": 5 }, "geometry": { "type": "Point", "coordinates": [ 30.68639, -18.32444 ] } },
{ "type": "Feature", "properties": { "ZIMHEALTH": "_553", "DISTRICT": "Chegutu", "NAME": "Chikwava", "FACILITY": "Private_Clinic", "LONGTUDE": 30.76972, "LATITUDE": -18.45056, "F_ID": 7 }, "geometry": { "type": "Point", "coordinates": [ 30.76972, -18.45056 ] } },
{ "type": "Feature", "properties": { "ZIMHEALTH": "_554", "DISTRICT": "Chegutu", "NAME": "Gora", "FACILITY": "Rural_Health_Centre", "LONGTUDE": 30.73, "LATITUDE": -18.42417, "F_ID": 6 }, "geometry": { "type": "Point", "coordinates": [ 30.73, -18.42417 ] } },
{ "type": "Feature", "properties": { "ZIMHEALTH": "_555", "DISTRICT": "Chegutu", "NAME": "Chikara", "FACILITY": "Council_Clinic", "LONGTUDE": 30.7, "LATITUDE": -18.47028, "F_ID": 5 }, "geometry": { "type": "Point", "coordinates": [ 30.7, -18.47028 ] } },
{ "type": "Feature", "properties": { "ZIMHEALTH": "_556", "DISTRICT": "Chegutu", "NAME": "Mhondoro", "FACILITY": "Rural_Hospital", "LONGTUDE": 30.58861, "LATITUDE": -18.31833, "F_ID": 4 }, "geometry": { "type": "Point", "coordinates": [ 30.58861, -18.31833 ] } },
{ "type": "Feature", "properties": { "ZIMHEALTH": "_557", "DISTRICT": "Hurungwe", "NAME": "Karoi", "FACILITY": "District_Hospital", "LONGTUDE": 29.68778, "LATITUDE": -16.81528, "F_ID": 2 }, "geometry": { "type": "Point", "coordinates": [ 29.68778, -16.81528 ] } },
{ "type": "Feature", "properties": { "ZIMHEALTH": "_558", "DISTRICT": "Hurungwe", "NAME": "Chikanziwe", "FACILITY": "Council_Clinic", "LONGTUDE": 29.69778, "LATITUDE": -16.80722, "F_ID": 5 }, "geometry": { "type": "Point", "coordinates": [ 29.69778, -16.80722 ] } },
{ "type": "Feature", "properties": { "ZIMHEALTH": "_559", "DISTRICT": "Hurungwe", "NAME": "Nyamakaze", "FACILITY": "Gvt_Clinic", "LONGTUDE": 29.43639, "LATITUDE": -16.40389, "F_ID": 5 }, "geometry": { "type": "Point", "coordinates": [ 29.43639, -16.40389 ] } },
{ "type": "Feature", "properties": { "ZIMHEALTH": "_560", "DISTRICT": "Hurungwe", "NAME": "Marongora", "FACILITY": "National_Park-clinic", "LONGTUDE": 29.1625, "LATITUDE": -16.22889, "F_ID": 7 }, "geometry": { "type": "Point", "coordinates": [ 29.1625, -16.22889 ] } },
{ "type": "Feature", "properties": { "ZIMHEALTH": "_561", "DISTRICT": "Hurungwe", "NAME": "Mana_Pools", "FACILITY": "National_Park-clinic", "LONGTUDE": 29.36194, "LATITUDE": -15.72139, "F_ID": 7 }, "geometry": { "type": "Point", "coordinates": [ 29.36194, -15.72139 ] } },
{ "type": "Feature", "properties": { "ZIMHEALTH": "_562", "DISTRICT": "Hurungwe", "NAME": "Hewiyai", "FACILITY": "Council_Clinic", "LONGTUDE": 29.67389, "LATITUDE": -16.56972, "F_ID": 5 }, "geometry": { "type": "Point", "coordinates": [ 29.67389, -16.56972 ] } },
{ "type": "Feature", "properties": { "ZIMHEALTH": "_563", "DISTRICT": "Hurungwe", "NAME": "LYNX", "FACILITY": "Clinic_Private_Clinic", "LONGTUDE": 29.45083, "LATITUDE": -16.59806, "F_ID": 7 }, "geometry": { "type": "Point", "coordinates": [ 29.45083, -16.59806 ] } },
{ "type": "Feature", "properties": { "ZIMHEALTH": "_564", "DISTRICT": "Hurungwe", "NAME": "Chirundu", "FACILITY": "Gvt_Clinic", "LONGTUDE": 28.86056, "LATITUDE": -16.04389, "F_ID": 5 }, "geometry": { "type": "Point", "coordinates": [ 28.86056, -16.04389 ] } },
{ "type": "Feature", "properties": { "ZIMHEALTH": "_565", "DISTRICT": "Hurungwe", "NAME": "Karuru", "FACILITY": "Council_(Construction)", "LONGTUDE": 29.64278, "LATITUDE": -16.47806, "F_ID": 7 }, "geometry": { "type": "Point", "coordinates": [ 29.64278, -16.47806 ] } },
{ "type": "Feature", "properties": { "ZIMHEALTH": "_566", "DISTRICT": "Hurungwe", "NAME": "Mashongwe", "FACILITY": "Council_Clinic", "LONGTUDE": 29.54167, "LATITUDE": -16.44056, "F_ID": 5 }, "geometry": { "type": "Point", "coordinates": [ 29.54167, -16.44056 ] } },
{ "type": "Feature", "properties": { "ZIMHEALTH": "_567", "DISTRICT": "Hurungwe", "NAME": "Chundu", "FACILITY": "Council_Clinic", "LONGTUDE": 29.6425, "LATITUDE": -16.39278, "F_ID": 5 }, "geometry": { "type": "Point", "coordinates": [ 29.6425, -16.39278 ] } },
{ "type": "Feature", "properties": { "ZIMHEALTH": "_568", "DISTRICT": "Hurungwe", "NAME": "Mwami", "FACILITY": "clinic", "LONGTUDE": 29.77611, "LATITUDE": -16.67167, "F_ID": 5 }, "geometry": { "type": "Point", "coordinates": [ 29.77611, -16.67167 ] } },
{ "type": "Feature", "properties": { "ZIMHEALTH": "_569", "DISTRICT": "Hurungwe", "NAME": "Kazangarare", "FACILITY": "Gvt_Council", "LONGTUDE": 29.83556, "LATITUDE": -16.55917, "F_ID": 5 }, "geometry": { "type": "Point", "coordinates": [ 29.83556, -16.55917 ] } },
{ "type": "Feature", "properties": { "ZIMHEALTH": "_570", "DISTRICT": "Hurungwe", "NAME": "Dete", "FACILITY": "Council_Clinic", "LONGTUDE": 29.9425, "LATITUDE": -16.50056, "F_ID": 5 }, "geometry": { "type": "Point", "coordinates": [ 29.9425, -16.50056 ] } },
{ "type": "Feature", "properties": { "ZIMHEALTH": "_571", "DISTRICT": "Hurungwe", "NAME": "Tenewe", "FACILITY": "Council_Clinic", "LONGTUDE": 29.61167, "LATITUDE": -17.29056, "F_ID": 5 }, "geometry": { "type": "Point", "coordinates": [ 29.61167, -17.29056 ] } },
{ "type": "Feature", "properties": { "ZIMHEALTH": "_572", "DISTRICT": "Hurungwe", "NAME": "Chinhere", "FACILITY": "Council_Clinic", "LONGTUDE": 29.43694, "LATITUDE": -17.21556, "F_ID": 5 }, "geometry": { "type": "Point", "coordinates": [ 29.43694, -17.21556 ] } },
{ "type": "Feature", "properties": { "ZIMHEALTH": "_573", "DISTRICT": "Hurungwe", "NAME": "Chivende", "FACILITY": "Gvt_Clinic", "LONGTUDE": 29.34944, "LATITUDE": -17.31583, "F_ID": 5 }, "geometry": { "type": "Point", "coordinates": [ 29.34944, -17.31583 ] } },
{ "type": "Feature", "properties": { "ZIMHEALTH": "_574", "DISTRICT": "Hurungwe", "NAME": "Magunje_Army", "FACILITY": "Army_Clinic", "LONGTUDE": 29.42333, "LATITUDE": -16.86528, "F_ID": 5 }, "geometry": { "type": "Point", "coordinates": [ 29.42333, -16.86528 ] } },
{ "type": "Feature", "properties": { "ZIMHEALTH": "_575", "DISTRICT": "Hurungwe", "NAME": "Kasimube", "FACILITY": "Rural_Health_Centre", "LONGTUDE": 29.87722, "LATITUDE": -17.03111, "F_ID": 6 }, "geometry": { "type": "Point", "coordinates": [ 29.87722, -17.03111 ] } },
{ "type": "Feature", "properties": { "ZIMHEALTH": "_576", "DISTRICT": "Hurungwe", "NAME": "Nyangoma", "FACILITY": "Council_Clinic", "LONGTUDE": 29.92667, "LATITUDE": -16.86639, "F_ID": 5 }, "geometry": { "type": "Point", "coordinates": [ 29.92667, -16.86639 ] } },
{ "type": "Feature", "properties": { "ZIMHEALTH": "_577", "DISTRICT": "Hurungwe", "NAME": "Nyama", "FACILITY": "Council", "LONGTUDE": 29.76722, "LATITUDE": -16.40694, "F_ID": 5 }, "geometry": { "type": "Point", "coordinates": [ 29.76722, -16.40694 ] } },
{ "type": "Feature", "properties": { "ZIMHEALTH": "_578", "DISTRICT": "Hurungwe", "NAME": "Magunje", "FACILITY": "Rural_Hospital", "LONGTUDE": 29.41056, "LATITUDE": -16.855, "F_ID": 4 }, "geometry": { "type": "Point", "coordinates": [ 29.41056, -16.855 ] } },
{ "type": "Feature", "properties": { "ZIMHEALTH": "_579", "DISTRICT": "Hurungwe", "NAME": "Masanga", "FACILITY": "Gvt_Clinic", "LONGTUDE": 29.23, "LATITUDE": -16.73611, "F_ID": 5 }, "geometry": { "type": "Point", "coordinates": [ 29.23, -16.73611 ] } },
{ "type": "Feature", "properties": { "ZIMHEALTH": "_580", "DISTRICT": "Hurungwe", "NAME": "Nyamhunga", "FACILITY": "Council_Clinic", "LONGTUDE": 29.19528, "LATITUDE": -16.885, "F_ID": 5 }, "geometry": { "type": "Point", "coordinates": [ 29.19528, -16.885 ] } },
{ "type": "Feature", "properties": { "ZIMHEALTH": "_581", "DISTRICT": "Hurungwe", "NAME": "Zvipani", "FACILITY": "Gvt_Clinic", "LONGTUDE": 29.21028, "LATITUDE": -16.98306, "F_ID": 5 }, "geometry": { "type": "Point", "coordinates": [ 29.21028, -16.98306 ] } },
{ "type": "Feature", "properties": { "ZIMHEALTH": "_582", "DISTRICT": "Hurungwe", "NAME": "Hesketh", "FACILITY": "Council_Clinic", "LONGTUDE": 29.53778, "LATITUDE": -16.86944, "F_ID": 5 }, "geometry": { "type": "Point", "coordinates": [ 29.53778, -16.86944 ] } },
{ "type": "Feature", "properties": { "ZIMHEALTH": "_583", "DISTRICT": "Hurungwe", "NAME": "Kapfundi", "FACILITY": "Council_Clinic", "LONGTUDE": 29.40833, "LATITUDE": -17.06583, "F_ID": 5 }, "geometry": { "type": "Point", "coordinates": [ 29.40833, -17.06583 ] } },
{ "type": "Feature", "properties": { "ZIMHEALTH": "_584", "DISTRICT": "Hurungwe", "NAME": "Chidamoyo", "FACILITY": "Mission_Hospital", "LONGTUDE": 29.19194, "LATITUDE": -17.14833, "F_ID": 3 }, "geometry": { "type": "Point", "coordinates": [ 29.19194, -17.14833 ] } },
{ "type": "Feature", "properties": { "ZIMHEALTH": "_585", "DISTRICT": "Kadoma", "NAME": "Kadora", "FACILITY": "District_Hosp", "LONGTUDE": 29.91167, "LATITUDE": -18.33083, "F_ID": 2 }, "geometry": { "type": "Point", "coordinates": [ 29.91167, -18.33083 ] } },
{ "type": "Feature", "properties": { "ZIMHEALTH": "_586", "DISTRICT": "Kadoma", "NAME": "Ingezi", "FACILITY": "Manicipality", "LONGTUDE": 29.85972, "LATITUDE": -18.37889, "F_ID": 5 }, "geometry": { "type": "Point", "coordinates": [ 29.85972, -18.37889 ] } },
{ "type": "Feature", "properties": { "ZIMHEALTH": "_587", "DISTRICT": "Kadoma", "NAME": "Prisons", "FACILITY": "Gvt_Clinic", "LONGTUDE": 29.87556, "LATITUDE": -18.38917, "F_ID": 5 }, "geometry": { "type": "Point", "coordinates": [ 29.87556, -18.38917 ] } },
{ "type": "Feature", "properties": { "ZIMHEALTH": "_588", "DISTRICT": "Kadoma", "NAME": "Annex", "FACILITY": "Gvt_Infections", "LONGTUDE": 29.88167, "LATITUDE": -18.35528, "F_ID": 2 }, "geometry": { "type": "Point", "coordinates": [ 29.88167, -18.35528 ] } },
{ "type": "Feature", "properties": { "ZIMHEALTH": "_589", "DISTRICT": "Kadoma", "NAME": "Kadoma_Clinic", "FACILITY": "Municipality", "LONGTUDE": 29.89833, "LATITUDE": -18.34583, "F_ID": 5 }, "geometry": { "type": "Point", "coordinates": [ 29.89833, -18.34583 ] } },
{ "type": "Feature", "properties": { "ZIMHEALTH": "_590", "DISTRICT": "Kadoma", "NAME": "Ordoff", "FACILITY": "Council_Clinic", "LONGTUDE": 29.8475, "LATITUDE": -18.28083, "F_ID": 5 }, "geometry": { "type": "Point", "coordinates": [ 29.8475, -18.28083 ] } },
{ "type": "Feature", "properties": { "ZIMHEALTH": "_591", "DISTRICT": "Kadoma", "NAME": "Golden_Valley", "FACILITY": "Private_Mine_Clinic", "LONGTUDE": 29.79306, "LATITUDE": -18.22306, "F_ID": 7 }, "geometry": { "type": "Point", "coordinates": [ 29.79306, -18.22306 ] } },
{ "type": "Feature", "properties": { "ZIMHEALTH": "_592", "DISTRICT": "Kadoma", "NAME": "Chakari", "FACILITY": "Private_Mine_Clinic", "LONGTUDE": 29.84528, "LATITUDE": -18.07833, "F_ID": 7 }, "geometry": { "type": "Point", "coordinates": [ 29.84528, -18.07833 ] } },
{ "type": "Feature", "properties": { "ZIMHEALTH": "_593", "DISTRICT": "Kadoma", "NAME": "Donain", "FACILITY": "Rural_Health_Centre", "LONGTUDE": 29.62889, "LATITUDE": -18.50778, "F_ID": 6 }, "geometry": { "type": "Point", "coordinates": [ 29.62889, -18.50778 ] } },
{ "type": "Feature", "properties": { "ZIMHEALTH": "_594", "DISTRICT": "Kadoma", "NAME": "Venice", "FACILITY": "Mine_Clinic", "LONGTUDE": 29.7725, "LATITUDE": -18.50778, "F_ID": 5 }, "geometry": { "type": "Point", "coordinates": [ 29.7725, -18.50778 ] } },
{ "type": "Feature", "properties": { "ZIMHEALTH": "_595", "DISTRICT": "Kadoma", "NAME": "Battlefields", "FACILITY": "Army_Hospital", "LONGTUDE": 29.90583, "LATITUDE": -18.62444, "F_ID": 4 }, "geometry": { "type": "Point", "coordinates": [ 29.90583, -18.62444 ] } },
{ "type": "Feature", "properties": { "ZIMHEALTH": "_596", "DISTRICT": "Kadoma", "NAME": "Turf", "FACILITY": "Council_Clinic", "LONGTUDE": 30.27694, "LATITUDE": -18.67639, "F_ID": 5 }, "geometry": { "type": "Point", "coordinates": [ 30.27694, -18.67639 ] } },
{ "type": "Feature", "properties": { "ZIMHEALTH": "_597", "DISTRICT": "Kadoma", "NAME": "Effel_Flat", "FACILITY": "Mine_Clinic", "LONGTUDE": 29.98111, "LATITUDE": -18.31694, "F_ID": 7 }, "geometry": { "type": "Point", "coordinates": [ 29.98111, -18.31694 ] } },
{ "type": "Feature", "properties": { "ZIMHEALTH": "_598", "DISTRICT": "Kadoma", "NAME": "Bumbe", "FACILITY": "Rural_Health_Centre", "LONGTUDE": 30.41667, "LATITUDE": -18.59389, "F_ID": 6 }, "geometry": { "type": "Point", "coordinates": [ 30.41667, -18.59389 ] } },
{ "type": "Feature", "properties": { "ZIMHEALTH": "_599", "DISTRICT": "Kadoma", "NAME": "Manyewe", "FACILITY": "Council_Clinic", "LONGTUDE": 30.52306, "LATITUDE": -18.60722, "F_ID": 5 }, "geometry": { "type": "Point", "coordinates": [ 30.52306, -18.60722 ] } },
{ "type": "Feature", "properties": { "ZIMHEALTH": "_600", "DISTRICT": "Kadoma", "NAME": "Bururu", "FACILITY": "Council_Clinic", "LONGTUDE": 30.49056, "LATITUDE": -18.69722, "F_ID": 5 }, "geometry": { "type": "Point", "coordinates": [ 30.49056, -18.69722 ] } },
{ "type": "Feature", "properties": { "ZIMHEALTH": "_601", "DISTRICT": "Kadoma", "NAME": "Mafindifindi", "FACILITY": "Council_Clinic", "LONGTUDE": 30.51417, "LATITUDE": -18.74611, "F_ID": 5 }, "geometry": { "type": "Point", "coordinates": [ 30.51417, -18.74611 ] } },
{ "type": "Feature", "properties": { "ZIMHEALTH": "_602", "DISTRICT": "Kadoma", "NAME": "Manyoni", "FACILITY": "Council_Clinic", "LONGTUDE": 30.46833, "LATITUDE": -18.8175, "F_ID": 5 }, "geometry": { "type": "Point", "coordinates": [ 30.46833, -18.8175 ] } },
{ "type": "Feature", "properties": { "ZIMHEALTH": "_603", "DISTRICT": "Kadoma", "NAME": "Dondoshava", "FACILITY": "Gvt_Clinic", "LONGTUDE": 30.59694, "LATITUDE": -18.68278, "F_ID": 5 }, "geometry": { "type": "Point", "coordinates": [ 30.59694, -18.68278 ] } },
{ "type": "Feature", "properties": { "ZIMHEALTH": "_604", "DISTRICT": "Kadoma", "NAME": "Ngezi", "FACILITY": "Rural_Hosp", "LONGTUDE": 30.6325, "LATITUDE": -18.65417, "F_ID": 4 }, "geometry": { "type": "Point", "coordinates": [ 30.6325, -18.65417 ] } },
{ "type": "Feature", "properties": { "ZIMHEALTH": "_605", "DISTRICT": "Kadoma", "NAME": "Murambwa", "FACILITY": "Council_clinic", "LONGTUDE": 30.72167, "LATITUDE": -18.58333, "F_ID": 5 }, "geometry": { "type": "Point", "coordinates": [ 30.72167, -18.58333 ] } },
{ "type": "Feature", "properties": { "ZIMHEALTH": "_606", "DISTRICT": "Kadoma", "NAME": "St._Michels", "FACILITY": "Mission_Hospital", "LONGTUDE": 30.67889, "LATITUDE": -18.56667, "F_ID": 3 }, "geometry": { "type": "Point", "coordinates": [ 30.67889, -18.56667 ] } },
{ "type": "Feature", "properties": { "ZIMHEALTH": "_607", "DISTRICT": "Kadoma", "NAME": "Muzvezve", "FACILITY": "Gvt_Clinic", "LONGTUDE": 30.5825, "LATITUDE": -18.54444, "F_ID": 5 }, "geometry": { "type": "Point", "coordinates": [ 30.5825, -18.54444 ] } },
{ "type": "Feature", "properties": { "ZIMHEALTH": "_608", "DISTRICT": "Kadoma", "NAME": "Mukarati", "FACILITY": "Council_Clinic", "LONGTUDE": 30.48917, "LATITUDE": -18.55667, "F_ID": 5 }, "geometry": { "type": "Point", "coordinates": [ 30.48917, -18.55667 ] } },
{ "type": "Feature", "properties": { "ZIMHEALTH": "_609", "DISTRICT": "Kadoma", "NAME": "Nyamatani", "FACILITY": "Rural_Health_Centre", "LONGTUDE": 29.53472, "LATITUDE": -18.19917, "F_ID": 6 }, "geometry": { "type": "Point", "coordinates": [ 29.53472, -18.19917 ] } },
{ "type": "Feature", "properties": { "ZIMHEALTH": "_610", "DISTRICT": "Kadoma", "NAME": "Gena_1", "FACILITY": "Rural_Health_Centre", "LONGTUDE": 29.32472, "LATITUDE": -17.87056, "F_ID": 6 }, "geometry": { "type": "Point", "coordinates": [ 29.32472, -17.87056 ] } },
{ "type": "Feature", "properties": { "ZIMHEALTH": "_611", "DISTRICT": "Kadoma", "NAME": "Chenjiri", "FACILITY": "Council_Clinic", "LONGTUDE": 29.40944, "LATITUDE": -17.86083, "F_ID": 5 }, "geometry": { "type": "Point", "coordinates": [ 29.40944, -17.86083 ] } },
{ "type": "Feature", "properties": { "ZIMHEALTH": "_612", "DISTRICT": "Kadoma", "NAME": "Nyabango", "FACILITY": "Rural_Health_Centre", "LONGTUDE": 29.52722, "LATITUDE": -17.85306, "F_ID": 6 }, "geometry": { "type": "Point", "coordinates": [ 29.52722, -17.85306 ] } },
{ "type": "Feature", "properties": { "ZIMHEALTH": "_613", "DISTRICT": "Kadoma", "NAME": "Nyaonde", "FACILITY": "Rural_Health_Centre", "LONGTUDE": 29.43694, "LATITUDE": -17.73222, "F_ID": 6 }, "geometry": { "type": "Point", "coordinates": [ 29.43694, -17.73222 ] } },
{ "type": "Feature", "properties": { "ZIMHEALTH": "_614", "DISTRICT": "Kadoma", "NAME": "Rusvingo", "FACILITY": "Clinic_(construction)", "LONGTUDE": 29.41444, "LATITUDE": -17.60833, "F_ID": 7 }, "geometry": { "type": "Point", "coordinates": [ 29.41444, -17.60833 ] } },
{ "type": "Feature", "properties": { "ZIMHEALTH": "_615", "DISTRICT": "Kadoma", "NAME": "Sanyati", "FACILITY": "Mission_Hospital", "LONGTUDE": 29.30917, "LATITUDE": -17.95278, "F_ID": 3 }, "geometry": { "type": "Point", "coordinates": [ 29.30917, -17.95278 ] } },
{ "type": "Feature", "properties": { "ZIMHEALTH": "_616", "DISTRICT": "Kadoma", "NAME": "Sanyati_Area", "FACILITY": "Council_Clinic", "LONGTUDE": 29.24333, "LATITUDE": -17.99083, "F_ID": 5 }, "geometry": { "type": "Point", "coordinates": [ 29.24333, -17.99083 ] } },
{ "type": "Feature", "properties": { "ZIMHEALTH": "_617", "DISTRICT": "Kadoma", "NAME": "Chirikiti", "FACILITY": "Council_Clinic", "LONGTUDE": 29.42056, "LATITUDE": -17.97611, "F_ID": 5 }, "geometry": { "type": "Point", "coordinates": [ 29.42056, -17.97611 ] } },
{ "type": "Feature", "properties": { "ZIMHEALTH": "_618", "DISTRICT": "Kadoma", "NAME": "Muuyu", "FACILITY": "Council_Clinic", "LONGTUDE": 29.49194, "LATITUDE": -17.94722, "F_ID": 5 }, "geometry": { "type": "Point", "coordinates": [ 29.49194, -17.94722 ] } },
{ "type": "Feature", "properties": { "ZIMHEALTH": "_619", "DISTRICT": "Kadoma", "NAME": "Jompani", "FACILITY": "Rural_Health_Centre", "LONGTUDE": 29.44861, "LATITUDE": -18.06917, "F_ID": 6 }, "geometry": { "type": "Point", "coordinates": [ 29.44861, -18.06917 ] } },
{ "type": "Feature", "properties": { "ZIMHEALTH": "_620", "DISTRICT": "Kadoma", "NAME": "Chegutu_6", "FACILITY": "(New_Site)", "LONGTUDE": 29.755, "LATITUDE": -17.92028, "F_ID": 8 }, "geometry": { "type": "Point", "coordinates": [ 29.755, -17.92028 ] } },
{ "type": "Feature", "properties": { "ZIMHEALTH": "_621", "DISTRICT": "Kadoma", "NAME": "Venice", "FACILITY": "Mine_Clinic", "LONGTUDE": 29.7725, "LATITUDE": -18.50778, "F_ID": 7 }, "geometry": { "type": "Point", "coordinates": [ 29.7725, -18.50778 ] } },
{ "type": "Feature", "properties": { "ZIMHEALTH": "_622", "DISTRICT": "Kariba", "NAME": "Kariba", "FACILITY": "District_Hospital", "LONGTUDE": 28.79167, "LATITUDE": -16.52028, "F_ID": 2 }, "geometry": { "type": "Point", "coordinates": [ 28.79167, -16.52028 ] } },
{ "type": "Feature", "properties": { "ZIMHEALTH": "_623", "DISTRICT": "Kariba", "NAME": "Mahombekombe", "FACILITY": "Council_Clinic", "LONGTUDE": 28.75806, "LATITUDE": -16.52611, "F_ID": 5 }, "geometry": { "type": "Point", "coordinates": [ 28.75806, -16.52611 ] } },
{ "type": "Feature", "properties": { "ZIMHEALTH": "_624", "DISTRICT": "Kariba", "NAME": "Nyamhunga", "FACILITY": "Council_Clinic", "LONGTUDE": 28.84833, "LATITUDE": -16.51806, "F_ID": 5 }, "geometry": { "type": "Point", "coordinates": [ 28.84833, -16.51806 ] } },
{ "type": "Feature", "properties": { "ZIMHEALTH": "_625", "DISTRICT": "Kariba", "NAME": "Charara", "FACILITY": "Farm_Clinic", "LONGTUDE": 28.96361, "LATITUDE": -16.55167, "F_ID": 7 }, "geometry": { "type": "Point", "coordinates": [ 28.96361, -16.55167 ] } },
{ "type": "Feature", "properties": { "ZIMHEALTH": "_626", "DISTRICT": "Kariba", "NAME": "Army", "FACILITY": "Clinic", "LONGTUDE": 28.82639, "LATITUDE": -16.52639, "F_ID": 5 }, "geometry": { "type": "Point", "coordinates": [ 28.82639, -16.52639 ] } },
{ "type": "Feature", "properties": { "ZIMHEALTH": "_627", "DISTRICT": "Kariba", "NAME": "Gatse_Gatse", "FACILITY": "Gvt_Clinic", "LONGTUDE": 28.86028, "LATITUDE": -16.78361, "F_ID": 5 }, "geometry": { "type": "Point", "coordinates": [ 28.86028, -16.78361 ] } },
{ "type": "Feature", "properties": { "ZIMHEALTH": "_628", "DISTRICT": "Kariba", "NAME": "Kanyati", "FACILITY": "Rural_Health_Centre", "LONGTUDE": 28.99528, "LATITUDE": -16.91528, "F_ID": 6 }, "geometry": { "type": "Point", "coordinates": [ 28.99528, -16.91528 ] } },
{ "type": "Feature", "properties": { "ZIMHEALTH": "_629", "DISTRICT": "Kariba", "NAME": "Msampakarume", "FACILITY": "Council_Clinic", "LONGTUDE": 28.76778, "LATITUDE": -17.15861, "F_ID": 5 }, "geometry": { "type": "Point", "coordinates": [ 28.76778, -17.15861 ] } },
{ "type": "Feature", "properties": { "ZIMHEALTH": "_630", "DISTRICT": "Kariba", "NAME": "Siakobvu", "FACILITY": "Rural_Hospital", "LONGTUDE": 28.36417, "LATITUDE": -17.13111, "F_ID": 4 }, "geometry": { "type": "Point", "coordinates": [ 28.36417, -17.13111 ] } },
{ "type": "Feature", "properties": { "ZIMHEALTH": "_631", "DISTRICT": "Kariba", "NAME": "Mola", "FACILITY": "Rural_Health_Centre", "LONGTUDE": 28.29861, "LATITUDE": -16.92611, "F_ID": 6 }, "geometry": { "type": "Point", "coordinates": [ 28.29861, -16.92611 ] } },
{ "type": "Feature", "properties": { "ZIMHEALTH": "_632", "DISTRICT": "Kariba", "NAME": "Chalala", "FACILITY": "Council_Clinic", "LONGTUDE": 28.30028, "LATITUDE": -16.84167, "F_ID": 5 }, "geometry": { "type": "Point", "coordinates": [ 28.30028, -16.84167 ] } },
{ "type": "Feature", "properties": { "ZIMHEALTH": "_633", "DISTRICT": "Kariba", "NAME": "Negande", "FACILITY": "Gvt_Clinic", "LONGTUDE": 28.24111, "LATITUDE": -17.19278, "F_ID": 5 }, "geometry": { "type": "Point", "coordinates": [ 28.24111, -17.19278 ] } },
{ "type": "Feature", "properties": { "ZIMHEALTH": "_634", "DISTRICT": "Makonde", "NAME": "Chinhoyi_P.H", "FACILITY": "Provincial_Hospital", "LONGTUDE": 30.20889, "LATITUDE": -17.36222, "F_ID": 1 }, "geometry": { "type": "Point", "coordinates": [ 30.20889, -17.36222 ] } },
{ "type": "Feature", "properties": { "ZIMHEALTH": "_635", "DISTRICT": "Makonde", "NAME": "Chikonohono", "FACILITY": "Clinic", "LONGTUDE": 30.19444, "LATITUDE": -17.39, "F_ID": 5 }, "geometry": { "type": "Point", "coordinates": [ 30.19444, -17.39 ] } },
{ "type": "Feature", "properties": { "ZIMHEALTH": "_636", "DISTRICT": "Makonde", "NAME": "Akaska", "FACILITY": "Clinic", "LONGTUDE": 30.0675, "LATITUDE": -17.37389, "F_ID": 5 }, "geometry": { "type": "Point", "coordinates": [ 30.0675, -17.37389 ] } },
{ "type": "Feature", "properties": { "ZIMHEALTH": "_637", "DISTRICT": "Makonde", "NAME": "Murereka", "FACILITY": "Clinic", "LONGTUDE": 30.02639, "LATITUDE": -17.27556, "F_ID": 5 }, "geometry": { "type": "Point", "coordinates": [ 30.02639, -17.27556 ] } },
{ "type": "Feature", "properties": { "ZIMHEALTH": "_638", "DISTRICT": "Makonde", "NAME": "Mhangura", "FACILITY": "Private_Hospital", "LONGTUDE": 30.16444, "LATITUDE": -16.89194, "F_ID": 7 }, "geometry": { "type": "Point", "coordinates": [ 30.16444, -16.89194 ] } },
{ "type": "Feature", "properties": { "ZIMHEALTH": "_639", "DISTRICT": "Makonde", "NAME": "Kenzamba", "FACILITY": "Clinic", "LONGTUDE": 29.605, "LATITUDE": -17.47306, "F_ID": 5 }, "geometry": { "type": "Point", "coordinates": [ 29.605, -17.47306 ] } },
{ "type": "Feature", "properties": { "ZIMHEALTH": "_640", "DISTRICT": "Makonde", "NAME": "Kamonde", "FACILITY": "Clinic", "LONGTUDE": 29.35861, "LATITUDE": -17.47306, "F_ID": 5 }, "geometry": { "type": "Point", "coordinates": [ 29.35861, -17.47306 ] } },
{ "type": "Feature", "properties": { "ZIMHEALTH": "_641", "DISTRICT": "Makonde", "NAME": "Obva", "FACILITY": "Clinic", "LONGTUDE": 29.50639, "LATITUDE": -17.53444, "F_ID": 5 }, "geometry": { "type": "Point", "coordinates": [ 29.50639, -17.53444 ] } },
{ "type": "Feature", "properties": { "ZIMHEALTH": "_642", "DISTRICT": "Makonde", "NAME": "Ruweni", "FACILITY": "Under_Construction", "LONGTUDE": 29.65639, "LATITUDE": -17.68833, "F_ID": 8 }, "geometry": { "type": "Point", "coordinates": [ 29.65639, -17.68833 ] } },
{ "type": "Feature", "properties": { "ZIMHEALTH": "_643", "DISTRICT": "Makonde", "NAME": "Hombwe", "FACILITY": "Clinic", "LONGTUDE": 29.77917, "LATITUDE": -17.69417, "F_ID": 5 }, "geometry": { "type": "Point", "coordinates": [ 29.77917, -17.69417 ] } },
{ "type": "Feature", "properties": { "ZIMHEALTH": "_644", "DISTRICT": "Makonde", "NAME": "St._Rupets", "FACILITY": "Mission_Hospital", "LONGTUDE": 29.69278, "LATITUDE": -17.76917, "F_ID": 3 }, "geometry": { "type": "Point", "coordinates": [ 29.69278, -17.76917 ] } },
{ "type": "Feature", "properties": { "ZIMHEALTH": "_645", "DISTRICT": "Makonde", "NAME": "Mukohwe", "FACILITY": "Clinic", "LONGTUDE": 29.81083, "LATITUDE": -17.81028, "F_ID": 5 }, "geometry": { "type": "Point", "coordinates": [ 29.81083, -17.81028 ] } },
{ "type": "Feature", "properties": { "ZIMHEALTH": "_646", "DISTRICT": "Makonde", "NAME": "Zumbara", "FACILITY": "Clinic", "LONGTUDE": 29.88139, "LATITUDE": -17.67361, "F_ID": 5 }, "geometry": { "type": "Point", "coordinates": [ 29.88139, -17.67361 ] } },
{ "type": "Feature", "properties": { "ZIMHEALTH": "_647", "DISTRICT": "Makonde", "NAME": "Matorangera", "FACILITY": "Clinic", "LONGTUDE": 30.11194, "LATITUDE": -17.56833, "F_ID": 5 }, "geometry": { "type": "Point", "coordinates": [ 30.11194, -17.56833 ] } },
{ "type": "Feature", "properties": { "ZIMHEALTH": "_648", "DISTRICT": "Makonde", "NAME": "Doma", "FACILITY": "Clinic", "LONGTUDE": 30.24222, "LATITUDE": -16.75889, "F_ID": 5 }, "geometry": { "type": "Point", "coordinates": [ 30.24222, -16.75889 ] } },
{ "type": "Feature", "properties": { "ZIMHEALTH": "_649", "DISTRICT": "Makonde", "NAME": "Kosana", "FACILITY": "Clinic", "LONGTUDE": 30.21389, "LATITUDE": -16.66722, "F_ID": 5 }, "geometry": { "type": "Point", "coordinates": [ 30.21389, -16.66722 ] } },
{ "type": "Feature", "properties": { "ZIMHEALTH": "_650", "DISTRICT": "Makonde", "NAME": "Umboe", "FACILITY": "Clinic", "LONGTUDE": 30.18333, "LATITUDE": -17.0475, "F_ID": 5 }, "geometry": { "type": "Point", "coordinates": [ 30.18333, -17.0475 ] } },
{ "type": "Feature", "properties": { "ZIMHEALTH": "_651", "DISTRICT": "Makonde", "NAME": "Muitubu", "FACILITY": "Clinic", "LONGTUDE": 30.05722, "LATITUDE": -16.92889, "F_ID": 5 }, "geometry": { "type": "Point", "coordinates": [ 30.05722, -16.92889 ] } },
{ "type": "Feature", "properties": { "ZIMHEALTH": "_652", "DISTRICT": "Makonde", "NAME": "Godzi", "FACILITY": "Clinic", "LONGTUDE": 29.52222, "LATITUDE": -17.61778, "F_ID": 5 }, "geometry": { "type": "Point", "coordinates": [ 29.52222, -17.61778 ] } },
{ "type": "Feature", "properties": { "ZIMHEALTH": "_653", "DISTRICT": "Zvimba", "NAME": "Banket", "FACILITY": "District_Hosp", "LONGTUDE": 30.39583, "LATITUDE": -17.38333, "F_ID": 2 }, "geometry": { "type": "Point", "coordinates": [ 30.39583, -17.38333 ] } },
{ "type": "Feature", "properties": { "ZIMHEALTH": "_654", "DISTRICT": "Zvimba", "NAME": "Kuwadzana", "FACILITY": "Council_Clinic", "LONGTUDE": 30.39472, "LATITUDE": -17.37639, "F_ID": 5 }, "geometry": { "type": "Point", "coordinates": [ 30.39472, -17.37639 ] } },
{ "type": "Feature", "properties": { "ZIMHEALTH": "_655", "DISTRICT": "Zvimba", "NAME": "Chambadzi", "FACILITY": "Gold_Mine_Clinic", "LONGTUDE": 30.38, "LATITUDE": -17.18056, "F_ID": 7 }, "geometry": { "type": "Point", "coordinates": [ 30.38, -17.18056 ] } },
{ "type": "Feature", "properties": { "ZIMHEALTH": "_656", "DISTRICT": "Zvimba", "NAME": "Ayrshire", "FACILITY": "Council_Clinic", "LONGTUDE": 30.43861, "LATITUDE": -17.03944, "F_ID": 5 }, "geometry": { "type": "Point", "coordinates": [ 30.43861, -17.03944 ] } },
{ "type": "Feature", "properties": { "ZIMHEALTH": "_657", "DISTRICT": "Zvimba", "NAME": "Raffingora", "FACILITY": "Rural_Hospital", "LONGTUDE": 30.43056, "LATITUDE": -17.03694, "F_ID": 4 }, "geometry": { "type": "Point", "coordinates": [ 30.43056, -17.03694 ] } },
{ "type": "Feature", "properties": { "ZIMHEALTH": "_658", "DISTRICT": "Zvimba", "NAME": "Ada_Sisi", "FACILITY": "Council_Clinic", "LONGTUDE": 30.42028, "LATITUDE": -16.89056, "F_ID": 5 }, "geometry": { "type": "Point", "coordinates": [ 30.42028, -16.89056 ] } },
{ "type": "Feature", "properties": { "ZIMHEALTH": "_659", "DISTRICT": "Zvimba", "NAME": "Muriel", "FACILITY": "Mine_Clinic", "LONGTUDE": 30.6, "LATITUDE": -17.24556, "F_ID": 5 }, "geometry": { "type": "Point", "coordinates": [ 30.6, -17.24556 ] } },
{ "type": "Feature", "properties": { "ZIMHEALTH": "_660", "DISTRICT": "Zvimba", "NAME": "Caesal", "FACILITY": "Mine_Clinic", "LONGTUDE": 30.68111, "LATITUDE": -17.27111, "F_ID": 5 }, "geometry": { "type": "Point", "coordinates": [ 30.68111, -17.27111 ] } },
{ "type": "Feature", "properties": { "ZIMHEALTH": "_661", "DISTRICT": "Zvimba", "NAME": "Mutorashanga", "FACILITY": "Council_Clinic", "LONGTUDE": 30.67639, "LATITUDE": -17.14667, "F_ID": 5 }, "geometry": { "type": "Point", "coordinates": [ 30.67639, -17.14667 ] } },
{ "type": "Feature", "properties": { "ZIMHEALTH": "_662", "DISTRICT": "Zvimba", "NAME": "Vanad", "FACILITY": "Mine_Clinic", "LONGTUDE": 30.71833, "LATITUDE": -17.08694, "F_ID": 5 }, "geometry": { "type": "Point", "coordinates": [ 30.71833, -17.08694 ] } },
{ "type": "Feature", "properties": { "ZIMHEALTH": "_663", "DISTRICT": "Zvimba", "NAME": "Sutton", "FACILITY": "Mine_Clinic", "LONGTUDE": 30.59278, "LATITUDE": -17.40056, "F_ID": 5 }, "geometry": { "type": "Point", "coordinates": [ 30.59278, -17.40056 ] } },
{ "type": "Feature", "properties": { "ZIMHEALTH": "_664", "DISTRICT": "Zvimba", "NAME": "Trelawney", "FACILITY": "Council_Clinic", "LONGTUDE": 30.45889, "LATITUDE": -17.54139, "F_ID": 5 }, "geometry": { "type": "Point", "coordinates": [ 30.45889, -17.54139 ] } },
{ "type": "Feature", "properties": { "ZIMHEALTH": "_665", "DISTRICT": "Zvimba", "NAME": "TRBC", "FACILITY": "Council_Clinic", "LONGTUDE": 30.33333, "LATITUDE": -17.58389, "F_ID": 5 }, "geometry": { "type": "Point", "coordinates": [ 30.33333, -17.58389 ] } },
{ "type": "Feature", "properties": { "ZIMHEALTH": "_666", "DISTRICT": "Zvimba", "NAME": "Kutama", "FACILITY": "Council_Clinic", "LONGTUDE": 30.42, "LATITUDE": -17.73944, "F_ID": 5 }, "geometry": { "type": "Point", "coordinates": [ 30.42, -17.73944 ] } },
{ "type": "Feature", "properties": { "ZIMHEALTH": "_667", "DISTRICT": "Zvimba", "NAME": "ZIMPAM", "FACILITY": "Private_Hospital", "LONGTUDE": 30.50917, "LATITUDE": -17.84139, "F_ID": 7 }, "geometry": { "type": "Point", "coordinates": [ 30.50917, -17.84139 ] } },
{ "type": "Feature", "properties": { "ZIMHEALTH": "_668", "DISTRICT": "Zvimba", "NAME": "Darwendale", "FACILITY": "Rural_Hospital", "LONGTUDE": 30.54889, "LATITUDE": -17.72028, "F_ID": 4 }, "geometry": { "type": "Point", "coordinates": [ 30.54889, -17.72028 ] } },
{ "type": "Feature", "properties": { "ZIMHEALTH": "_669", "DISTRICT": "Zvimba", "NAME": "Inkomo", "FACILITY": "Army_Hospital", "LONGTUDE": 30.71833, "LATITUDE": -17.67083, "F_ID": 4 }, "geometry": { "type": "Point", "coordinates": [ 30.71833, -17.67083 ] } },
{ "type": "Feature", "properties": { "ZIMHEALTH": "_670", "DISTRICT": "Zvimba", "NAME": "Nyabika", "FACILITY": "Council_Clinic", "LONGTUDE": 30.81167, "LATITUDE": -17.67361, "F_ID": 5 }, "geometry": { "type": "Point", "coordinates": [ 30.81167, -17.67361 ] } },
{ "type": "Feature", "properties": { "ZIMHEALTH": "_671", "DISTRICT": "Zvimba", "NAME": "Gwebi", "FACILITY": "Gvt_Clinic", "LONGTUDE": 30.85833, "LATITUDE": -17.67694, "F_ID": 5 }, "geometry": { "type": "Point", "coordinates": [ 30.85833, -17.67694 ] } },
{ "type": "Feature", "properties": { "ZIMHEALTH": "_672", "DISTRICT": "Zvimba", "NAME": "Mthu", "FACILITY": "Council_Clinic", "LONGTUDE": 30.93472, "LATITUDE": -17.75806, "F_ID": 5 }, "geometry": { "type": "Point", "coordinates": [ 30.93472, -17.75806 ] } },
{ "type": "Feature", "properties": { "ZIMHEALTH": "_673", "DISTRICT": "Zvimba", "NAME": "Crest_Breeds", "FACILITY": "Council_Clinic", "LONGTUDE": 30.94111, "LATITUDE": -17.94139, "F_ID": 5 }, "geometry": { "type": "Point", "coordinates": [ 30.94111, -17.94139 ] } },
{ "type": "Feature", "properties": { "ZIMHEALTH": "_674", "DISTRICT": "Zvimba", "NAME": "Father_Onea", "FACILITY": "Mission_Hospital", "LONGTUDE": 30.38611, "LATITUDE": -17.79944, "F_ID": 3 }, "geometry": { "type": "Point", "coordinates": [ 30.38611, -17.79944 ] } },
{ "type": "Feature", "properties": { "ZIMHEALTH": "_675", "DISTRICT": "Zvimba", "NAME": "Masiyarwa", "FACILITY": "Council_Clinic", "LONGTUDE": 30.33, "LATITUDE": -17.81111, "F_ID": 5 }, "geometry": { "type": "Point", "coordinates": [ 30.33, -17.81111 ] } },
{ "type": "Feature", "properties": { "ZIMHEALTH": "_676", "DISTRICT": "Zvimba", "NAME": "Mupurubu", "FACILITY": "Council_Clinic", "LONGTUDE": 30.29083, "LATITUDE": -17.73194, "F_ID": 5 }, "geometry": { "type": "Point", "coordinates": [ 30.29083, -17.73194 ] } },
{ "type": "Feature", "properties": { "ZIMHEALTH": "_677", "DISTRICT": "Zvimba", "NAME": "Zvimba", "FACILITY": "Rural_Hospital", "LONGTUDE": 30.19889, "LATITUDE": -17.69917, "F_ID": 4 }, "geometry": { "type": "Point", "coordinates": [ 30.19889, -17.69917 ] } },
{ "type": "Feature", "properties": { "ZIMHEALTH": "_678", "DISTRICT": "Zvimba", "NAME": "Jari", "FACILITY": "Council_Clinic", "LONGTUDE": 30.03361, "LATITUDE": -17.73194, "F_ID": 5 }, "geometry": { "type": "Point", "coordinates": [ 30.03361, -17.73194 ] } },
{ "type": "Feature", "properties": { "ZIMHEALTH": "_679", "DISTRICT": "Zvimba", "NAME": "Chivhere", "FACILITY": "Gvt_Clinic", "LONGTUDE": 30.03056, "LATITUDE": -17.66528, "F_ID": 5 }, "geometry": { "type": "Point", "coordinates": [ 30.03056, -17.66528 ] } },
{ "type": "Feature", "properties": { "ZIMHEALTH": "_680", "DISTRICT": "Zvimba", "NAME": "Chirau", "FACILITY": "Council_Clinic", "LONGTUDE": 30.12417, "LATITUDE": -17.68167, "F_ID": 5 }, "geometry": { "type": "Point", "coordinates": [ 30.12417, -17.68167 ] } },
{ "type": "Feature", "properties": { "ZIMHEALTH": "_681", "DISTRICT": "Zvimba", "NAME": "Murombedzi", "FACILITY": "Private_Clinic", "LONGTUDE": 30.20111, "LATITUDE": -17.70722, "F_ID": 7 }, "geometry": { "type": "Point", "coordinates": [ 30.20111, -17.70722 ] } },
{ "type": "Feature", "properties": { "ZIMHEALTH": "_682", "DISTRICT": "Zvimba", "NAME": "Jokwani", "FACILITY": "Council_Clinic(Construction)", "LONGTUDE": 30.11556, "LATITUDE": -17.75417, "F_ID": 5 }, "geometry": { "type": "Point", "coordinates": [ 30.11556, -17.75417 ] } },
{ "type": "Feature", "properties": { "ZIMHEALTH": "_683", "DISTRICT": "Zvimba", "NAME": "Zowa", "FACILITY": "Council_Clinic", "LONGTUDE": 30.04972, "LATITUDE": -17.805, "F_ID": 5 }, "geometry": { "type": "Point", "coordinates": [ 30.04972, -17.805 ] } },
{ "type": "Feature", "properties": { "ZIMHEALTH": "_684", "DISTRICT": "Bikita", "NAME": "Murwira", "FACILITY": "Clinic", "LONGTUDE": 31.65306, "LATITUDE": -19.94133, "F_ID": 5 }, "geometry": { "type": "Point", "coordinates": [ 31.65306, -19.94133 ] } },
{ "type": "Feature", "properties": { "ZIMHEALTH": "_685", "DISTRICT": "Bikita", "NAME": "Mungezi", "FACILITY": "Clinic", "LONGTUDE": 31.52139, "LATITUDE": -19.91944, "F_ID": 5 }, "geometry": { "type": "Point", "coordinates": [ 31.52139, -19.91944 ] } },
{ "type": "Feature", "properties": { "ZIMHEALTH": "_686", "DISTRICT": "Bikita", "NAME": "Hozvi", "FACILITY": "Clinic", "LONGTUDE": 31.53725, "LATITUDE": -20.05172, "F_ID": 5 }, "geometry": { "type": "Point", "coordinates": [ 31.53725, -20.05172 ] } },
{ "type": "Feature", "properties": { "ZIMHEALTH": "_687", "DISTRICT": "Bikita", "NAME": "Marozva", "FACILITY": "Clinic", "LONGTUDE": 31.521, "LATITUDE": -20.00053, "F_ID": 5 }, "geometry": { "type": "Point", "coordinates": [ 31.521, -20.00053 ] } },
{ "type": "Feature", "properties": { "ZIMHEALTH": "_688", "DISTRICT": "Bikita", "NAME": "Nyika", "FACILITY": "Rural_Health_Centre", "LONGTUDE": 31.58886, "LATITUDE": -20.00586, "F_ID": 6 }, "geometry": { "type": "Point", "coordinates": [ 31.58886, -20.00586 ] } },
{ "type": "Feature", "properties": { "ZIMHEALTH": "_689", "DISTRICT": "Bikita", "NAME": "Silveira", "FACILITY": "Mission_Hospital", "LONGTUDE": 31.68678, "LATITUDE": -20.02347, "F_ID": 3 }, "geometry": { "type": "Point", "coordinates": [ 31.68678, -20.02347 ] } },
{ "type": "Feature", "properties": { "ZIMHEALTH": "_690", "DISTRICT": "Bikita", "NAME": "Chirorwe", "FACILITY": "Clinic", "LONGTUDE": 31.91803, "LATITUDE": -19.88528, "F_ID": 5 }, "geometry": { "type": "Point", "coordinates": [ 31.91803, -19.88528 ] } },
{ "type": "Feature", "properties": { "ZIMHEALTH": "_691", "DISTRICT": "Bikita", "NAME": "Devure_1", "FACILITY": "Clinic", "LONGTUDE": 32.12056, "LATITUDE": -19.95322, "F_ID": 5 }, "geometry": { "type": "Point", "coordinates": [ 32.12056, -19.95322 ] } },
{ "type": "Feature", "properties": { "ZIMHEALTH": "_692", "DISTRICT": "Bikita", "NAME": "Chitasa", "FACILITY": "Clinic", "LONGTUDE": 31.85453, "LATITUDE": -20.20817, "F_ID": 5 }, "geometry": { "type": "Point", "coordinates": [ 31.85453, -20.20817 ] } },
{ "type": "Feature", "properties": { "ZIMHEALTH": "_693", "DISTRICT": "Bikita", "NAME": "Ngorima", "FACILITY": "Clinic", "LONGTUDE": 31.68431, "LATITUDE": -20.28881, "F_ID": 5 }, "geometry": { "type": "Point", "coordinates": [ 31.68431, -20.28881 ] } },
{ "type": "Feature", "properties": { "ZIMHEALTH": "_694", "DISTRICT": "Bikita", "NAME": "Odzi", "FACILITY": "Clinic", "LONGTUDE": 31.85753, "LATITUDE": -20.42022, "F_ID": 5 }, "geometry": { "type": "Point", "coordinates": [ 31.85753, -20.42022 ] } },
{ "type": "Feature", "properties": { "ZIMHEALTH": "_695", "DISTRICT": "Bikita", "NAME": "Mashoko", "FACILITY": "Hospital", "LONGTUDE": 31.75058, "LATITUDE": -20.50519, "F_ID": 3 }, "geometry": { "type": "Point", "coordinates": [ 31.75058, -20.50519 ] } },
{ "type": "Feature", "properties": { "ZIMHEALTH": "_696", "DISTRICT": "Bikita", "NAME": "Mkanga", "FACILITY": "Rural_Hospital", "LONGTUDE": 31.72114, "LATITUDE": -20.43703, "F_ID": 4 }, "geometry": { "type": "Point", "coordinates": [ 31.72114, -20.43703 ] } },
{ "type": "Feature", "properties": { "ZIMHEALTH": "_697", "DISTRICT": "Bikita", "NAME": "Bikita", "FACILITY": "Rural_Hospital", "LONGTUDE": 31.60647, "LATITUDE": -20.06703, "F_ID": 4 }, "geometry": { "type": "Point", "coordinates": [ 31.60647, -20.06703 ] } },
{ "type": "Feature", "properties": { "ZIMHEALTH": "_698", "DISTRICT": "Bikita", "NAME": "Pfupajena", "FACILITY": "Clinic", "LONGTUDE": 31.61775, "LATITUDE": -20.18919, "F_ID": 5 }, "geometry": { "type": "Point", "coordinates": [ 31.61775, -20.18919 ] } },
{ "type": "Feature", "properties": { "ZIMHEALTH": "_699", "DISTRICT": "Bikita", "NAME": "Chikuku", "FACILITY": "Clinic", "LONGTUDE": 31.86856, "LATITUDE": -20.0005, "F_ID": 5 }, "geometry": { "type": "Point", "coordinates": [ 31.86856, -20.0005 ] } },
{ "type": "Feature", "properties": { "ZIMHEALTH": "_700", "DISTRICT": "Chiredzi", "NAME": "Chiredzi", "FACILITY": "Hospital", "LONGTUDE": 31.67322, "LATITUDE": -21.036, "F_ID": 2 }, "geometry": { "type": "Point", "coordinates": [ 31.67322, -21.036 ] } },
{ "type": "Feature", "properties": { "ZIMHEALTH": "_701", "DISTRICT": "Chiredzi", "NAME": "Chilonga", "FACILITY": "Clinic", "LONGTUDE": 31.65586, "LATITUDE": -21.22336, "F_ID": 5 }, "geometry": { "type": "Point", "coordinates": [ 31.65586, -21.22336 ] } },
{ "type": "Feature", "properties": { "ZIMHEALTH": "_702", "DISTRICT": "Chiredzi", "NAME": "Damarakanaka", "FACILITY": "Clinic", "LONGTUDE": 31.47325, "LATITUDE": -21.33969, "F_ID": 5 }, "geometry": { "type": "Point", "coordinates": [ 31.47325, -21.33969 ] } },
{ "type": "Feature", "properties": { "ZIMHEALTH": "_703", "DISTRICT": "Chiredzi", "NAME": "Old_Boli", "FACILITY": "Clinic", "LONGTUDE": 31.45089, "LATITUDE": -21.42189, "F_ID": 5 }, "geometry": { "type": "Point", "coordinates": [ 31.45089, -21.42189 ] } },
{ "type": "Feature", "properties": { "ZIMHEALTH": "_704", "DISTRICT": "Chiredzi", "NAME": "Makambe", "FACILITY": "Clinic", "LONGTUDE": 31.34011, "LATITUDE": -21.45361, "F_ID": 5 }, "geometry": { "type": "Point", "coordinates": [ 31.34011, -21.45361 ] } },
{ "type": "Feature", "properties": { "ZIMHEALTH": "_705", "DISTRICT": "Chiredzi", "NAME": "Chomopani", "FACILITY": "Clinic", "LONGTUDE": 31.29053, "LATITUDE": -21.53381, "F_ID": 5 }, "geometry": { "type": "Point", "coordinates": [ 31.29053, -21.53381 ] } },
{ "type": "Feature", "properties": { "ZIMHEALTH": "_706", "DISTRICT": "Chiredzi", "NAME": "Chikombedzi", "FACILITY": "Hospital", "LONGTUDE": 31.33931, "LATITUDE": -21.67494, "F_ID": 3 }, "geometry": { "type": "Point", "coordinates": [ 31.33931, -21.67494 ] } },
{ "type": "Feature", "properties": { "ZIMHEALTH": "_707", "DISTRICT": "Chiredzi", "NAME": "Pahlela", "FACILITY": "Clinic", "LONGTUDE": 31.35772, "LATITUDE": -21.94103, "F_ID": 5 }, "geometry": { "type": "Point", "coordinates": [ 31.35772, -21.94103 ] } },
{ "type": "Feature", "properties": { "ZIMHEALTH": "_708", "DISTRICT": "Chiredzi", "NAME": "Gezani", "FACILITY": "Clinic", "LONGTUDE": 31.15553, "LATITUDE": -22.10286, "F_ID": 5 }, "geometry": { "type": "Point", "coordinates": [ 31.15553, -22.10286 ] } },
{ "type": "Feature", "properties": { "ZIMHEALTH": "_709", "DISTRICT": "Chiredzi", "NAME": "Davata", "FACILITY": "Clinic", "LONGTUDE": 31.2335, "LATITUDE": -22.26981, "F_ID": 5 }, "geometry": { "type": "Point", "coordinates": [ 31.2335, -22.26981 ] } },
{ "type": "Feature", "properties": { "ZIMHEALTH": "_710", "DISTRICT": "Chiredzi", "NAME": "Samu", "FACILITY": "Clinic", "LONGTUDE": 31.37444, "LATITUDE": -22.23522, "F_ID": 5 }, "geometry": { "type": "Point", "coordinates": [ 31.37444, -22.23522 ] } },
{ "type": "Feature", "properties": { "ZIMHEALTH": "_711", "DISTRICT": "Chiredzi", "NAME": "Dumisa", "FACILITY": "Clinic", "LONGTUDE": 31.40394, "LATITUDE": -22.21711, "F_ID": 5 }, "geometry": { "type": "Point", "coordinates": [ 31.40394, -22.21711 ] } },
{ "type": "Feature", "properties": { "ZIMHEALTH": "_712", "DISTRICT": "Chiredzi", "NAME": "Malipati", "FACILITY": "Rural_Health_Centre", "LONGTUDE": 31.42019, "LATITUDE": -22.07142, "F_ID": 6 }, "geometry": { "type": "Point", "coordinates": [ 31.42019, -22.07142 ] } },
{ "type": "Feature", "properties": { "ZIMHEALTH": "_713", "DISTRICT": "Chiredzi", "NAME": "Rutandare", "FACILITY": "Clinic", "LONGTUDE": 31.30444, "LATITUDE": -22.10658, "F_ID": 5 }, "geometry": { "type": "Point", "coordinates": [ 31.30444, -22.10658 ] } },
{ "type": "Feature", "properties": { "ZIMHEALTH": "_714", "DISTRICT": "Chiredzi", "NAME": "Mahlanguleni", "FACILITY": "Clinic", "LONGTUDE": 31.50419, "LATITUDE": -21.53764, "F_ID": 5 }, "geometry": { "type": "Point", "coordinates": [ 31.50419, -21.53764 ] } },
{ "type": "Feature", "properties": { "ZIMHEALTH": "_715", "DISTRICT": "Chiredzi", "NAME": "Chingele", "FACILITY": "Clinic", "LONGTUDE": 31.61894, "LATITUDE": -21.41761, "F_ID": 5 }, "geometry": { "type": "Point", "coordinates": [ 31.61894, -21.41761 ] } },
{ "type": "Feature", "properties": { "ZIMHEALTH": "_716", "DISTRICT": "Chiredzi", "NAME": "Chimbwedziva", "FACILITY": "Clinic", "LONGTUDE": 31.79064, "LATITUDE": -21.35144, "F_ID": 5 }, "geometry": { "type": "Point", "coordinates": [ 31.79064, -21.35144 ] } },
{ "type": "Feature", "properties": { "ZIMHEALTH": "_717", "DISTRICT": "Chiredzi", "NAME": "Chambuta", "FACILITY": "Clinic", "LONGTUDE": 31.80489, "LATITUDE": -21.25369, "F_ID": 5 }, "geometry": { "type": "Point", "coordinates": [ 31.80489, -21.25369 ] } },
{ "type": "Feature", "properties": { "ZIMHEALTH": "_718", "DISTRICT": "Chiredzi", "NAME": "Chipiwa", "FACILITY": "Clinic", "LONGTUDE": 31.79128, "LATITUDE": -20.836, "F_ID": 5 }, "geometry": { "type": "Point", "coordinates": [ 31.79128, -20.836 ] } },
{ "type": "Feature", "properties": { "ZIMHEALTH": "_719", "DISTRICT": "Chiredzi", "NAME": "Nyangambe", "FACILITY": "Clinic", "LONGTUDE": 31.75231, "LATITUDE": -20.68347, "F_ID": 5 }, "geometry": { "type": "Point", "coordinates": [ 31.75231, -20.68347 ] } },
{ "type": "Feature", "properties": { "ZIMHEALTH": "_720", "DISTRICT": "Chiredzi", "NAME": "Porepore", "FACILITY": "Clinic", "LONGTUDE": 31.90519, "LATITUDE": -20.78747, "F_ID": 5 }, "geometry": { "type": "Point", "coordinates": [ 31.90519, -20.78747 ] } },
{ "type": "Feature", "properties": { "ZIMHEALTH": "_721", "DISTRICT": "Chiredzi", "NAME": "Mukwasine", "FACILITY": "Clinic", "LONGTUDE": 31.88461, "LATITUDE": -20.83886, "F_ID": 5 }, "geometry": { "type": "Point", "coordinates": [ 31.88461, -20.83886 ] } },
{ "type": "Feature", "properties": { "ZIMHEALTH": "_722", "DISTRICT": "Chiredzi", "NAME": "St_Joseph", "FACILITY": "Clinic", "LONGTUDE": 32.12078, "LATITUDE": -20.82314, "F_ID": 5 }, "geometry": { "type": "Point", "coordinates": [ 32.12078, -20.82314 ] } },
{ "type": "Feature", "properties": { "ZIMHEALTH": "_723", "DISTRICT": "Chiredzi", "NAME": "Muteyo", "FACILITY": "Clinic", "LONGTUDE": 32.12044, "LATITUDE": -20.93611, "F_ID": 5 }, "geometry": { "type": "Point", "coordinates": [ 32.12044, -20.93611 ] } },
{ "type": "Feature", "properties": { "ZIMHEALTH": "_724", "DISTRICT": "Chiredzi", "NAME": "Rapanguwana", "FACILITY": "Clinic", "LONGTUDE": 32.15028, "LATITUDE": -21.00061, "F_ID": 5 }, "geometry": { "type": "Point", "coordinates": [ 32.15028, -21.00061 ] } },
{ "type": "Feature", "properties": { "ZIMHEALTH": "_725", "DISTRICT": "Chiredzi", "NAME": "Chitsa", "FACILITY": "Clinic", "LONGTUDE": 32.15139, "LATITUDE": -21.10053, "F_ID": 5 }, "geometry": { "type": "Point", "coordinates": [ 32.15139, -21.10053 ] } },
{ "type": "Feature", "properties": { "ZIMHEALTH": "_726", "DISTRICT": "Chiredzi", "NAME": "Chizvirizvi", "FACILITY": "Clinic", "LONGTUDE": 32.01939, "LATITUDE": -20.98369, "F_ID": 5 }, "geometry": { "type": "Point", "coordinates": [ 32.01939, -20.98369 ] } },
{ "type": "Feature", "properties": { "ZIMHEALTH": "_727", "DISTRICT": "Chiredzi", "NAME": "Tsovani", "FACILITY": "Clinic", "LONGTUDE": 31.68842, "LATITUDE": -21.039, "F_ID": 5 }, "geometry": { "type": "Point", "coordinates": [ 31.68842, -21.039 ] } },
{ "type": "Feature", "properties": { "ZIMHEALTH": "_728", "DISTRICT": "Chiredzi", "NAME": "Hippo_Valley", "FACILITY": "Clinic", "LONGTUDE": 31.65111, "LATITUDE": -21.07347, "F_ID": 7 }, "geometry": { "type": "Point", "coordinates": [ 31.65111, -21.07347 ] } },
{ "type": "Feature", "properties": { "ZIMHEALTH": "_729", "DISTRICT": "Chiredzi", "NAME": "ZRP", "FACILITY": "Clinic", "LONGTUDE": 31.67328, "LATITUDE": -21.03814, "F_ID": 7 }, "geometry": { "type": "Point", "coordinates": [ 31.67328, -21.03814 ] } },
{ "type": "Feature", "properties": { "ZIMHEALTH": "_730", "DISTRICT": "Chiredzi", "NAME": "ZSA", "FACILITY": "Clinic", "LONGTUDE": 31.61694, "LATITUDE": -21.03806, "F_ID": 7 }, "geometry": { "type": "Point", "coordinates": [ 31.61694, -21.03806 ] } },
{ "type": "Feature", "properties": { "ZIMHEALTH": "_731", "DISTRICT": "Chiredzi", "NAME": "NRZ", "FACILITY": "Clinic", "LONGTUDE": 31.46928, "LATITUDE": -21.02481, "F_ID": 7 }, "geometry": { "type": "Point", "coordinates": [ 31.46928, -21.02481 ] } },
{ "type": "Feature", "properties": { "ZIMHEALTH": "_732", "DISTRICT": "Chiredzi", "NAME": "Triangle", "FACILITY": "Hospital", "LONGTUDE": 31.47486, "LATITUDE": -21.04056, "F_ID": 7 }, "geometry": { "type": "Point", "coordinates": [ 31.47486, -21.04056 ] } },
{ "type": "Feature", "properties": { "ZIMHEALTH": "_733", "DISTRICT": "Chiredzi", "NAME": "PMD_Masvingo", "FACILITY": "PMD_Offices", "LONGTUDE": 30.83344, "LATITUDE": -20.09081, "F_ID": 0 }, "geometry": { "type": "Point", "coordinates": [ 30.83344, -20.09081 ] } },
{ "type": "Feature", "properties": { "ZIMHEALTH": "_734", "DISTRICT": "Chivi", "NAME": "Chivi", "FACILITY": "District_Hospital", "LONGTUDE": 30.50656, "LATITUDE": -20.31897, "F_ID": 1 }, "geometry": { "type": "Point", "coordinates": [ 30.50656, -20.31897 ] } },
{ "type": "Feature", "properties": { "ZIMHEALTH": "_735", "DISTRICT": "Chivi", "NAME": "Mhandamabwe", "FACILITY": "Rural_Health_Centre", "LONGTUDE": 30.37161, "LATITUDE": -20.11747, "F_ID": 6 }, "geometry": { "type": "Point", "coordinates": [ 30.37161, -20.11747 ] } },
{ "type": "Feature", "properties": { "ZIMHEALTH": "_736", "DISTRICT": "Chivi", "NAME": "Madamombe", "FACILITY": "Rural_Health_Centre", "LONGTUDE": 30.32361, "LATITUDE": -20.05228, "F_ID": 6 }, "geometry": { "type": "Point", "coordinates": [ 30.32361, -20.05228 ] } },
{ "type": "Feature", "properties": { "ZIMHEALTH": "_737", "DISTRICT": "Chivi", "NAME": "Kuranda", "FACILITY": "Clinic", "LONGTUDE": 30.25669, "LATITUDE": -20.05147, "F_ID": 5 }, "geometry": { "type": "Point", "coordinates": [ 30.25669, -20.05147 ] } },
{ "type": "Feature", "properties": { "ZIMHEALTH": "_738", "DISTRICT": "Chivi", "NAME": "Utete", "FACILITY": "Clinic", "LONGTUDE": 30.20658, "LATITUDE": -20.03928, "F_ID": 5 }, "geometry": { "type": "Point", "coordinates": [ 30.20658, -20.03928 ] } },
{ "type": "Feature", "properties": { "ZIMHEALTH": "_739", "DISTRICT": "Chivi", "NAME": "Chigwikwi", "FACILITY": "Rural_Health_Centre", "LONGTUDE": 30.20047, "LATITUDE": -20.15394, "F_ID": 6 }, "geometry": { "type": "Point", "coordinates": [ 30.20047, -20.15394 ] } },
{ "type": "Feature", "properties": { "ZIMHEALTH": "_740", "DISTRICT": "Chivi", "NAME": "Takavarasha", "FACILITY": "Rural_Health_Centre", "LONGTUDE": 30.30731, "LATITUDE": -20.33397, "F_ID": 6 }, "geometry": { "type": "Point", "coordinates": [ 30.30731, -20.33397 ] } },
{ "type": "Feature", "properties": { "ZIMHEALTH": "_741", "DISTRICT": "Chivi", "NAME": "Masinire", "FACILITY": "Clinic", "LONGTUDE": 30.37122, "LATITUDE": -20.40044, "F_ID": 5 }, "geometry": { "type": "Point", "coordinates": [ 30.37122, -20.40044 ] } },
{ "type": "Feature", "properties": { "ZIMHEALTH": "_742", "DISTRICT": "Chivi", "NAME": "Davira", "FACILITY": "Clinic", "LONGTUDE": 30.43564, "LATITUDE": -20.47203, "F_ID": 5 }, "geometry": { "type": "Point", "coordinates": [ 30.43564, -20.47203 ] } },
{ "type": "Feature", "properties": { "ZIMHEALTH": "_743", "DISTRICT": "Chivi", "NAME": "Chifedza", "FACILITY": "Clinic", "LONGTUDE": 30.55811, "LATITUDE": -20.45081, "F_ID": 5 }, "geometry": { "type": "Point", "coordinates": [ 30.55811, -20.45081 ] } },
{ "type": "Feature", "properties": { "ZIMHEALTH": "_744", "DISTRICT": "Chivi", "NAME": "Chivi", "FACILITY": "Mission_Clinic", "LONGTUDE": 30.55756, "LATITUDE": -20.35531, "F_ID": 5 }, "geometry": { "type": "Point", "coordinates": [ 30.55756, -20.35531 ] } },
{ "type": "Feature", "properties": { "ZIMHEALTH": "_745", "DISTRICT": "Chivi", "NAME": "Chivi", "FACILITY": "Rural_Hospital", "LONGTUDE": 30.68786, "LATITUDE": -20.39058, "F_ID": 4 }, "geometry": { "type": "Point", "coordinates": [ 30.68786, -20.39058 ] } },
{ "type": "Feature", "properties": { "ZIMHEALTH": "_746", "DISTRICT": "Chivi", "NAME": "Berejena", "FACILITY": "Mission_Clinic", "LONGTUDE": 30.58961, "LATITUDE": -20.63389, "F_ID": 5 }, "geometry": { "type": "Point", "coordinates": [ 30.58961, -20.63389 ] } },
{ "type": "Feature", "properties": { "ZIMHEALTH": "_747", "DISTRICT": "Chivi", "NAME": "Razi", "FACILITY": "Rural_Health_Centre", "LONGTUDE": 30.65422, "LATITUDE": -20.71986, "F_ID": 6 }, "geometry": { "type": "Point", "coordinates": [ 30.65422, -20.71986 ] } },
{ "type": "Feature", "properties": { "ZIMHEALTH": "_748", "DISTRICT": "Chivi", "NAME": "Ngundu", "FACILITY": "Rural_Health_Centre", "LONGTUDE": 30.80264, "LATITUDE": -20.80253, "F_ID": 6 }, "geometry": { "type": "Point", "coordinates": [ 30.80264, -20.80253 ] } },
{ "type": "Feature", "properties": { "ZIMHEALTH": "_749", "DISTRICT": "Chivi", "NAME": "Shindi", "FACILITY": "Clinic", "LONGTUDE": 30.85036, "LATITUDE": -20.87186, "F_ID": 5 }, "geometry": { "type": "Point", "coordinates": [ 30.85036, -20.87186 ] } },
{ "type": "Feature", "properties": { "ZIMHEALTH": "_750", "DISTRICT": "Chivi", "NAME": "Nyahombe", "FACILITY": "Clinic", "LONGTUDE": 30.98889, "LATITUDE": -20.82406, "F_ID": 5 }, "geometry": { "type": "Point", "coordinates": [ 30.98889, -20.82406 ] } },
{ "type": "Feature", "properties": { "ZIMHEALTH": "_751", "DISTRICT": "Gutu", "NAME": "Gutu", "FACILITY": "Hospital", "LONGTUDE": 31.15008, "LATITUDE": -19.65761, "F_ID": 2 }, "geometry": { "type": "Point", "coordinates": [ 31.15008, -19.65761 ] } },
{ "type": "Feature", "properties": { "ZIMHEALTH": "_752", "DISTRICT": "Gutu", "NAME": "Mushaviri", "FACILITY": "Clinic", "LONGTUDE": 31.10092, "LATITUDE": -19.72333, "F_ID": 5 }, "geometry": { "type": "Point", "coordinates": [ 31.10092, -19.72333 ] } },
{ "type": "Feature", "properties": { "ZIMHEALTH": "_753", "DISTRICT": "Gutu", "NAME": "Nerupiri", "FACILITY": "Clinic", "LONGTUDE": 31.03528, "LATITUDE": -19.85586, "F_ID": 5 }, "geometry": { "type": "Point", "coordinates": [ 31.03528, -19.85586 ] } },
{ "type": "Feature", "properties": { "ZIMHEALTH": "_754", "DISTRICT": "Gutu", "NAME": "Mutema", "FACILITY": "Clinic", "LONGTUDE": 30.98797, "LATITUDE": -19.88822, "F_ID": 5 }, "geometry": { "type": "Point", "coordinates": [ 30.98797, -19.88822 ] } },
{ "type": "Feature", "properties": { "ZIMHEALTH": "_755", "DISTRICT": "Gutu", "NAME": "Chiwore", "FACILITY": "Clinic", "LONGTUDE": 30.83931, "LATITUDE": -19.63397, "F_ID": 5 }, "geometry": { "type": "Point", "coordinates": [ 30.83931, -19.63397 ] } },
{ "type": "Feature", "properties": { "ZIMHEALTH": "_756", "DISTRICT": "Gutu", "NAME": "Serima", "FACILITY": "Mission_Hospital", "LONGTUDE": 30.88369, "LATITUDE": -19.51861, "F_ID": 3 }, "geometry": { "type": "Point", "coordinates": [ 30.88369, -19.51861 ] } },
{ "type": "Feature", "properties": { "ZIMHEALTH": "_757", "DISTRICT": "Gutu", "NAME": "Matizha", "FACILITY": "Clinic", "LONGTUDE": 30.96875, "LATITUDE": -19.47356, "F_ID": 5 }, "geometry": { "type": "Point", "coordinates": [ 30.96875, -19.47356 ] } },
{ "type": "Feature", "properties": { "ZIMHEALTH": "_758", "DISTRICT": "Gutu", "NAME": "Denhere", "FACILITY": "Clinic", "LONGTUDE": 31.18908, "LATITUDE": -19.28422, "F_ID": 5 }, "geometry": { "type": "Point", "coordinates": [ 31.18908, -19.28422 ] } },
{ "type": "Feature", "properties": { "ZIMHEALTH": "_759", "DISTRICT": "Gutu", "NAME": "Dambara", "FACILITY": "Clinic", "LONGTUDE": 31.28636, "LATITUDE": -19.37464, "F_ID": 5 }, "geometry": { "type": "Point", "coordinates": [ 31.28636, -19.37464 ] } },
{ "type": "Feature", "properties": { "ZIMHEALTH": "_760", "DISTRICT": "Gutu", "NAME": "Nyazvidzi", "FACILITY": "Clinic", "LONGTUDE": 31.36736, "LATITUDE": -19.40494, "F_ID": 5 }, "geometry": { "type": "Point", "coordinates": [ 31.36736, -19.40494 ] } },
{ "type": "Feature", "properties": { "ZIMHEALTH": "_761", "DISTRICT": "Gutu", "NAME": "Gutu", "FACILITY": "Mission_Hospital", "LONGTUDE": 31.21806, "LATITUDE": -19.65678, "F_ID": 3 }, "geometry": { "type": "Point", "coordinates": [ 31.21806, -19.65678 ] } },
{ "type": "Feature", "properties": { "ZIMHEALTH": "_762", "DISTRICT": "Gutu", "NAME": "Devure", "FACILITY": "Mission_Clinic", "LONGTUDE": 31.38667, "LATITUDE": -19.66761, "F_ID": 5 }, "geometry": { "type": "Point", "coordinates": [ 31.38667, -19.66761 ] } },
{ "type": "Feature", "properties": { "ZIMHEALTH": "_763", "DISTRICT": "Gutu", "NAME": "Mutero", "FACILITY": "Mission_Clinic", "LONGTUDE": 31.43803, "LATITUDE": -19.63433, "F_ID": 5 }, "geometry": { "type": "Point", "coordinates": [ 31.43803, -19.63433 ] } },
{ "type": "Feature", "properties": { "ZIMHEALTH": "_764", "DISTRICT": "Gutu", "NAME": "Zvavahera", "FACILITY": "Clinic", "LONGTUDE": 31.35561, "LATITUDE": -19.57472, "F_ID": 5 }, "geometry": { "type": "Point", "coordinates": [ 31.35561, -19.57472 ] } },
{ "type": "Feature", "properties": { "ZIMHEALTH": "_765", "DISTRICT": "Gutu", "NAME": "Chinyika", "FACILITY": "Rural_Health_Centre", "LONGTUDE": 31.48506, "LATITUDE": -19.50567, "F_ID": 6 }, "geometry": { "type": "Point", "coordinates": [ 31.48506, -19.50567 ] } },
{ "type": "Feature", "properties": { "ZIMHEALTH": "_766", "DISTRICT": "Gutu", "NAME": "Chitsa", "FACILITY": "Rural_Health_Centre", "LONGTUDE": 31.61733, "LATITUDE": -19.50175, "F_ID": 6 }, "geometry": { "type": "Point", "coordinates": [ 31.61733, -19.50175 ] } },
{ "type": "Feature", "properties": { "ZIMHEALTH": "_767", "DISTRICT": "Gutu", "NAME": "Chimombe", "FACILITY": "Rural_Hospital", "LONGTUDE": 31.60614, "LATITUDE": -19.67189, "F_ID": 4 }, "geometry": { "type": "Point", "coordinates": [ 31.60614, -19.67189 ] } },
{ "type": "Feature", "properties": { "ZIMHEALTH": "_768", "DISTRICT": "Gutu", "NAME": "Mazura", "FACILITY": "Clinic", "LONGTUDE": 31.64044, "LATITUDE": -19.60406, "F_ID": 5 }, "geometry": { "type": "Point", "coordinates": [ 31.64044, -19.60406 ] } },
{ "type": "Feature", "properties": { "ZIMHEALTH": "_769", "DISTRICT": "Gutu", "NAME": "Mataruse", "FACILITY": "Clinic", "LONGTUDE": 31.77186, "LATITUDE": -19.61928, "F_ID": 5 }, "geometry": { "type": "Point", "coordinates": [ 31.77186, -19.61928 ] } },
{ "type": "Feature", "properties": { "ZIMHEALTH": "_770", "DISTRICT": "Gutu", "NAME": "Munyikwa", "FACILITY": "Rural_Health_Centre", "LONGTUDE": 31.80522, "LATITUDE": -19.72236, "F_ID": 6 }, "geometry": { "type": "Point", "coordinates": [ 31.80522, -19.72236 ] } },
{ "type": "Feature", "properties": { "ZIMHEALTH": "_771", "DISTRICT": "Gutu", "NAME": "Chepiri", "FACILITY": "Clinic", "LONGTUDE": 31.88508, "LATITUDE": -19.80603, "F_ID": 5 }, "geometry": { "type": "Point", "coordinates": [ 31.88508, -19.80603 ] } },
{ "type": "Feature", "properties": { "ZIMHEALTH": "_772", "DISTRICT": "Gutu", "NAME": "Nemashakwe", "FACILITY": "Clinic", "LONGTUDE": 31.68406, "LATITUDE": -19.83439, "F_ID": 5 }, "geometry": { "type": "Point", "coordinates": [ 31.68406, -19.83439 ] } },
{ "type": "Feature", "properties": { "ZIMHEALTH": "_773", "DISTRICT": "Gutu", "NAME": "Zinhata", "FACILITY": "Clinic", "LONGTUDE": 31.58647, "LATITUDE": -19.81789, "F_ID": 5 }, "geometry": { "type": "Point", "coordinates": [ 31.58647, -19.81789 ] } },
{ "type": "Feature", "properties": { "ZIMHEALTH": "_774", "DISTRICT": "Gutu", "NAME": "Tirizi", "FACILITY": "Clinic", "LONGTUDE": 31.45028, "LATITUDE": -19.75394, "F_ID": 5 }, "geometry": { "type": "Point", "coordinates": [ 31.45028, -19.75394 ] } },
{ "type": "Feature", "properties": { "ZIMHEALTH": "_775", "DISTRICT": "Gutu", "NAME": "Magombedze", "FACILITY": "Clinic", "LONGTUDE": 31.35022, "LATITUDE": -19.75803, "F_ID": 5 }, "geometry": { "type": "Point", "coordinates": [ 31.35022, -19.75803 ] } },
{ "type": "Feature", "properties": { "ZIMHEALTH": "_776", "DISTRICT": "Gutu", "NAME": "Soti_Source", "FACILITY": "Clinic", "LONGTUDE": 31.20719, "LATITUDE": -19.45097, "F_ID": 5 }, "geometry": { "type": "Point", "coordinates": [ 31.20719, -19.45097 ] } },
{ "type": "Feature", "properties": { "ZIMHEALTH": "_777", "DISTRICT": "Gutu", "NAME": "Mukaro", "FACILITY": "Clinic", "LONGTUDE": 31.15789, "LATITUDE": -19.75686, "F_ID": 5 }, "geometry": { "type": "Point", "coordinates": [ 31.15789, -19.75686 ] } },
{ "type": "Feature", "properties": { "ZIMHEALTH": "_778", "DISTRICT": "Gutu", "NAME": "Majarada", "FACILITY": "Rural_Health_Centre", "LONGTUDE": 31.38453, "LATITUDE": -19.83931, "F_ID": 6 }, "geometry": { "type": "Point", "coordinates": [ 31.38453, -19.83931 ] } },
{ "type": "Feature", "properties": { "ZIMHEALTH": "_779", "DISTRICT": "Gutu", "NAME": "Chitando", "FACILITY": "Rural_Health_Centre", "LONGTUDE": 31.20242, "LATITUDE": -19.90722, "F_ID": 6 }, "geometry": { "type": "Point", "coordinates": [ 31.20242, -19.90722 ] } },
{ "type": "Feature", "properties": { "ZIMHEALTH": "_780", "DISTRICT": "Gutu", "NAME": "Guni", "FACILITY": "Clinic", "LONGTUDE": 31.14069, "LATITUDE": -20.00739, "F_ID": 5 }, "geometry": { "type": "Point", "coordinates": [ 31.14069, -20.00739 ] } },
{ "type": "Feature", "properties": { "ZIMHEALTH": "_781", "DISTRICT": "Masvingo", "NAME": "Masvingo", "FACILITY": "General_Hospital", "LONGTUDE": 30.83914, "LATITUDE": -20.07272, "F_ID": 1 }, "geometry": { "type": "Point", "coordinates": [ 30.83914, -20.07272 ] } },
{ "type": "Feature", "properties": { "ZIMHEALTH": "_782", "DISTRICT": "Masvingo", "NAME": "Zimuto", "FACILITY": "Clinic", "LONGTUDE": 30.85433, "LATITUDE": -20.06789, "F_ID": 5 }, "geometry": { "type": "Point", "coordinates": [ 30.85433, -20.06789 ] } },
{ "type": "Feature", "properties": { "ZIMHEALTH": "_783", "DISTRICT": "Masvingo", "NAME": "Zimuto", "FACILITY": "Mission_Hospital", "LONGTUDE": 30.85519, "LATITUDE": -19.95311, "F_ID": 3 }, "geometry": { "type": "Point", "coordinates": [ 30.85519, -19.95311 ] } },
{ "type": "Feature", "properties": { "ZIMHEALTH": "_784", "DISTRICT": "Masvingo", "NAME": "Gurajena", "FACILITY": "Hospital", "LONGTUDE": 30.90314, "LATITUDE": -19.77056, "F_ID": 4 }, "geometry": { "type": "Point", "coordinates": [ 30.90314, -19.77056 ] } },
{ "type": "Feature", "properties": { "ZIMHEALTH": "_785", "DISTRICT": "Masvingo", "NAME": "Zimuto", "FACILITY": "Clinic", "LONGTUDE": 30.86892, "LATITUDE": -19.85644, "F_ID": 5 }, "geometry": { "type": "Point", "coordinates": [ 30.86892, -19.85644 ] } },
{ "type": "Feature", "properties": { "ZIMHEALTH": "_786", "DISTRICT": "Masvingo", "NAME": "Alvod", "FACILITY": "Clinic", "LONGTUDE": 30.77089, "LATITUDE": -19.83389, "F_ID": 5 }, "geometry": { "type": "Point", "coordinates": [ 30.77089, -19.83389 ] } },
{ "type": "Feature", "properties": { "ZIMHEALTH": "_787", "DISTRICT": "Masvingo", "NAME": "Gokomere", "FACILITY": "Clinic", "LONGTUDE": 30.77453, "LATITUDE": -19.95453, "F_ID": 5 }, "geometry": { "type": "Point", "coordinates": [ 30.77453, -19.95453 ] } },
{ "type": "Feature", "properties": { "ZIMHEALTH": "_788", "DISTRICT": "Masvingo", "NAME": "Summerton", "FACILITY": "Clinic", "LONGTUDE": 30.70319, "LATITUDE": -19.97103, "F_ID": 5 }, "geometry": { "type": "Point", "coordinates": [ 30.70319, -19.97103 ] } },
{ "type": "Feature", "properties": { "ZIMHEALTH": "_789", "DISTRICT": "Masvingo", "NAME": "Lennox", "FACILITY": "Clinic", "LONGTUDE": 30.50622, "LATITUDE": -20.07467, "F_ID": 5 }, "geometry": { "type": "Point", "coordinates": [ 30.50622, -20.07467 ] } },
{ "type": "Feature", "properties": { "ZIMHEALTH": "_790", "DISTRICT": "Masvingo", "NAME": "Bere", "FACILITY": "Clinic", "LONGTUDE": 30.47186, "LATITUDE": -20.03367, "F_ID": 5 }, "geometry": { "type": "Point", "coordinates": [ 30.47186, -20.03367 ] } },
{ "type": "Feature", "properties": { "ZIMHEALTH": "_791", "DISTRICT": "Masvingo", "NAME": "Gundura", "FACILITY": "Clinic", "LONGTUDE": 30.52417, "LATITUDE": -19.87314, "F_ID": 5 }, "geometry": { "type": "Point", "coordinates": [ 30.52417, -19.87314 ] } },
{ "type": "Feature", "properties": { "ZIMHEALTH": "_792", "DISTRICT": "Masvingo", "NAME": "Mucheke", "FACILITY": "Clinic", "LONGTUDE": 30.81936, "LATITUDE": -20.08344, "F_ID": 5 }, "geometry": { "type": "Point", "coordinates": [ 30.81936, -20.08344 ] } },
{ "type": "Feature", "properties": { "ZIMHEALTH": "_793", "DISTRICT": "Masvingo", "NAME": "Runyararo", "FACILITY": "Clinic", "LONGTUDE": 30.82336, "LATITUDE": -20.10292, "F_ID": 5 }, "geometry": { "type": "Point", "coordinates": [ 30.82336, -20.10292 ] } },
{ "type": "Feature", "properties": { "ZIMHEALTH": "_794", "DISTRICT": "Masvingo", "NAME": "Rujeko", "FACILITY": "Clinic", "LONGTUDE": 30.83747, "LATITUDE": -20.08433, "F_ID": 5 }, "geometry": { "type": "Point", "coordinates": [ 30.83747, -20.08433 ] } },
{ "type": "Feature", "properties": { "ZIMHEALTH": "_795", "DISTRICT": "Masvingo", "NAME": "Zano", "FACILITY": "Clinic", "LONGTUDE": 31.12189, "LATITUDE": -20.2025, "F_ID": 5 }, "geometry": { "type": "Point", "coordinates": [ 31.12189, -20.2025 ] } },
{ "type": "Feature", "properties": { "ZIMHEALTH": "_796", "DISTRICT": "Masvingo", "NAME": "Rukovo", "FACILITY": "Clinic", "LONGTUDE": 31.06792, "LATITUDE": -20.26822, "F_ID": 5 }, "geometry": { "type": "Point", "coordinates": [ 31.06792, -20.26822 ] } },
{ "type": "Feature", "properties": { "ZIMHEALTH": "_797", "DISTRICT": "Masvingo", "NAME": "Murinye", "FACILITY": "Clinic", "LONGTUDE": 31.05378, "LATITUDE": -20.37325, "F_ID": 5 }, "geometry": { "type": "Point", "coordinates": [ 31.05378, -20.37325 ] } },
{ "type": "Feature", "properties": { "ZIMHEALTH": "_798", "DISTRICT": "Masvingo", "NAME": "Chatikobo", "FACILITY": "Clinic", "LONGTUDE": 31.15414, "LATITUDE": -20.43461, "F_ID": 5 }, "geometry": { "type": "Point", "coordinates": [ 31.15414, -20.43461 ] } },
{ "type": "Feature", "properties": { "ZIMHEALTH": "_799", "DISTRICT": "Masvingo", "NAME": "Shonganiso", "FACILITY": "Clinic", "LONGTUDE": 31.08547, "LATITUDE": -20.43675, "F_ID": 5 }, "geometry": { "type": "Point", "coordinates": [ 31.08547, -20.43675 ] } },
{ "type": "Feature", "properties": { "ZIMHEALTH": "_800", "DISTRICT": "Masvingo", "NAME": "Nyajena", "FACILITY": "Rural_Hospital", "LONGTUDE": 31.16733, "LATITUDE": -20.60147, "F_ID": 4 }, "geometry": { "type": "Point", "coordinates": [ 31.16733, -20.60147 ] } },
{ "type": "Feature", "properties": { "ZIMHEALTH": "_801", "DISTRICT": "Masvingo", "NAME": "Renco", "FACILITY": "Mine_Clinic", "LONGTUDE": 31.17053, "LATITUDE": -20.63819, "F_ID": 7 }, "geometry": { "type": "Point", "coordinates": [ 31.17053, -20.63819 ] } },
{ "type": "Feature", "properties": { "ZIMHEALTH": "_802", "DISTRICT": "Masvingo", "NAME": "Musvovi", "FACILITY": "Clinic", "LONGTUDE": 31.07022, "LATITUDE": -20.70494, "F_ID": 5 }, "geometry": { "type": "Point", "coordinates": [ 31.07022, -20.70494 ] } },
{ "type": "Feature", "properties": { "ZIMHEALTH": "_803", "DISTRICT": "Masvingo", "NAME": "Nyikavanhu", "FACILITY": "Rural_Health_Centre", "LONGTUDE": 31.22067, "LATITUDE": -20.85339, "F_ID": 6 }, "geometry": { "type": "Point", "coordinates": [ 31.22067, -20.85339 ] } },
{ "type": "Feature", "properties": { "ZIMHEALTH": "_804", "DISTRICT": "Masvingo", "NAME": "Guwa", "FACILITY": "Clinic", "LONGTUDE": 31.05475, "LATITUDE": -20.62497, "F_ID": 5 }, "geometry": { "type": "Point", "coordinates": [ 31.05475, -20.62497 ] } },
{ "type": "Feature", "properties": { "ZIMHEALTH": "_805", "DISTRICT": "Masvingo", "NAME": "Mukosi", "FACILITY": "Clinic", "LONGTUDE": 30.88978, "LATITUDE": -20.53867, "F_ID": 5 }, "geometry": { "type": "Point", "coordinates": [ 30.88978, -20.53867 ] } },
{ "type": "Feature", "properties": { "ZIMHEALTH": "_806", "DISTRICT": "Masvingo", "NAME": "Mushandike", "FACILITY": "Clinic", "LONGTUDE": 30.71864, "LATITUDE": -20.20614, "F_ID": 5 }, "geometry": { "type": "Point", "coordinates": [ 30.71864, -20.20614 ] } },
{ "type": "Feature", "properties": { "ZIMHEALTH": "_807", "DISTRICT": "Masvingo", "NAME": "Bondolf", "FACILITY": "Rural_Hospital", "LONGTUDE": 30.75056, "LATITUDE": -20.28386, "F_ID": 4 }, "geometry": { "type": "Point", "coordinates": [ 30.75056, -20.28386 ] } },
{ "type": "Feature", "properties": { "ZIMHEALTH": "_808", "DISTRICT": "Masvingo", "NAME": "Charumbira", "FACILITY": "Clinic", "LONGTUDE": 30.85639, "LATITUDE": -20.29011, "F_ID": 5 }, "geometry": { "type": "Point", "coordinates": [ 30.85639, -20.29011 ] } },
{ "type": "Feature", "properties": { "ZIMHEALTH": "_809", "DISTRICT": "Masvingo", "NAME": "Mapanzure", "FACILITY": "Clinic", "LONGTUDE": 30.87353, "LATITUDE": -20.40011, "F_ID": 5 }, "geometry": { "type": "Point", "coordinates": [ 30.87353, -20.40011 ] } },
{ "type": "Feature", "properties": { "ZIMHEALTH": "_810", "DISTRICT": "Masvingo", "NAME": "Shumba", "FACILITY": "Clinic", "LONGTUDE": 30.96919, "LATITUDE": -20.42275, "F_ID": 5 }, "geometry": { "type": "Point", "coordinates": [ 30.96919, -20.42275 ] } },
{ "type": "Feature", "properties": { "ZIMHEALTH": "_811", "DISTRICT": "Masvingo", "NAME": "Mogenester", "FACILITY": "Hospital", "LONGTUDE": 30.93508, "LATITUDE": -20.32372, "F_ID": 3 }, "geometry": { "type": "Point", "coordinates": [ 30.93508, -20.32372 ] } },
{ "type": "Feature", "properties": { "ZIMHEALTH": "_812", "DISTRICT": "Masvingo", "NAME": "Nemwanwa", "FACILITY": "Clinic", "LONGTUDE": 30.92044, "LATITUDE": -20.27436, "F_ID": 5 }, "geometry": { "type": "Point", "coordinates": [ 30.92044, -20.27436 ] } },
{ "type": "Feature", "properties": { "ZIMHEALTH": "_813", "DISTRICT": "Mwenezi", "NAME": "Lundi", "FACILITY": "Clinic", "LONGTUDE": 30.78167, "LATITUDE": -20.8975, "F_ID": 5 }, "geometry": { "type": "Point", "coordinates": [ 30.78167, -20.8975 ] } },
{ "type": "Feature", "properties": { "ZIMHEALTH": "_814", "DISTRICT": "Mwenezi", "NAME": "Neshuro", "FACILITY": "District_Hospital", "LONGTUDE": 30.64667, "LATITUDE": -20.94083, "F_ID": 2 }, "geometry": { "type": "Point", "coordinates": [ 30.64667, -20.94083 ] } },
{ "type": "Feature", "properties": { "ZIMHEALTH": "_815", "DISTRICT": "Mwenezi", "NAME": "Nehanda", "FACILITY": "Clinic", "LONGTUDE": 30.60278, "LATITUDE": -20.82833, "F_ID": 5 }, "geometry": { "type": "Point", "coordinates": [ 30.60278, -20.82833 ] } },
{ "type": "Feature", "properties": { "ZIMHEALTH": "_816", "DISTRICT": "Mwenezi", "NAME": "Matibi", "FACILITY": "Mission_Hospital", "LONGTUDE": 30.48611, "LATITUDE": -20.75028, "F_ID": 3 }, "geometry": { "type": "Point", "coordinates": [ 30.48611, -20.75028 ] } },
{ "type": "Feature", "properties": { "ZIMHEALTH": "_817", "DISTRICT": "Mwenezi", "NAME": "Chimbudzi", "FACILITY": "Clinic", "LONGTUDE": 30.50611, "LATITUDE": -20.94306, "F_ID": 5 }, "geometry": { "type": "Point", "coordinates": [ 30.50611, -20.94306 ] } },
{ "type": "Feature", "properties": { "ZIMHEALTH": "_818", "DISTRICT": "Mwenezi", "NAME": "Murove", "FACILITY": "Clinic", "LONGTUDE": 30.42444, "LATITUDE": -21.05917, "F_ID": 5 }, "geometry": { "type": "Point", "coordinates": [ 30.42444, -21.05917 ] } },
{ "type": "Feature", "properties": { "ZIMHEALTH": "_819", "DISTRICT": "Mwenezi", "NAME": "Mazetese", "FACILITY": "Clinic", "LONGTUDE": 30.30528, "LATITUDE": -21.04639, "F_ID": 5 }, "geometry": { "type": "Point", "coordinates": [ 30.30528, -21.04639 ] } },
{ "type": "Feature", "properties": { "ZIMHEALTH": "_820", "DISTRICT": "Mwenezi", "NAME": "Chirindi", "FACILITY": "Clinic", "LONGTUDE": 30.18, "LATITUDE": -21.11611, "F_ID": 5 }, "geometry": { "type": "Point", "coordinates": [ 30.18, -21.11611 ] } },
{ "type": "Feature", "properties": { "ZIMHEALTH": "_821", "DISTRICT": "Mwenezi", "NAME": "Mulelesi", "FACILITY": "Clinic", "LONGTUDE": 30.05917, "LATITUDE": -21.21417, "F_ID": 5 }, "geometry": { "type": "Point", "coordinates": [ 30.05917, -21.21417 ] } },
{ "type": "Feature", "properties": { "ZIMHEALTH": "_822", "DISTRICT": "Mwenezi", "NAME": "Maranda", "FACILITY": "Clinic", "LONGTUDE": 30.31583, "LATITUDE": -21.14583, "F_ID": 5 }, "geometry": { "type": "Point", "coordinates": [ 30.31583, -21.14583 ] } },
{ "type": "Feature", "properties": { "ZIMHEALTH": "_823", "DISTRICT": "Mwenezi", "NAME": "Dine", "FACILITY": "Clinic", "LONGTUDE": 30.53861, "LATITUDE": -21.19056, "F_ID": 5 }, "geometry": { "type": "Point", "coordinates": [ 30.53861, -21.19056 ] } },
{ "type": "Feature", "properties": { "ZIMHEALTH": "_824", "DISTRICT": "Mwenezi", "NAME": "Chizumba", "FACILITY": "Clinic", "LONGTUDE": 30.5725, "LATITUDE": -21.13972, "F_ID": 5 }, "geometry": { "type": "Point", "coordinates": [ 30.5725, -21.13972 ] } },
{ "type": "Feature", "properties": { "ZIMHEALTH": "_825", "DISTRICT": "Mwenezi", "NAME": "Mushava", "FACILITY": "Clinic", "LONGTUDE": 30.58389, "LATITUDE": -21.07639, "F_ID": 5 }, "geometry": { "type": "Point", "coordinates": [ 30.58389, -21.07639 ] } },
{ "type": "Feature", "properties": { "ZIMHEALTH": "_826", "DISTRICT": "Mwenezi", "NAME": "Rutenga", "FACILITY": "Clinic", "LONGTUDE": 30.72944, "LATITUDE": -21.23778, "F_ID": 5 }, "geometry": { "type": "Point", "coordinates": [ 30.72944, -21.23778 ] } },
{ "type": "Feature", "properties": { "ZIMHEALTH": "_827", "DISTRICT": "Mwenezi", "NAME": "Rutenga_Rws", "FACILITY": "Railways-clinic", "LONGTUDE": 30.74333, "LATITUDE": -21.25361, "F_ID": 5 }, "geometry": { "type": "Point", "coordinates": [ 30.74333, -21.25361 ] } },
{ "type": "Feature", "properties": { "ZIMHEALTH": "_828", "DISTRICT": "Mwenezi", "NAME": "Mwenezi", "FACILITY": "Clinic", "LONGTUDE": 30.7, "LATITUDE": -21.41417, "F_ID": 5 }, "geometry": { "type": "Point", "coordinates": [ 30.7, -21.41417 ] } },
{ "type": "Feature", "properties": { "ZIMHEALTH": "_829", "DISTRICT": "Mwenezi", "NAME": "MDC", "FACILITY": "Clinic", "LONGTUDE": 30.62611, "LATITUDE": -21.36028, "F_ID": 7 }, "geometry": { "type": "Point", "coordinates": [ 30.62611, -21.36028 ] } },
{ "type": "Feature", "properties": { "ZIMHEALTH": "_830", "DISTRICT": "Mwenezi", "NAME": "Munyanyi", "FACILITY": "Clinic", "LONGTUDE": 30.52472, "LATITUDE": -21.30167, "F_ID": 5 }, "geometry": { "type": "Point", "coordinates": [ 30.52472, -21.30167 ] } },
{ "type": "Feature", "properties": { "ZIMHEALTH": "_831", "DISTRICT": "Zaka", "NAME": "Ndanga", "FACILITY": "Hospital", "LONGTUDE": 31.32192, "LATITUDE": -20.18517, "F_ID": 2 }, "geometry": { "type": "Point", "coordinates": [ 31.32192, -20.18517 ] } },
{ "type": "Feature", "properties": { "ZIMHEALTH": "_832", "DISTRICT": "Zaka", "NAME": "Jerera", "FACILITY": "Satelite_Clinic", "LONGTUDE": 31.45139, "LATITUDE": -20.42467, "F_ID": 5 }, "geometry": { "type": "Point", "coordinates": [ 31.45139, -20.42467 ] } },
{ "type": "Feature", "properties": { "ZIMHEALTH": "_833", "DISTRICT": "Zaka", "NAME": "Siyawareva", "FACILITY": "Clinic", "LONGTUDE": 31.48619, "LATITUDE": -20.43864, "F_ID": 5 }, "geometry": { "type": "Point", "coordinates": [ 31.48619, -20.43864 ] } },
{ "type": "Feature", "properties": { "ZIMHEALTH": "_834", "DISTRICT": "Zaka", "NAME": "Zibwowa", "FACILITY": "Clinic", "LONGTUDE": 31.55372, "LATITUDE": -20.45111, "F_ID": 5 }, "geometry": { "type": "Point", "coordinates": [ 31.55372, -20.45111 ] } },
{ "type": "Feature", "properties": { "ZIMHEALTH": "_835", "DISTRICT": "Zaka", "NAME": "Chiredzana", "FACILITY": "Clinic", "LONGTUDE": 31.67089, "LATITUDE": -20.56889, "F_ID": 5 }, "geometry": { "type": "Point", "coordinates": [ 31.67089, -20.56889 ] } },
{ "type": "Feature", "properties": { "ZIMHEALTH": "_836", "DISTRICT": "Zaka", "NAME": "Svuvure", "FACILITY": "Rural_Health_Hospital", "LONGTUDE": 31.55733, "LATITUDE": -20.556, "F_ID": 4 }, "geometry": { "type": "Point", "coordinates": [ 31.55733, -20.556 ] } },
{ "type": "Feature", "properties": { "ZIMHEALTH": "_837", "DISTRICT": "Zaka", "NAME": "Bota", "FACILITY": "Clinic", "LONGTUDE": 31.40731, "LATITUDE": -20.62272, "F_ID": 5 }, "geometry": { "type": "Point", "coordinates": [ 31.40731, -20.62272 ] } },
{ "type": "Feature", "properties": { "ZIMHEALTH": "_838", "DISTRICT": "Zaka", "NAME": "Mushaya", "FACILITY": "Clinic", "LONGTUDE": 31.28597, "LATITUDE": -20.60228, "F_ID": 5 }, "geometry": { "type": "Point", "coordinates": [ 31.28597, -20.60228 ] } },
{ "type": "Feature", "properties": { "ZIMHEALTH": "_839", "DISTRICT": "Zaka", "NAME": "Zinguwo", "FACILITY": "Clinic", "LONGTUDE": 31.37375, "LATITUDE": -20.47322, "F_ID": 5 }, "geometry": { "type": "Point", "coordinates": [ 31.37375, -20.47322 ] } },
{ "type": "Feature", "properties": { "ZIMHEALTH": "_840", "DISTRICT": "Zaka", "NAME": "Veza", "FACILITY": "Clinic", "LONGTUDE": 31.31711, "LATITUDE": -20.38519, "F_ID": 5 }, "geometry": { "type": "Point", "coordinates": [ 31.31711, -20.38519 ] } },
{ "type": "Feature", "properties": { "ZIMHEALTH": "_841", "DISTRICT": "Zaka", "NAME": "Harava", "FACILITY": "Rural_Health_Centre", "LONGTUDE": 31.27369, "LATITUDE": -20.40028, "F_ID": 6 }, "geometry": { "type": "Point", "coordinates": [ 31.27369, -20.40028 ] } },
{ "type": "Feature", "properties": { "ZIMHEALTH": "_842", "DISTRICT": "Zaka", "NAME": "Musiso", "FACILITY": "Mission_Hospital", "LONGTUDE": 31.43994, "LATITUDE": -20.43994, "F_ID": 3 }, "geometry": { "type": "Point", "coordinates": [ 31.43994, -20.43994 ] } },
{ "type": "Feature", "properties": { "ZIMHEALTH": "_843", "DISTRICT": "Zaka", "NAME": "Fuve", "FACILITY": "Clinic", "LONGTUDE": 31.61764, "LATITUDE": -20.35083, "F_ID": 5 }, "geometry": { "type": "Point", "coordinates": [ 31.61764, -20.35083 ] } },
{ "type": "Feature", "properties": { "ZIMHEALTH": "_844", "DISTRICT": "Zaka", "NAME": "Chinyabako", "FACILITY": "Clinic", "LONGTUDE": 31.55583, "LATITUDE": -20.30689, "F_ID": 5 }, "geometry": { "type": "Point", "coordinates": [ 31.55583, -20.30689 ] } },
{ "type": "Feature", "properties": { "ZIMHEALTH": "_845", "DISTRICT": "Zaka", "NAME": "Chipinda", "FACILITY": "Rural_Health_Centre", "LONGTUDE": 31.34072, "LATITUDE": -20.06892, "F_ID": 6 }, "geometry": { "type": "Point", "coordinates": [ 31.34072, -20.06892 ] } },
{ "type": "Feature", "properties": { "ZIMHEALTH": "_846", "DISTRICT": "Zaka", "NAME": "Bvukururu", "FACILITY": "Clinic", "LONGTUDE": 31.43872, "LATITUDE": -20.10544, "F_ID": 5 }, "geometry": { "type": "Point", "coordinates": [ 31.43872, -20.10544 ] } },
{ "type": "Feature", "properties": { "ZIMHEALTH": "_847", "DISTRICT": "Zaka", "NAME": "Nyangambu", "FACILITY": "Clinic", "LONGTUDE": 31.55539, "LATITUDE": -20.27308, "F_ID": 5 }, "geometry": { "type": "Point", "coordinates": [ 31.55539, -20.27308 ] } },
{ "type": "Feature", "properties": { "ZIMHEALTH": "_848", "DISTRICT": "Zaka", "NAME": "Gumbo", "FACILITY": "Clinic", "LONGTUDE": 31.407, "LATITUDE": -20.23847, "F_ID": 5 }, "geometry": { "type": "Point", "coordinates": [ 31.407, -20.23847 ] } },
{ "type": "Feature", "properties": { "ZIMHEALTH": "_849", "DISTRICT": "Zaka", "NAME": "Jichidza", "FACILITY": "Rural_Health_Centre", "LONGTUDE": 31.26786, "LATITUDE": -20.30397, "F_ID": 6 }, "geometry": { "type": "Point", "coordinates": [ 31.26786, -20.30397 ] } },
{ "type": "Feature", "properties": { "ZIMHEALTH": "_850", "DISTRICT": "Zaka", "NAME": "Jichidza", "FACILITY": "Mission_Clinic", "LONGTUDE": 31.22244, "LATITUDE": -20.26978, "F_ID": 5 }, "geometry": { "type": "Point", "coordinates": [ 31.22244, -20.26978 ] } },
{ "type": "Feature", "properties": { "ZIMHEALTH": "_851", "DISTRICT": "Lupane", "NAME": "Lupane", "FACILITY": "Rural_Health_Centre", "LONGTUDE": 27.77194, "LATITUDE": -18.93528, "F_ID": 6 }, "geometry": { "type": "Point", "coordinates": [ 27.77194, -18.93528 ] } },
{ "type": "Feature", "properties": { "ZIMHEALTH": "_852", "DISTRICT": "Lupane", "NAME": "Jotsholo", "FACILITY": "Clinic", "LONGTUDE": 27.55833, "LATITUDE": -18.73056, "F_ID": 5 }, "geometry": { "type": "Point", "coordinates": [ 27.55833, -18.73056 ] } },
{ "type": "Feature", "properties": { "ZIMHEALTH": "_853", "DISTRICT": "Lupane", "NAME": "Dongamuzi", "FACILITY": "Clinic", "LONGTUDE": 27.44694, "LATITUDE": -18.40361, "F_ID": 5 }, "geometry": { "type": "Point", "coordinates": [ 27.44694, -18.40361 ] } },
{ "type": "Feature", "properties": { "ZIMHEALTH": "_854", "DISTRICT": "Lupane", "NAME": "Mdlankunzi", "FACILITY": "Clinic", "LONGTUDE": 27.75194, "LATITUDE": -18.49389, "F_ID": 5 }, "geometry": { "type": "Point", "coordinates": [ 27.75194, -18.49389 ] } },
{ "type": "Feature", "properties": { "ZIMHEALTH": "_855", "DISTRICT": "Lupane", "NAME": "Dandanda", "FACILITY": "Clinic", "LONGTUDE": 27.86917, "LATITUDE": -18.44889, "F_ID": 5 }, "geometry": { "type": "Point", "coordinates": [ 27.86917, -18.44889 ] } },
{ "type": "Feature", "properties": { "ZIMHEALTH": "_856", "DISTRICT": "Lupane", "NAME": "Kanyandavu", "FACILITY": "Clinic", "LONGTUDE": 27.97778, "LATITUDE": -18.30444, "F_ID": 5 }, "geometry": { "type": "Point", "coordinates": [ 27.97778, -18.30444 ] } },
{ "type": "Feature", "properties": { "ZIMHEALTH": "_857", "DISTRICT": "Lupane", "NAME": "St._Lukes", "FACILITY": "Mission_Hospital", "LONGTUDE": 27.96861, "LATITUDE": -19.10972, "F_ID": 3 }, "geometry": { "type": "Point", "coordinates": [ 27.96861, -19.10972 ] } },
{ "type": "Feature", "properties": { "ZIMHEALTH": "_858", "DISTRICT": "Lupane", "NAME": "St._Pauls", "FACILITY": "Mission_Hospital", "LONGTUDE": 28.11389, "LATITUDE": -19.02028, "F_ID": 3 }, "geometry": { "type": "Point", "coordinates": [ 28.11389, -19.02028 ] } },
{ "type": "Feature", "properties": { "ZIMHEALTH": "_859", "DISTRICT": "Lupane", "NAME": "Gomoza", "FACILITY": "Rural_Health_Centre", "LONGTUDE": 28.22361, "LATITUDE": -18.84139, "F_ID": 6 }, "geometry": { "type": "Point", "coordinates": [ 28.22361, -18.84139 ] } },
{ "type": "Feature", "properties": { "ZIMHEALTH": "_860", "DISTRICT": "Lupane", "NAME": "Lupaka", "FACILITY": "Clinic", "LONGTUDE": 27.90361, "LATITUDE": -18.78333, "F_ID": 5 }, "geometry": { "type": "Point", "coordinates": [ 27.90361, -18.78333 ] } },
{ "type": "Feature", "properties": { "ZIMHEALTH": "_861", "DISTRICT": "Bubi", "NAME": "Turk_Mine", "FACILITY": "Mine_Clinic", "LONGTUDE": 28.79389, "LATITUDE": -19.71306, "F_ID": 5 }, "geometry": { "type": "Point", "coordinates": [ 28.79389, -19.71306 ] } },
{ "type": "Feature", "properties": { "ZIMHEALTH": "_862", "DISTRICT": "Bubi", "NAME": "Sicanda", "FACILITY": "Rural_Health_Centre", "LONGTUDE": 28.47528, "LATITUDE": -19.33583, "F_ID": 6 }, "geometry": { "type": "Point", "coordinates": [ 28.47528, -19.33583 ] } },
{ "type": "Feature", "properties": { "ZIMHEALTH": "_863", "DISTRICT": "Bubi", "NAME": "Lukala", "FACILITY": "Rural_Health_Centre", "LONGTUDE": 28.41222, "LATITUDE": -19.26389, "F_ID": 6 }, "geometry": { "type": "Point", "coordinates": [ 28.41222, -19.26389 ] } },
{ "type": "Feature", "properties": { "ZIMHEALTH": "_864", "DISTRICT": "Bubi", "NAME": "Mbembeswana", "FACILITY": "Rural_Health_Centre", "LONGTUDE": 28.40194, "LATITUDE": -19.33056, "F_ID": 6 }, "geometry": { "type": "Point", "coordinates": [ 28.40194, -19.33056 ] } },
{ "type": "Feature", "properties": { "ZIMHEALTH": "_865", "DISTRICT": "Bubi", "NAME": "Isabella_Mine", "FACILITY": "Mine_Clinic", "LONGTUDE": 28.54944, "LATITUDE": -19.46111, "F_ID": 5 }, "geometry": { "type": "Point", "coordinates": [ 28.54944, -19.46111 ] } },
{ "type": "Feature", "properties": { "ZIMHEALTH": "_866", "DISTRICT": "Bubi", "NAME": "Inyathi", "FACILITY": "District_Hospital", "LONGTUDE": 28.85611, "LATITUDE": -19.685, "F_ID": 2 }, "geometry": { "type": "Point", "coordinates": [ 28.85611, -19.685 ] } },
{ "type": "Feature", "properties": { "ZIMHEALTH": "_867", "DISTRICT": "Bubi", "NAME": "PEHO", "FACILITY": null, "LONGTUDE": 28.7525, "LATITUDE": -19.80333, "F_ID": 0 }, "geometry": { "type": "Point", "coordinates": [ 28.7525, -19.80333 ] } },
{ "type": "Feature", "properties": { "ZIMHEALTH": "_868", "DISTRICT": "Umguza", "NAME": "Ntabazinduna", "FACILITY": "Clinic", "LONGTUDE": 28.84556, "LATITUDE": -19.97944, "F_ID": 5 }, "geometry": { "type": "Point", "coordinates": [ 28.84556, -19.97944 ] } },
{ "type": "Feature", "properties": { "ZIMHEALTH": "_869", "DISTRICT": "Umguza", "NAME": "Bhekeni", "FACILITY": "Rural_Health_Centre", "LONGTUDE": 28.80167, "LATITUDE": -20.01194, "F_ID": 6 }, "geometry": { "type": "Point", "coordinates": [ 28.80167, -20.01194 ] } },
{ "type": "Feature", "properties": { "ZIMHEALTH": "_870", "DISTRICT": "Umguza", "NAME": "Insuza", "FACILITY": "Rural_Health_centre", "LONGTUDE": 28.32722, "LATITUDE": -19.49306, "F_ID": 6 }, "geometry": { "type": "Point", "coordinates": [ 28.32722, -19.49306 ] } },
{ "type": "Feature", "properties": { "ZIMHEALTH": "_871", "DISTRICT": "Umguza", "NAME": "Fair_bridge", "FACILITY": "Clinic", "LONGTUDE": 28.7, "LATITUDE": -20.09917, "F_ID": 5 }, "geometry": { "type": "Point", "coordinates": [ 28.7, -20.09917 ] } },
{ "type": "Feature", "properties": { "ZIMHEALTH": "_872", "DISTRICT": "Umguza", "NAME": "Clay_Products", "FACILITY": "Private_Clinic", "LONGTUDE": 28.695, "LATITUDE": -20.11028, "F_ID": 7 }, "geometry": { "type": "Point", "coordinates": [ 28.695, -20.11028 ] } },
{ "type": "Feature", "properties": { "ZIMHEALTH": "_873", "DISTRICT": "Umguza", "NAME": "Unicem", "FACILITY": "Private_Clinic", "LONGTUDE": 28.685, "LATITUDE": -20.11861, "F_ID": 7 }, "geometry": { "type": "Point", "coordinates": [ 28.685, -20.11861 ] } },
{ "type": "Feature", "properties": { "ZIMHEALTH": "_874", "DISTRICT": "Umguza", "NAME": "PMD", "FACILITY": "Matebeleland_North", "LONGTUDE": 28.57667, "LATITUDE": -20.15528, "F_ID": 0 }, "geometry": { "type": "Point", "coordinates": [ 28.57667, -20.15528 ] } },
{ "type": "Feature", "properties": { "ZIMHEALTH": "_875", "DISTRICT": "Umguza", "NAME": "Nyamandlovu", "FACILITY": "Hospital", "LONGTUDE": 28.26556, "LATITUDE": -19.85889, "F_ID": 2 }, "geometry": { "type": "Point", "coordinates": [ 28.26556, -19.85889 ] } },
{ "type": "Feature", "properties": { "ZIMHEALTH": "_876", "DISTRICT": "Umguza", "NAME": "Fingo", "FACILITY": "Clinic", "LONGTUDE": 28.89417, "LATITUDE": -19.9675, "F_ID": 5 }, "geometry": { "type": "Point", "coordinates": [ 28.89417, -19.9675 ] } },
{ "type": "Feature", "properties": { "ZIMHEALTH": "_877", "DISTRICT": "Umguza", "NAME": "Igusi", "FACILITY": "Clinic", "LONGTUDE": 28.07417, "LATITUDE": -19.66111, "F_ID": 5 }, "geometry": { "type": "Point", "coordinates": [ 28.07417, -19.66111 ] } },
{ "type": "Feature", "properties": { "ZIMHEALTH": "_878", "DISTRICT": "Tsholotsho", "NAME": "Mlagisa", "FACILITY": "Rural_Health_centre", "LONGTUDE": 27.6675, "LATITUDE": -19.15111, "F_ID": 6 }, "geometry": { "type": "Point", "coordinates": [ 27.6675, -19.15111 ] } },
{ "type": "Feature", "properties": { "ZIMHEALTH": "_879", "DISTRICT": "Tsholotsho", "NAME": "Sipepa", "FACILITY": "Rural_Hospital", "LONGTUDE": 27.655, "LATITUDE": -19.28667, "F_ID": 4 }, "geometry": { "type": "Point", "coordinates": [ 27.655, -19.28667 ] } },
{ "type": "Feature", "properties": { "ZIMHEALTH": "_880", "DISTRICT": "Tsholotsho", "NAME": "Jimila", "FACILITY": "Clinic", "LONGTUDE": 27.73861, "LATITUDE": -19.49333, "F_ID": 5 }, "geometry": { "type": "Point", "coordinates": [ 27.73861, -19.49333 ] } },
{ "type": "Feature", "properties": { "ZIMHEALTH": "_881", "DISTRICT": "Tsholotsho", "NAME": "T._Urban", "FACILITY": "Clinic", "LONGTUDE": 27.75278, "LATITUDE": -19.76694, "F_ID": 5 }, "geometry": { "type": "Point", "coordinates": [ 27.75278, -19.76694 ] } },
{ "type": "Feature", "properties": { "ZIMHEALTH": "_882", "DISTRICT": "Tsholotsho", "NAME": "Tsholotsho", "FACILITY": "District_Hospital", "LONGTUDE": 27.75528, "LATITUDE": -19.77278, "F_ID": 2 }, "geometry": { "type": "Point", "coordinates": [ 27.75528, -19.77278 ] } },
{ "type": "Feature", "properties": { "ZIMHEALTH": "_883", "DISTRICT": "Tsholotsho", "NAME": "Panedziba", "FACILITY": "Clinic", "LONGTUDE": 27.57139, "LATITUDE": -19.46944, "F_ID": 5 }, "geometry": { "type": "Point", "coordinates": [ 27.57139, -19.46944 ] } },
{ "type": "Feature", "properties": { "ZIMHEALTH": "_884", "DISTRICT": "Tsholotsho", "NAME": "Nkunzi", "FACILITY": "Rural_Health_centre", "LONGTUDE": 27.88861, "LATITUDE": -20.10056, "F_ID": 6 }, "geometry": { "type": "Point", "coordinates": [ 27.88861, -20.10056 ] } },
{ "type": "Feature", "properties": { "ZIMHEALTH": "_885", "DISTRICT": "Tsholotsho", "NAME": "Bhubhude", "FACILITY": "Clinic", "LONGTUDE": 27.81194, "LATITUDE": -20.1, "F_ID": 5 }, "geometry": { "type": "Point", "coordinates": [ 27.81194, -20.1 ] } },
{ "type": "Feature", "properties": { "ZIMHEALTH": "_886", "DISTRICT": "Tsholotsho", "NAME": "Sodaka", "FACILITY": "Rural_Health_centre", "LONGTUDE": 27.08417, "LATITUDE": -19.39889, "F_ID": 6 }, "geometry": { "type": "Point", "coordinates": [ 27.08417, -19.39889 ] } },
{ "type": "Feature", "properties": { "ZIMHEALTH": "_887", "DISTRICT": "Tsholotsho", "NAME": "Makaza", "FACILITY": "Clinic", "LONGTUDE": 27.19194, "LATITUDE": -17.94944, "F_ID": 5 }, "geometry": { "type": "Point", "coordinates": [ 27.19194, -17.94944 ] } },
{ "type": "Feature", "properties": { "ZIMHEALTH": "_888", "DISTRICT": "Tsholotsho", "NAME": "Mtshayeli", "FACILITY": "Clinic", "LONGTUDE": 27.08861, "LATITUDE": -18.35889, "F_ID": 5 }, "geometry": { "type": "Point", "coordinates": [ 27.08861, -18.35889 ] } },
{ "type": "Feature", "properties": { "ZIMHEALTH": "_889", "DISTRICT": "Tsholotsho", "NAME": "Madlamombe", "FACILITY": "Clinic", "LONGTUDE": 27.50806, "LATITUDE": -19.77528, "F_ID": 5 }, "geometry": { "type": "Point", "coordinates": [ 27.50806, -19.77528 ] } },
{ "type": "Feature", "properties": { "ZIMHEALTH": "_890", "DISTRICT": "Tsholotsho", "NAME": "Pumula", "FACILITY": "Mission_Hospital", "LONGTUDE": 27.09139, "LATITUDE": -19.59306, "F_ID": 3 }, "geometry": { "type": "Point", "coordinates": [ 27.09139, -19.59306 ] } },
{ "type": "Feature", "properties": { "ZIMHEALTH": "_891", "DISTRICT": "Tsholotsho", "NAME": "Sikente", "FACILITY": "Not_Open", "LONGTUDE": 27.35361, "LATITUDE": -19.79444, "F_ID": 8 }, "geometry": { "type": "Point", "coordinates": [ 27.35361, -19.79444 ] } },
{ "type": "Feature", "properties": { "ZIMHEALTH": "_892", "DISTRICT": "Tsholotsho", "NAME": "Kapane", "FACILITY": "Not_Open", "LONGTUDE": 27.5175, "LATITUDE": -19.26056, "F_ID": 8 }, "geometry": { "type": "Point", "coordinates": [ 27.5175, -19.26056 ] } },
{ "type": "Feature", "properties": { "ZIMHEALTH": "_893", "DISTRICT": "Hwange", "NAME": "Kamative", "FACILITY": "Hospital", "LONGTUDE": 27.05972, "LATITUDE": -18.315, "F_ID": 3 }, "geometry": { "type": "Point", "coordinates": [ 27.05972, -18.315 ] } },
{ "type": "Feature", "properties": { "ZIMHEALTH": "_894", "DISTRICT": "Hwange", "NAME": "Lupote", "FACILITY": "Clinic", "LONGTUDE": 26.96417, "LATITUDE": -18.51278, "F_ID": 5 }, "geometry": { "type": "Point", "coordinates": [ 26.96417, -18.51278 ] } },
{ "type": "Feature", "properties": { "ZIMHEALTH": "_895", "DISTRICT": "Hwange", "NAME": "Safari_Lodge", "FACILITY": "Clinic", "LONGTUDE": 26.97444, "LATITUDE": -18.65611, "F_ID": 5 }, "geometry": { "type": "Point", "coordinates": [ 26.97444, -18.65611 ] } },
{ "type": "Feature", "properties": { "ZIMHEALTH": "_896", "DISTRICT": "Hwange", "NAME": "Main_Camp.", "FACILITY": "Clinic", "LONGTUDE": 26.95222, "LATITUDE": -18.73167, "F_ID": 5 }, "geometry": { "type": "Point", "coordinates": [ 26.95222, -18.73167 ] } },
{ "type": "Feature", "properties": { "ZIMHEALTH": "_897", "DISTRICT": "Hwange", "NAME": "Dete", "FACILITY": "Clinic", "LONGTUDE": 26.86778, "LATITUDE": -18.61583, "F_ID": 5 }, "geometry": { "type": "Point", "coordinates": [ 26.86778, -18.61583 ] } },
{ "type": "Feature", "properties": { "ZIMHEALTH": "_898", "DISTRICT": "Hwange", "NAME": "Simangani", "FACILITY": "Rural_Health_centre", "LONGTUDE": 26.72417, "LATITUDE": -18.11028, "F_ID": 6 }, "geometry": { "type": "Point", "coordinates": [ 26.72417, -18.11028 ] } },
{ "type": "Feature", "properties": { "ZIMHEALTH": "_899", "DISTRICT": "Hwange", "NAME": "Dinde", "FACILITY": "Clinic", "LONGTUDE": 26.7375, "LATITUDE": -18.38, "F_ID": 5 }, "geometry": { "type": "Point", "coordinates": [ 26.7375, -18.38 ] } },
{ "type": "Feature", "properties": { "ZIMHEALTH": "_900", "DISTRICT": "Hwange", "NAME": "Lukosi", "FACILITY": "Rural_Hospital", "LONGTUDE": 26.62778, "LATITUDE": -18.36056, "F_ID": 4 }, "geometry": { "type": "Point", "coordinates": [ 26.62778, -18.36056 ] } },
{ "type": "Feature", "properties": { "ZIMHEALTH": "_901", "DISTRICT": "Hwange", "NAME": "Mwemba", "FACILITY": "Rural_health_centre", "LONGTUDE": 26.56056, "LATITUDE": -18.18333, "F_ID": 6 }, "geometry": { "type": "Point", "coordinates": [ 26.56056, -18.18333 ] } },
{ "type": "Feature", "properties": { "ZIMHEALTH": "_902", "DISTRICT": "Hwange", "NAME": "Wankie", "FACILITY": "Private_Hospital", "LONGTUDE": 26.50056, "LATITUDE": -18.35722, "F_ID": 4 }, "geometry": { "type": "Point", "coordinates": [ 26.50056, -18.35722 ] } },
{ "type": "Feature", "properties": { "ZIMHEALTH": "_903", "DISTRICT": "Hwange", "NAME": "Kanywambizi", "FACILITY": "Rural_health_centre", "LONGTUDE": 26.31111, "LATITUDE": -18.01694, "F_ID": 6 }, "geometry": { "type": "Point", "coordinates": [ 26.31111, -18.01694 ] } },
{ "type": "Feature", "properties": { "ZIMHEALTH": "_904", "DISTRICT": "Hwange", "NAME": "Jambezi", "FACILITY": "Rural_Health_Centre", "LONGTUDE": 26.2275, "LATITUDE": -18.05222, "F_ID": 6 }, "geometry": { "type": "Point", "coordinates": [ 26.2275, -18.05222 ] } },
{ "type": "Feature", "properties": { "ZIMHEALTH": "_905", "DISTRICT": "Hwange", "NAME": "Ndlovu", "FACILITY": "Rural_Health_centre", "LONGTUDE": 25.98389, "LATITUDE": -18.10083, "F_ID": 6 }, "geometry": { "type": "Point", "coordinates": [ 25.98389, -18.10083 ] } },
{ "type": "Feature", "properties": { "ZIMHEALTH": "_906", "DISTRICT": "Hwange", "NAME": "Chisuma", "FACILITY": "Rural_health_centre", "LONGTUDE": 25.95472, "LATITUDE": -18.01361, "F_ID": 6 }, "geometry": { "type": "Point", "coordinates": [ 25.95472, -18.01361 ] } },
{ "type": "Feature", "properties": { "ZIMHEALTH": "_907", "DISTRICT": "Hwange", "NAME": "Victoria_Falls", "FACILITY": "District_Hospital", "LONGTUDE": 25.82611, "LATITUDE": -17.94389, "F_ID": 2 }, "geometry": { "type": "Point", "coordinates": [ 25.82611, -17.94389 ] } },
{ "type": "Feature", "properties": { "ZIMHEALTH": "_908", "DISTRICT": "Hwange", "NAME": "Gwayi", "FACILITY": "Clinic", "LONGTUDE": 27.18639, "LATITUDE": -18.61111, "F_ID": 5 }, "geometry": { "type": "Point", "coordinates": [ 27.18639, -18.61111 ] } },
{ "type": "Feature", "properties": { "ZIMHEALTH": "_909", "DISTRICT": "Hwange", "NAME": "Empumalanga", "FACILITY": "Clinic", "LONGTUDE": 26.50083, "LATITUDE": -18.34972, "F_ID": 5 }, "geometry": { "type": "Point", "coordinates": [ 26.50083, -18.34972 ] } },
{ "type": "Feature", "properties": { "ZIMHEALTH": "_910", "DISTRICT": "Hwange", "NAME": "Chinotimba", "FACILITY": "Clinic", "LONGTUDE": 25.82583, "LATITUDE": -17.94528, "F_ID": 5 }, "geometry": { "type": "Point", "coordinates": [ 25.82583, -17.94528 ] } },
{ "type": "Feature", "properties": { "ZIMHEALTH": "_911", "DISTRICT": "Hwange", "NAME": "Lukunguni", "FACILITY": "Mission_Hospital", "LONGTUDE": 26.22833, "LATITUDE": -18.04444, "F_ID": 3 }, "geometry": { "type": "Point", "coordinates": [ 26.22833, -18.04444 ] } },
{ "type": "Feature", "properties": { "ZIMHEALTH": "_912", "DISTRICT": "Hwange", "NAME": "Makwandara", "FACILITY": "Rural_Health_Centre", "LONGTUDE": 27.20056, "LATITUDE": -18.31722, "F_ID": 6 }, "geometry": { "type": "Point", "coordinates": [ 27.20056, -18.31722 ] } },
{ "type": "Feature", "properties": { "ZIMHEALTH": "_913", "DISTRICT": "Binga", "NAME": "Siabuwa", "FACILITY": "Clinic", "LONGTUDE": 28.04389, "LATITUDE": -17.47472, "F_ID": 5 }, "geometry": { "type": "Point", "coordinates": [ 28.04389, -17.47472 ] } },
{ "type": "Feature", "properties": { "ZIMHEALTH": "_914", "DISTRICT": "Binga", "NAME": "Kariangwe", "FACILITY": "Clinic", "LONGTUDE": 27.535, "LATITUDE": -17.96972, "F_ID": 5 }, "geometry": { "type": "Point", "coordinates": [ 27.535, -17.96972 ] } },
{ "type": "Feature", "properties": { "ZIMHEALTH": "_915", "DISTRICT": "Binga", "NAME": "Chinego", "FACILITY": "Clinic", "LONGTUDE": 28.075, "LATITUDE": -17.19472, "F_ID": 5 }, "geometry": { "type": "Point", "coordinates": [ 28.075, -17.19472 ] } },
{ "type": "Feature", "properties": { "ZIMHEALTH": "_916", "DISTRICT": "Binga", "NAME": "Lubimbi", "FACILITY": "Clinic", "LONGTUDE": 27.19194, "LATITUDE": -17.94944, "F_ID": 5 }, "geometry": { "type": "Point", "coordinates": [ 27.19194, -17.94944 ] } },
{ "type": "Feature", "properties": { "ZIMHEALTH": "_917", "DISTRICT": "Binga", "NAME": "Muchesu", "FACILITY": "Clinic", "LONGTUDE": 27.68917, "LATITUDE": -17.94778, "F_ID": 5 }, "geometry": { "type": "Point", "coordinates": [ 27.68917, -17.94778 ] } },
{ "type": "Feature", "properties": { "ZIMHEALTH": "_918", "DISTRICT": "Binga", "NAME": "Chinego", "FACILITY": "Clinic", "LONGTUDE": 28.075, "LATITUDE": -17.19472, "F_ID": 5 }, "geometry": { "type": "Point", "coordinates": [ 28.075, -17.19472 ] } },
{ "type": "Feature", "properties": { "ZIMHEALTH": "_919", "DISTRICT": "Binga", "NAME": "Binga", "FACILITY": "District_Hospital", "LONGTUDE": 27.32667, "LATITUDE": -17.63944, "F_ID": 2 }, "geometry": { "type": "Point", "coordinates": [ 27.32667, -17.63944 ] } },
{ "type": "Feature", "properties": { "ZIMHEALTH": "_920", "DISTRICT": "Binga", "NAME": "Siansundu", "FACILITY": "Rural_Health_centre", "LONGTUDE": 27.21917, "LATITUDE": -17.98333, "F_ID": 6 }, "geometry": { "type": "Point", "coordinates": [ 27.21917, -17.98333 ] } },
{ "type": "Feature", "properties": { "ZIMHEALTH": "_921", "DISTRICT": "Binga", "NAME": "Lusulu", "FACILITY": "Rural_Health_centre", "LONGTUDE": 27.86222, "LATITUDE": -18.06833, "F_ID": 6 }, "geometry": { "type": "Point", "coordinates": [ 27.86222, -18.06833 ] } },
{ "type": "Feature", "properties": { "ZIMHEALTH": "_922", "DISTRICT": "Binga", "NAME": "Pashu", "FACILITY": "Rural_Health_centre", "LONGTUDE": 27.40056, "LATITUDE": -18.20806, "F_ID": 6 }, "geometry": { "type": "Point", "coordinates": [ 27.40056, -18.20806 ] } },
{ "type": "Feature", "properties": { "ZIMHEALTH": "_923", "DISTRICT": "Nkayi", "NAME": "Nkayi", "FACILITY": "District_Hospital", "LONGTUDE": 28.89139, "LATITUDE": -19.00056, "F_ID": 2 }, "geometry": { "type": "Point", "coordinates": [ 28.89139, -19.00056 ] } },
{ "type": "Feature", "properties": { "ZIMHEALTH": "_924", "DISTRICT": "Nkayi", "NAME": "Guwe", "FACILITY": "Rural_Health_Centre", "LONGTUDE": 28.96778, "LATITUDE": -19.21444, "F_ID": 6 }, "geometry": { "type": "Point", "coordinates": [ 28.96778, -19.21444 ] } },
{ "type": "Feature", "properties": { "ZIMHEALTH": "_925", "DISTRICT": "Nkayi", "NAME": "Zinyangeni", "FACILITY": "Rural_Health_Centre", "LONGTUDE": 28.98806, "LATITUDE": -19.07778, "F_ID": 6 }, "geometry": { "type": "Point", "coordinates": [ 28.98806, -19.07778 ] } },
{ "type": "Feature", "properties": { "ZIMHEALTH": "_926", "DISTRICT": "Nkayi", "NAME": "Fanison", "FACILITY": "Rural_Health_Centre", "LONGTUDE": 28.88583, "LATITUDE": -18.91583, "F_ID": 6 }, "geometry": { "type": "Point", "coordinates": [ 28.88583, -18.91583 ] } },
{ "type": "Feature", "properties": { "ZIMHEALTH": "_927", "DISTRICT": "Nkayi", "NAME": "Mateme", "FACILITY": "Rural_Health_Centre", "LONGTUDE": 28.95722, "LATITUDE": -18.66917, "F_ID": 6 }, "geometry": { "type": "Point", "coordinates": [ 28.95722, -18.66917 ] } },
{ "type": "Feature", "properties": { "ZIMHEALTH": "_928", "DISTRICT": "Nkayi", "NAME": "Nesigwe", "FACILITY": "Rural_Health_Centre", "LONGTUDE": 28.81167, "LATITUDE": -18.72778, "F_ID": 6 }, "geometry": { "type": "Point", "coordinates": [ 28.81167, -18.72778 ] } },
{ "type": "Feature", "properties": { "ZIMHEALTH": "_929", "DISTRICT": "Nkayi", "NAME": "Gwelutshena", "FACILITY": "Rural_Health_Centre", "LONGTUDE": 28.70889, "LATITUDE": -18.66306, "F_ID": 6 }, "geometry": { "type": "Point", "coordinates": [ 28.70889, -18.66306 ] } },
{ "type": "Feature", "properties": { "ZIMHEALTH": "_930", "DISTRICT": "Nkayi", "NAME": "Ngwaladi", "FACILITY": "Rural_Hospital", "LONGTUDE": 28.37972, "LATITUDE": -18.57667, "F_ID": 4 }, "geometry": { "type": "Point", "coordinates": [ 28.37972, -18.57667 ] } },
{ "type": "Feature", "properties": { "ZIMHEALTH": "_931", "DISTRICT": "Nkayi", "NAME": "Sebumane", "FACILITY": "Clinic", "LONGTUDE": 28.46139, "LATITUDE": -18.67028, "F_ID": 5 }, "geometry": { "type": "Point", "coordinates": [ 28.46139, -18.67028 ] } },
{ "type": "Feature", "properties": { "ZIMHEALTH": "_932", "DISTRICT": "Nkayi", "NAME": "Sivalo", "FACILITY": "Rural_Health_Centre", "LONGTUDE": 28.35139, "LATITUDE": -18.74306, "F_ID": 6 }, "geometry": { "type": "Point", "coordinates": [ 28.35139, -18.74306 ] } },
{ "type": "Feature", "properties": { "ZIMHEALTH": "_933", "DISTRICT": "Nkayi", "NAME": "Zenka", "FACILITY": "Rural_Health_Centre", "LONGTUDE": 28.77306, "LATITUDE": -19.07, "F_ID": 6 }, "geometry": { "type": "Point", "coordinates": [ 28.77306, -19.07 ] } },
{ "type": "Feature", "properties": { "ZIMHEALTH": "_934", "DISTRICT": "Nkayi", "NAME": "Mbuma", "FACILITY": "Mission_Hospital", "LONGTUDE": 28.44167, "LATITUDE": -18.94889, "F_ID": 3 }, "geometry": { "type": "Point", "coordinates": [ 28.44167, -18.94889 ] } },
{ "type": "Feature", "properties": { "ZIMHEALTH": "_935", "DISTRICT": "Nkayi", "NAME": "Sikobokobo", "FACILITY": "Clinic", "LONGTUDE": 28.4875, "LATITUDE": -18.7825, "F_ID": 5 }, "geometry": { "type": "Point", "coordinates": [ 28.4875, -18.7825 ] } },
{ "type": "Feature", "properties": { "ZIMHEALTH": "_936", "DISTRICT": "Nkayi", "NAME": "Dakamela", "FACILITY": "Rural_Hospital", "LONGTUDE": 28.66667, "LATITUDE": -18.79722, "F_ID": 4 }, "geometry": { "type": "Point", "coordinates": [ 28.66667, -18.79722 ] } },
{ "type": "Feature", "properties": { "ZIMHEALTH": "_937", "DISTRICT": "Nkayi", "NAME": "Sesame", "FACILITY": "Clinic", "LONGTUDE": 28.7125, "LATITUDE": -18.955, "F_ID": 5 }, "geometry": { "type": "Point", "coordinates": [ 28.7125, -18.955 ] } },
{ "type": "Feature", "properties": { "ZIMHEALTH": "_938", "DISTRICT": "Beitbridge", "NAME": "Beitbridge", "FACILITY": "District_Hospital", "LONGTUDE": 29.98761, "LATITUDE": -22.20458, "F_ID": 2 }, "geometry": { "type": "Point", "coordinates": [ 29.98761, -22.20458 ] } },
{ "type": "Feature", "properties": { "ZIMHEALTH": "_939", "DISTRICT": "Beitbridge", "NAME": "Shabwe", "FACILITY": "Rural_Health_Centre", "LONGTUDE": 30.22278, "LATITUDE": -22.10489, "F_ID": 6 }, "geometry": { "type": "Point", "coordinates": [ 30.22278, -22.10489 ] } },
{ "type": "Feature", "properties": { "ZIMHEALTH": "_940", "DISTRICT": "Beitbridge", "NAME": "Dite", "FACILITY": "Rural_Health_Centre", "LONGTUDE": 30.39003, "LATITUDE": -22.22214, "F_ID": 6 }, "geometry": { "type": "Point", "coordinates": [ 30.39003, -22.22214 ] } },
{ "type": "Feature", "properties": { "ZIMHEALTH": "_941", "DISTRICT": "Beitbridge", "NAME": "Chasvingo", "FACILITY": "Clinic", "LONGTUDE": 30.50114, "LATITUDE": -22.05558, "F_ID": 5 }, "geometry": { "type": "Point", "coordinates": [ 30.50114, -22.05558 ] } },
{ "type": "Feature", "properties": { "ZIMHEALTH": "_942", "DISTRICT": "Beitbridge", "NAME": "Chituripasi", "FACILITY": "Rural_Health_Centre", "LONGTUDE": 30.78753, "LATITUDE": -22.20064, "F_ID": 6 }, "geometry": { "type": "Point", "coordinates": [ 30.78753, -22.20064 ] } },
{ "type": "Feature", "properties": { "ZIMHEALTH": "_943", "DISTRICT": "Beitbridge", "NAME": "Chikwarakwara", "FACILITY": "Rural_Health_Centre", "LONGTUDE": 31.09125, "LATITUDE": -22.31725, "F_ID": 6 }, "geometry": { "type": "Point", "coordinates": [ 31.09125, -22.31725 ] } },
{ "type": "Feature", "properties": { "ZIMHEALTH": "_944", "DISTRICT": "Beitbridge", "NAME": "Dulibadzimu", "FACILITY": "Clinic", "LONGTUDE": 29.98372, "LATITUDE": -22.20681, "F_ID": 5 }, "geometry": { "type": "Point", "coordinates": [ 29.98372, -22.20681 ] } },
{ "type": "Feature", "properties": { "ZIMHEALTH": "_945", "DISTRICT": "Beitbridge", "NAME": "ZRP", "FACILITY": "Clinic", "LONGTUDE": 30.00519, "LATITUDE": -22.21992, "F_ID": 7 }, "geometry": { "type": "Point", "coordinates": [ 30.00519, -22.21992 ] } },
{ "type": "Feature", "properties": { "ZIMHEALTH": "_946", "DISTRICT": "Beitbridge", "NAME": "Prison", "FACILITY": "Clinic", "LONGTUDE": 29.98528, "LATITUDE": -22.22269, "F_ID": 7 }, "geometry": { "type": "Point", "coordinates": [ 29.98528, -22.22269 ] } },
{ "type": "Feature", "properties": { "ZIMHEALTH": "_947", "DISTRICT": "Beitbridge", "NAME": "NRZ", "FACILITY": "Clinic", "LONGTUDE": 30.00781, "LATITUDE": -22.22078, "F_ID": 7 }, "geometry": { "type": "Point", "coordinates": [ 30.00781, -22.22078 ] } },
{ "type": "Feature", "properties": { "ZIMHEALTH": "_948", "DISTRICT": "Beitbridge", "NAME": "Majini", "FACILITY": "Rural_Health_Centre", "LONGTUDE": 29.69067, "LATITUDE": -21.50331, "F_ID": 6 }, "geometry": { "type": "Point", "coordinates": [ 29.69067, -21.50331 ] } },
{ "type": "Feature", "properties": { "ZIMHEALTH": "_949", "DISTRICT": "Beitbridge", "NAME": "Chamunangana", "FACILITY": "Clinic", "LONGTUDE": 29.60194, "LATITUDE": -21.60719, "F_ID": 5 }, "geometry": { "type": "Point", "coordinates": [ 29.60194, -21.60719 ] } },
{ "type": "Feature", "properties": { "ZIMHEALTH": "_950", "DISTRICT": "Beitbridge", "NAME": "Makakabule", "FACILITY": "Rural_Health_Centre", "LONGTUDE": 29.93681, "LATITUDE": -22.13792, "F_ID": 6 }, "geometry": { "type": "Point", "coordinates": [ 29.93681, -22.13792 ] } },
{ "type": "Feature", "properties": { "ZIMHEALTH": "_951", "DISTRICT": "Beitbridge", "NAME": "Zezane", "FACILITY": "Clinic", "LONGTUDE": 29.50342, "LATITUDE": -21.62461, "F_ID": 5 }, "geometry": { "type": "Point", "coordinates": [ 29.50342, -21.62461 ] } },
{ "type": "Feature", "properties": { "ZIMHEALTH": "_952", "DISTRICT": "Beitbridge", "NAME": "Nottingham", "FACILITY": "Rural_Health_Centre", "LONGTUDE": 29.63697, "LATITUDE": -22.12217, "F_ID": 6 }, "geometry": { "type": "Point", "coordinates": [ 29.63697, -22.12217 ] } },
{ "type": "Feature", "properties": { "ZIMHEALTH": "_953", "DISTRICT": "Beitbridge", "NAME": "Shashe", "FACILITY": "Clinic", "LONGTUDE": 29.32244, "LATITUDE": -22.10292, "F_ID": 5 }, "geometry": { "type": "Point", "coordinates": [ 29.32244, -22.10292 ] } },
{ "type": "Feature", "properties": { "ZIMHEALTH": "_954", "DISTRICT": "Beitbridge", "NAME": "Swereki", "FACILITY": "Clinic", "LONGTUDE": 29.40386, "LATITUDE": -21.87125, "F_ID": 5 }, "geometry": { "type": "Point", "coordinates": [ 29.40386, -21.87125 ] } },
{ "type": "Feature", "properties": { "ZIMHEALTH": "_955", "DISTRICT": "Beitbridge", "NAME": "Masera", "FACILITY": "Clinic", "LONGTUDE": 29.5865, "LATITUDE": -21.93431, "F_ID": 5 }, "geometry": { "type": "Point", "coordinates": [ 29.5865, -21.93431 ] } },
{ "type": "Feature", "properties": { "ZIMHEALTH": "_956", "DISTRICT": "Beitbridge", "NAME": "Tongwe", "FACILITY": "Clinic", "LONGTUDE": 30.04042, "LATITUDE": -21.93567, "F_ID": 5 }, "geometry": { "type": "Point", "coordinates": [ 30.04042, -21.93567 ] } },
{ "type": "Feature", "properties": { "ZIMHEALTH": "_957", "DISTRICT": "Gwanda", "NAME": "ZNFPC", "FACILITY": "Clinic", "LONGTUDE": 29.0185, "LATITUDE": -20.94064, "F_ID": 5 }, "geometry": { "type": "Point", "coordinates": [ 29.0185, -20.94064 ] } },
{ "type": "Feature", "properties": { "ZIMHEALTH": "_958", "DISTRICT": "Gwanda", "NAME": "JZ_Moyo", "FACILITY": "School_Clinic", "LONGTUDE": 29.37214, "LATITUDE": -20.99019, "F_ID": 5 }, "geometry": { "type": "Point", "coordinates": [ 29.37214, -20.99019 ] } },
{ "type": "Feature", "properties": { "ZIMHEALTH": "_959", "DISTRICT": "Gwanda", "NAME": "Jessie_Mine", "FACILITY": "Mine_Clinic", "LONGTUDE": 29.32281, "LATITUDE": -21.05517, "F_ID": 7 }, "geometry": { "type": "Point", "coordinates": [ 29.32281, -21.05517 ] } },
{ "type": "Feature", "properties": { "ZIMHEALTH": "_960", "DISTRICT": "Gwanda", "NAME": "Collen_Bawn", "FACILITY": "Mine_Clinic", "LONGTUDE": 29.22178, "LATITUDE": -21.0035, "F_ID": 7 }, "geometry": { "type": "Point", "coordinates": [ 29.22178, -21.0035 ] } },
{ "type": "Feature", "properties": { "ZIMHEALTH": "_961", "DISTRICT": "Gwanda", "NAME": "Gwanda_Prison", "FACILITY": "Clinic", "LONGTUDE": 29.00653, "LATITUDE": -20.95706, "F_ID": 5 }, "geometry": { "type": "Point", "coordinates": [ 29.00653, -20.95706 ] } },
{ "type": "Feature", "properties": { "ZIMHEALTH": "_962", "DISTRICT": "Gwanda", "NAME": "Manama", "FACILITY": "Mission_Hospital", "LONGTUDE": 28.99114, "LATITUDE": -21.57014, "F_ID": 3 }, "geometry": { "type": "Point", "coordinates": [ 28.99114, -21.57014 ] } },
{ "type": "Feature", "properties": { "ZIMHEALTH": "_963", "DISTRICT": "Gwanda", "NAME": "Freda_Mine", "FACILITY": "Mine_Clinic", "LONGTUDE": 28.80033, "LATITUDE": -20.97178, "F_ID": 7 }, "geometry": { "type": "Point", "coordinates": [ 28.80033, -20.97178 ] } },
{ "type": "Feature", "properties": { "ZIMHEALTH": "_964", "DISTRICT": "Gwanda", "NAME": "Blanket_Mine", "FACILITY": "Mine_Clinic", "LONGTUDE": 28.90614, "LATITUDE": -20.87447, "F_ID": 7 }, "geometry": { "type": "Point", "coordinates": [ 28.90614, -20.87447 ] } },
{ "type": "Feature", "properties": { "ZIMHEALTH": "_965", "DISTRICT": "Gwanda", "NAME": "Gwanda_Pro._Hosp", "FACILITY": "Provincial_Hospital", "LONGTUDE": 29.00006, "LATITUDE": -20.95786, "F_ID": 1 }, "geometry": { "type": "Point", "coordinates": [ 29.00006, -20.95786 ] } },
{ "type": "Feature", "properties": { "ZIMHEALTH": "_966", "DISTRICT": "Gwanda", "NAME": "Mzimuni", "FACILITY": "Clinic", "LONGTUDE": 29.13558, "LATITUDE": -20.65025, "F_ID": 5 }, "geometry": { "type": "Point", "coordinates": [ 29.13558, -20.65025 ] } },
{ "type": "Feature", "properties": { "ZIMHEALTH": "_967", "DISTRICT": "Gwanda", "NAME": "Stanmore", "FACILITY": "Clinic", "LONGTUDE": 29.03661, "LATITUDE": -20.66992, "F_ID": 5 }, "geometry": { "type": "Point", "coordinates": [ 29.03661, -20.66992 ] } },
{ "type": "Feature", "properties": { "ZIMHEALTH": "_968", "DISTRICT": "Gwanda", "NAME": "Mtshabezi", "FACILITY": "Mission_Hospital", "LONGTUDE": 28.90692, "LATITUDE": -20.70111, "F_ID": 3 }, "geometry": { "type": "Point", "coordinates": [ 28.90692, -20.70111 ] } },
{ "type": "Feature", "properties": { "ZIMHEALTH": "_969", "DISTRICT": "Gwanda", "NAME": "Vumba-Chingwe", "FACILITY": "Clinic", "LONGTUDE": 28.92378, "LATITUDE": -20.88653, "F_ID": 5 }, "geometry": { "type": "Point", "coordinates": [ 28.92378, -20.88653 ] } },
{ "type": "Feature", "properties": { "ZIMHEALTH": "_970", "DISTRICT": "Gwanda", "NAME": "Makwe", "FACILITY": "Rural_Health_Centre", "LONGTUDE": 28.75639, "LATITUDE": -20.96919, "F_ID": 6 }, "geometry": { "type": "Point", "coordinates": [ 28.75639, -20.96919 ] } },
{ "type": "Feature", "properties": { "ZIMHEALTH": "_971", "DISTRICT": "Gwanda", "NAME": "Simbumbumbu", "FACILITY": "Rural_Health_Centre", "LONGTUDE": 28.75761, "LATITUDE": -20.75217, "F_ID": 6 }, "geometry": { "type": "Point", "coordinates": [ 28.75761, -20.75217 ] } },
{ "type": "Feature", "properties": { "ZIMHEALTH": "_972", "DISTRICT": "Gwanda", "NAME": "Mashaba", "FACILITY": "Clinic", "LONGTUDE": 28.95039, "LATITUDE": -21.66825, "F_ID": 5 }, "geometry": { "type": "Point", "coordinates": [ 28.95039, -21.66825 ] } },
{ "type": "Feature", "properties": { "ZIMHEALTH": "_973", "DISTRICT": "Gwanda", "NAME": "Nhwali", "FACILITY": "Rural_Health_Centre", "LONGTUDE": 29.2055, "LATITUDE": -21.70358, "F_ID": 6 }, "geometry": { "type": "Point", "coordinates": [ 29.2055, -21.70358 ] } },
{ "type": "Feature", "properties": { "ZIMHEALTH": "_974", "DISTRICT": "Gwanda", "NAME": "Kafusi", "FACILITY": "Clinic", "LONGTUDE": 28.77222, "LATITUDE": -21.60386, "F_ID": 5 }, "geometry": { "type": "Point", "coordinates": [ 28.77222, -21.60386 ] } },
{ "type": "Feature", "properties": { "ZIMHEALTH": "_975", "DISTRICT": "Gwanda", "NAME": "Buvuma", "FACILITY": "Clinic", "LONGTUDE": 29.20447, "LATITUDE": -21.46747, "F_ID": 5 }, "geometry": { "type": "Point", "coordinates": [ 29.20447, -21.46747 ] } },
{ "type": "Feature", "properties": { "ZIMHEALTH": "_976", "DISTRICT": "Gwanda", "NAME": "Gungwe", "FACILITY": "Rural_Health_Centre", "LONGTUDE": 28.88731, "LATITUDE": -21.45617, "F_ID": 6 }, "geometry": { "type": "Point", "coordinates": [ 28.88731, -21.45617 ] } },
{ "type": "Feature", "properties": { "ZIMHEALTH": "_977", "DISTRICT": "Gwanda", "NAME": "Silonga", "FACILITY": "Clinic", "LONGTUDE": 29.17406, "LATITUDE": -21.38333, "F_ID": 5 }, "geometry": { "type": "Point", "coordinates": [ 29.17406, -21.38333 ] } },
{ "type": "Feature", "properties": { "ZIMHEALTH": "_978", "DISTRICT": "Gwanda", "NAME": "Ntalale", "FACILITY": "Clinic", "LONGTUDE": 28.88608, "LATITUDE": -21.35731, "F_ID": 5 }, "geometry": { "type": "Point", "coordinates": [ 28.88608, -21.35731 ] } },
{ "type": "Feature", "properties": { "ZIMHEALTH": "_979", "DISTRICT": "Gwanda", "NAME": "Sengwezani", "FACILITY": "Rural_Health_Centre", "LONGTUDE": 28.9745, "LATITUDE": -21.37139, "F_ID": 6 }, "geometry": { "type": "Point", "coordinates": [ 28.9745, -21.37139 ] } },
{ "type": "Feature", "properties": { "ZIMHEALTH": "_980", "DISTRICT": "Gwanda", "NAME": "Pakama", "FACILITY": "Clinic", "LONGTUDE": 29.02397, "LATITUDE": -20.93975, "F_ID": 5 }, "geometry": { "type": "Point", "coordinates": [ 29.02397, -20.93975 ] } },
{ "type": "Feature", "properties": { "ZIMHEALTH": "_981", "DISTRICT": "Insiza", "NAME": "Filabusi", "FACILITY": "District_Hospital", "LONGTUDE": 29.28667, "LATITUDE": -20.54033, "F_ID": 2 }, "geometry": { "type": "Point", "coordinates": [ 29.28667, -20.54033 ] } },
{ "type": "Feature", "properties": { "ZIMHEALTH": "_982", "DISTRICT": "Insiza", "NAME": "Avoca", "FACILITY": "Rural_Hospital", "LONGTUDE": 29.50556, "LATITUDE": -20.83492, "F_ID": 4 }, "geometry": { "type": "Point", "coordinates": [ 29.50556, -20.83492 ] } },
{ "type": "Feature", "properties": { "ZIMHEALTH": "_983", "DISTRICT": "Insiza", "NAME": "Sanale", "FACILITY": "Rural_Health_Centre", "LONGTUDE": 29.55517, "LATITUDE": -20.68947, "F_ID": 6 }, "geometry": { "type": "Point", "coordinates": [ 29.55517, -20.68947 ] } },
{ "type": "Feature", "properties": { "ZIMHEALTH": "_984", "DISTRICT": "Insiza", "NAME": "Mabuze", "FACILITY": "Rural_Health_Centre", "LONGTUDE": 29.45292, "LATITUDE": -20.93906, "F_ID": 6 }, "geometry": { "type": "Point", "coordinates": [ 29.45292, -20.93906 ] } },
{ "type": "Feature", "properties": { "ZIMHEALTH": "_985", "DISTRICT": "Insiza", "NAME": "Singwango", "FACILITY": "Clinic", "LONGTUDE": 29.31761, "LATITUDE": -20.78678, "F_ID": 5 }, "geometry": { "type": "Point", "coordinates": [ 29.31761, -20.78678 ] } },
{ "type": "Feature", "properties": { "ZIMHEALTH": "_986", "DISTRICT": "Insiza", "NAME": "Nyamime", "FACILITY": "Rural_Health_Centre", "LONGTUDE": 29.30439, "LATITUDE": -20.90644, "F_ID": 6 }, "geometry": { "type": "Point", "coordinates": [ 29.30439, -20.90644 ] } },
{ "type": "Feature", "properties": { "ZIMHEALTH": "_987", "DISTRICT": "Insiza", "NAME": "Zhulube", "FACILITY": "Clinic", "LONGTUDE": 29.29006, "LATITUDE": -20.64019, "F_ID": 5 }, "geometry": { "type": "Point", "coordinates": [ 29.29006, -20.64019 ] } },
{ "type": "Feature", "properties": { "ZIMHEALTH": "_988", "DISTRICT": "Insiza", "NAME": "Epoch", "FACILITY": "Mine_Clinic", "LONGTUDE": 29.27047, "LATITUDE": -20.43822, "F_ID": 7 }, "geometry": { "type": "Point", "coordinates": [ 29.27047, -20.43822 ] } },
{ "type": "Feature", "properties": { "ZIMHEALTH": "_989", "DISTRICT": "Insiza", "NAME": "Nkankezi", "FACILITY": "Rural_Health_Centre", "LONGTUDE": 29.42378, "LATITUDE": -20.48781, "F_ID": 6 }, "geometry": { "type": "Point", "coordinates": [ 29.42378, -20.48781 ] } },
{ "type": "Feature", "properties": { "ZIMHEALTH": "_990", "DISTRICT": "Insiza", "NAME": "Wanezi", "FACILITY": "Rural_Hospital", "LONGTUDE": 29.58553, "LATITUDE": -20.57447, "F_ID": 4 }, "geometry": { "type": "Point", "coordinates": [ 29.58553, -20.57447 ] } },
{ "type": "Feature", "properties": { "ZIMHEALTH": "_991", "DISTRICT": "Insiza", "NAME": "Gwatemba", "FACILITY": "Rural_Health_Centre", "LONGTUDE": 29.6905, "LATITUDE": -20.40542, "F_ID": 6 }, "geometry": { "type": "Point", "coordinates": [ 29.6905, -20.40542 ] } },
{ "type": "Feature", "properties": { "ZIMHEALTH": "_992", "DISTRICT": "Insiza", "NAME": "PBS", "FACILITY": "Clinic", "LONGTUDE": 29.18581, "LATITUDE": -20.13897, "F_ID": 5 }, "geometry": { "type": "Point", "coordinates": [ 29.18581, -20.13897 ] } },
{ "type": "Feature", "properties": { "ZIMHEALTH": "_993", "DISTRICT": "Insiza", "NAME": "Shangani", "FACILITY": "Mine_Clinic", "LONGTUDE": 29.22489, "LATITUDE": -19.68997, "F_ID": 7 }, "geometry": { "type": "Point", "coordinates": [ 29.22489, -19.68997 ] } },
{ "type": "Feature", "properties": { "ZIMHEALTH": "_994", "DISTRICT": "Insiza", "NAME": "Shangani", "FACILITY": "Rural_Hospital", "LONGTUDE": 29.37375, "LATITUDE": -19.78414, "F_ID": 4 }, "geometry": { "type": "Point", "coordinates": [ 29.37375, -19.78414 ] } },
{ "type": "Feature", "properties": { "ZIMHEALTH": "_995", "DISTRICT": "Maphisa", "NAME": "Bazha", "FACILITY": "Clinic", "LONGTUDE": 28.33506, "LATITUDE": -20.60611, "F_ID": 5 }, "geometry": { "type": "Point", "coordinates": [ 28.33506, -20.60611 ] } },
{ "type": "Feature", "properties": { "ZIMHEALTH": "_996", "DISTRICT": "Maphisa", "NAME": "Natisa", "FACILITY": "Rural_Health_Centre", "LONGTUDE": 28.50528, "LATITUDE": -20.69019, "F_ID": 6 }, "geometry": { "type": "Point", "coordinates": [ 28.50528, -20.69019 ] } },
{ "type": "Feature", "properties": { "ZIMHEALTH": "_997", "DISTRICT": "Maphisa", "NAME": "Kezi", "FACILITY": "Rural_Hospital", "LONGTUDE": 28.45803, "LATITUDE": -20.91947, "F_ID": 4 }, "geometry": { "type": "Point", "coordinates": [ 28.45803, -20.91947 ] } },
{ "type": "Feature", "properties": { "ZIMHEALTH": "_998", "DISTRICT": "Maphisa", "NAME": "Maphisa", "FACILITY": "District_Hospital", "LONGTUDE": 28.47436, "LATITUDE": -21.07378, "F_ID": 2 }, "geometry": { "type": "Point", "coordinates": [ 28.47436, -21.07378 ] } },
{ "type": "Feature", "properties": { "ZIMHEALTH": "_999", "DISTRICT": "Maphisa", "NAME": "Homestead", "FACILITY": "Rural_Health_Centre", "LONGTUDE": 28.55386, "LATITUDE": -21.25589, "F_ID": 6 }, "geometry": { "type": "Point", "coordinates": [ 28.55386, -21.25589 ] } },
{ "type": "Feature", "properties": { "ZIMHEALTH": "_1000", "DISTRICT": "Maphisa", "NAME": "Sankonjana", "FACILITY": "Rural_Health_Centre", "LONGTUDE": 28.70028, "LATITUDE": -21.40547, "F_ID": 6 }, "geometry": { "type": "Point", "coordinates": [ 28.70028, -21.40547 ] } },
{ "type": "Feature", "properties": { "ZIMHEALTH": "_1001", "DISTRICT": "Maphisa", "NAME": "Tshelanyemba", "FACILITY": "Mission_Hospital", "LONGTUDE": 28.48803, "LATITUDE": -21.35383, "F_ID": 3 }, "geometry": { "type": "Point", "coordinates": [ 28.48803, -21.35383 ] } },
{ "type": "Feature", "properties": { "ZIMHEALTH": "_1002", "DISTRICT": "Maphisa", "NAME": "Beula", "FACILITY": "Rural_Health_Centre", "LONGTUDE": 28.40614, "LATITUDE": -21.48506, "F_ID": 6 }, "geometry": { "type": "Point", "coordinates": [ 28.40614, -21.48506 ] } },
{ "type": "Feature", "properties": { "ZIMHEALTH": "_1003", "DISTRICT": "Maphisa", "NAME": "St._Joseph's", "FACILITY": "Rural_Hospital", "LONGTUDE": 28.27392, "LATITUDE": -21.25297, "F_ID": 4 }, "geometry": { "type": "Point", "coordinates": [ 28.27392, -21.25297 ] } },
{ "type": "Feature", "properties": { "ZIMHEALTH": "_1004", "DISTRICT": "Maphisa", "NAME": "Mbembeswana", "FACILITY": "Rural_Health_Centre", "LONGTUDE": 28.25314, "LATITUDE": -21.03622, "F_ID": 6 }, "geometry": { "type": "Point", "coordinates": [ 28.25314, -21.03622 ] } },
{ "type": "Feature", "properties": { "ZIMHEALTH": "_1005", "DISTRICT": "Maphisa", "NAME": "Matobo", "FACILITY": "Mission_Clinic", "LONGTUDE": 28.72025, "LATITUDE": -20.46828, "F_ID": 5 }, "geometry": { "type": "Point", "coordinates": [ 28.72025, -20.46828 ] } },
{ "type": "Feature", "properties": { "ZIMHEALTH": "_1006", "DISTRICT": "Maphisa", "NAME": "Gulati", "FACILITY": "Rural_Health_Centre", "LONGTUDE": 28.59022, "LATITUDE": -20.45719, "F_ID": 6 }, "geometry": { "type": "Point", "coordinates": [ 28.59022, -20.45719 ] } },
{ "type": "Feature", "properties": { "ZIMHEALTH": "_1007", "DISTRICT": "Maphisa", "NAME": "Matopo_Rural", "FACILITY": "Rural_Hospital", "LONGTUDE": 28.48786, "LATITUDE": -20.41767, "F_ID": 4 }, "geometry": { "type": "Point", "coordinates": [ 28.48786, -20.41767 ] } },
{ "type": "Feature", "properties": { "ZIMHEALTH": "_1008", "DISTRICT": "Maphisa", "NAME": "Minda_Sec", "FACILITY": "Clinic", "LONGTUDE": 28.45797, "LATITUDE": -21.06789, "F_ID": 5 }, "geometry": { "type": "Point", "coordinates": [ 28.45797, -21.06789 ] } },
{ "type": "Feature", "properties": { "ZIMHEALTH": "_1009", "DISTRICT": "Bulilimamangwe", "NAME": "Plumtree", "FACILITY": "District_Hospital", "LONGTUDE": 27.80889, "LATITUDE": -20.49667, "F_ID": 2 }, "geometry": { "type": "Point", "coordinates": [ 27.80889, -20.49667 ] } },
{ "type": "Feature", "properties": { "ZIMHEALTH": "_1010", "DISTRICT": "Bulilimamangwe", "NAME": "Enpandeni", "FACILITY": "Clinic", "LONGTUDE": 27.90278, "LATITUDE": -20.70778, "F_ID": 5 }, "geometry": { "type": "Point", "coordinates": [ 27.90278, -20.70778 ] } },
{ "type": "Feature", "properties": { "ZIMHEALTH": "_1011", "DISTRICT": "Bulilimamangwe", "NAME": "Embakwe", "FACILITY": "Clinic", "LONGTUDE": 27.82111, "LATITUDE": -20.77917, "F_ID": 5 }, "geometry": { "type": "Point", "coordinates": [ 27.82111, -20.77917 ] } },
{ "type": "Feature", "properties": { "ZIMHEALTH": "_1012", "DISTRICT": "Bulilimamangwe", "NAME": "Madabe", "FACILITY": "Clinic", "LONGTUDE": 27.75333, "LATITUDE": -20.81444, "F_ID": 5 }, "geometry": { "type": "Point", "coordinates": [ 27.75333, -20.81444 ] } },
{ "type": "Feature", "properties": { "ZIMHEALTH": "_1013", "DISTRICT": "Bulilimamangwe", "NAME": "TshiTshi", "FACILITY": "Clinic", "LONGTUDE": 27.74806, "LATITUDE": -21.00333, "F_ID": 5 }, "geometry": { "type": "Point", "coordinates": [ 27.74806, -21.00333 ] } },
{ "type": "Feature", "properties": { "ZIMHEALTH": "_1014", "DISTRICT": "Bulilimamangwe", "NAME": "Ingwizi", "FACILITY": "Clinic", "LONGTUDE": 27.87083, "LATITUDE": -21.11917, "F_ID": 5 }, "geometry": { "type": "Point", "coordinates": [ 27.87083, -21.11917 ] } },
{ "type": "Feature", "properties": { "ZIMHEALTH": "_1015", "DISTRICT": "Bulilimamangwe", "NAME": "Brunapeg", "FACILITY": "Mission_Hospital", "LONGTUDE": 28.03306, "LATITUDE": -21.16944, "F_ID": 3 }, "geometry": { "type": "Point", "coordinates": [ 28.03306, -21.16944 ] } },
{ "type": "Feature", "properties": { "ZIMHEALTH": "_1016", "DISTRICT": "Bulilimamangwe", "NAME": "Mayobodo", "FACILITY": "Rural_Health_Centre", "LONGTUDE": 28.15111, "LATITUDE": -21.16333, "F_ID": 6 }, "geometry": { "type": "Point", "coordinates": [ 28.15111, -21.16333 ] } },
{ "type": "Feature", "properties": { "ZIMHEALTH": "_1017", "DISTRICT": "Bulilimamangwe", "NAME": "Mambale", "FACILITY": "Clinic", "LONGTUDE": 28.28472, "LATITUDE": -21.47833, "F_ID": 5 }, "geometry": { "type": "Point", "coordinates": [ 28.28472, -21.47833 ] } },
{ "type": "Feature", "properties": { "ZIMHEALTH": "_1018", "DISTRICT": "Bulilimamangwe", "NAME": "Dombodema", "FACILITY": "Clinic", "LONGTUDE": 27.62222, "LATITUDE": -20.40417, "F_ID": 5 }, "geometry": { "type": "Point", "coordinates": [ 27.62222, -20.40417 ] } },
{ "type": "Feature", "properties": { "ZIMHEALTH": "_1019", "DISTRICT": "Bulilimamangwe", "NAME": "Village_13", "FACILITY": "Rural_Health_Centre", "LONGTUDE": 27.52389, "LATITUDE": -20.39056, "F_ID": 6 }, "geometry": { "type": "Point", "coordinates": [ 27.52389, -20.39056 ] } },
{ "type": "Feature", "properties": { "ZIMHEALTH": "_1020", "DISTRICT": "Bulilimamangwe", "NAME": "Nswazwi", "FACILITY": "Rural_Health_Centre", "LONGTUDE": 27.3525, "LATITUDE": -20.39194, "F_ID": 6 }, "geometry": { "type": "Point", "coordinates": [ 27.3525, -20.39194 ] } },
{ "type": "Feature", "properties": { "ZIMHEALTH": "_1021", "DISTRICT": "Bulilimamangwe", "NAME": "Madlambuzi", "FACILITY": "Clinic", "LONGTUDE": 27.44333, "LATITUDE": -20.15111, "F_ID": 5 }, "geometry": { "type": "Point", "coordinates": [ 27.44333, -20.15111 ] } },
{ "type": "Feature", "properties": { "ZIMHEALTH": "_1022", "DISTRICT": "Bulilimamangwe", "NAME": "Hingwe", "FACILITY": "Clinic", "LONGTUDE": 27.30167, "LATITUDE": -20.145, "F_ID": 5 }, "geometry": { "type": "Point", "coordinates": [ 27.30167, -20.145 ] } },
{ "type": "Feature", "properties": { "ZIMHEALTH": "_1023", "DISTRICT": "Bulilimamangwe", "NAME": "Dingumuzi", "FACILITY": "Clinic", "LONGTUDE": 27.80889, "LATITUDE": -20.5025, "F_ID": 5 }, "geometry": { "type": "Point", "coordinates": [ 27.80889, -20.5025 ] } },
{ "type": "Feature", "properties": { "ZIMHEALTH": "_1024", "DISTRICT": "Bulilimamangwe", "NAME": "Sikhatini", "FACILITY": "Clinic", "LONGTUDE": 27.89917, "LATITUDE": -20.35278, "F_ID": 5 }, "geometry": { "type": "Point", "coordinates": [ 27.89917, -20.35278 ] } },
{ "type": "Feature", "properties": { "ZIMHEALTH": "_1025", "DISTRICT": "Bulilimamangwe", "NAME": "Ndiweni", "FACILITY": "Clinic", "LONGTUDE": 27.75083, "LATITUDE": -20.36611, "F_ID": 5 }, "geometry": { "type": "Point", "coordinates": [ 27.75083, -20.36611 ] } },
{ "type": "Feature", "properties": { "ZIMHEALTH": "_1026", "DISTRICT": "Bulilimamangwe", "NAME": "Matjinge", "FACILITY": "Rural_Health_Centre", "LONGTUDE": 27.71917, "LATITUDE": -20.21028, "F_ID": 6 }, "geometry": { "type": "Point", "coordinates": [ 27.71917, -20.21028 ] } },
{ "type": "Feature", "properties": { "ZIMHEALTH": "_1027", "DISTRICT": "Bulilimamangwe", "NAME": "Ntoli", "FACILITY": "Rural_Health_Centre", "LONGTUDE": 27.5875, "LATITUDE": -20.0, "F_ID": 6 }, "geometry": { "type": "Point", "coordinates": [ 27.5875, -20.0 ] } },
{ "type": "Feature", "properties": { "ZIMHEALTH": "_1028", "DISTRICT": "Bulilimamangwe", "NAME": "Ndolwane", "FACILITY": "Rural_Health_Centre", "LONGTUDE": 27.32833, "LATITUDE": -19.94806, "F_ID": 6 }, "geometry": { "type": "Point", "coordinates": [ 27.32833, -19.94806 ] } },
{ "type": "Feature", "properties": { "ZIMHEALTH": "_1029", "DISTRICT": "Bulilimamangwe", "NAME": "Makhuleka", "FACILITY": "Clinic", "LONGTUDE": 27.26861, "LATITUDE": -19.90611, "F_ID": 5 }, "geometry": { "type": "Point", "coordinates": [ 27.26861, -19.90611 ] } },
{ "type": "Feature", "properties": { "ZIMHEALTH": "_1030", "DISTRICT": "Bulilimamangwe", "NAME": "Hwana", "FACILITY": "Clinic", "LONGTUDE": 27.46556, "LATITUDE": -19.89528, "F_ID": 5 }, "geometry": { "type": "Point", "coordinates": [ 27.46556, -19.89528 ] } },
{ "type": "Feature", "properties": { "ZIMHEALTH": "_1031", "DISTRICT": "Bulilimamangwe", "NAME": "Marula", "FACILITY": "Clinic", "LONGTUDE": 28.09361, "LATITUDE": -20.4725, "F_ID": 5 }, "geometry": { "type": "Point", "coordinates": [ 28.09361, -20.4725 ] } },
{ "type": "Feature", "properties": { "ZIMHEALTH": "_1032", "DISTRICT": "Bulilimamangwe", "NAME": "Solusi", "FACILITY": "Clinic", "LONGTUDE": 28.16028, "LATITUDE": -20.19278, "F_ID": 5 }, "geometry": { "type": "Point", "coordinates": [ 28.16028, -20.19278 ] } },
{ "type": "Feature", "properties": { "ZIMHEALTH": "_1033", "DISTRICT": "Esigodini", "NAME": "Esigodini", "FACILITY": "District_Hospital", "LONGTUDE": 28.93678, "LATITUDE": -20.28347, "F_ID": 2 }, "geometry": { "type": "Point", "coordinates": [ 28.93678, -20.28347 ] } },
{ "type": "Feature", "properties": { "ZIMHEALTH": "_1034", "DISTRICT": "Esigodini", "NAME": "Nhlangano", "FACILITY": "Clinic", "LONGTUDE": 28.77244, "LATITUDE": -20.20519, "F_ID": 5 }, "geometry": { "type": "Point", "coordinates": [ 28.77244, -20.20519 ] } },
{ "type": "Feature", "properties": { "ZIMHEALTH": "_1035", "DISTRICT": "Esigodini", "NAME": "Ntshamathe", "FACILITY": "Clinic", "LONGTUDE": 28.791, "LATITUDE": -20.15072, "F_ID": 5 }, "geometry": { "type": "Point", "coordinates": [ 28.791, -20.15072 ] } },
{ "type": "Feature", "properties": { "ZIMHEALTH": "_1036", "DISTRICT": "Esigodini", "NAME": "How_Mine", "FACILITY": "Mine_Clinic", "LONGTUDE": 28.78456, "LATITUDE": -20.30364, "F_ID": 7 }, "geometry": { "type": "Point", "coordinates": [ 28.78456, -20.30364 ] } },
{ "type": "Feature", "properties": { "ZIMHEALTH": "_1037", "DISTRICT": "Esigodini", "NAME": "Habani", "FACILITY": "Clinic", "LONGTUDE": 28.95606, "LATITUDE": -20.32064, "F_ID": 5 }, "geometry": { "type": "Point", "coordinates": [ 28.95606, -20.32064 ] } },
{ "type": "Feature", "properties": { "ZIMHEALTH": "_1038", "DISTRICT": "Esigodini", "NAME": "Mawabeni", "FACILITY": "Clinic", "LONGTUDE": 28.98514, "LATITUDE": -20.40653, "F_ID": 5 }, "geometry": { "type": "Point", "coordinates": [ 28.98514, -20.40653 ] } },
{ "type": "Feature", "properties": { "ZIMHEALTH": "_1039", "DISTRICT": "Esigodini", "NAME": "Esibobvu", "FACILITY": "Clinic", "LONGTUDE": 28.90358, "LATITUDE": -20.40247, "F_ID": 5 }, "geometry": { "type": "Point", "coordinates": [ 28.90358, -20.40247 ] } },
{ "type": "Feature", "properties": { "ZIMHEALTH": "_1040", "DISTRICT": "Esigodini", "NAME": "Mbizingwe", "FACILITY": "Rural_Health_Centre", "LONGTUDE": 28.81894, "LATITUDE": -20.40375, "F_ID": 6 }, "geometry": { "type": "Point", "coordinates": [ 28.81894, -20.40375 ] } },
{ "type": "Feature", "properties": { "ZIMHEALTH": "_1041", "DISTRICT": "Esigodini", "NAME": "Kumbuzi", "FACILITY": "Rural_Health_Centre", "LONGTUDE": 28.90706, "LATITUDE": -20.62233, "F_ID": 6 }, "geometry": { "type": "Point", "coordinates": [ 28.90706, -20.62233 ] } },
{ "type": "Feature", "properties": { "ZIMHEALTH": "_1042", "DISTRICT": "Esigodini", "NAME": "Mhlahlandlela", "FACILITY": "Clinic", "LONGTUDE": 28.78556, "LATITUDE": -20.52142, "F_ID": 5 }, "geometry": { "type": "Point", "coordinates": [ 28.78556, -20.52142 ] } },
{ "type": "Feature", "properties": { "ZIMHEALTH": "_1043", "DISTRICT": "Esigodini", "NAME": "Nswazi", "FACILITY": "Clinic", "LONGTUDE": 28.98478, "LATITUDE": -20.55722, "F_ID": 5 }, "geometry": { "type": "Point", "coordinates": [ 28.98478, -20.55722 ] } },
{ "type": "Feature", "properties": { "ZIMHEALTH": "_1044", "DISTRICT": "Esigodini", "NAME": "Irisvale", "FACILITY": "Rural_Health_Centre", "LONGTUDE": 29.08531, "LATITUDE": -20.52311, "F_ID": 5 }, "geometry": { "type": "Point", "coordinates": [ 29.08531, -20.52311 ] } },
{ "type": "Feature", "properties": { "ZIMHEALTH": "_1045", "DISTRICT": "Chirumanzu", "NAME": "Lalapanzi", "FACILITY": "Clinic", "LONGTUDE": 30.18531, "LATITUDE": -19.33514, "F_ID": 5 }, "geometry": { "type": "Point", "coordinates": [ 30.18531, -19.33514 ] } },
{ "type": "Feature", "properties": { "ZIMHEALTH": "_1046", "DISTRICT": "Chirumanzu", "NAME": "Mvuma", "FACILITY": "District_Hospital", "LONGTUDE": 30.52086, "LATITUDE": -19.29036, "F_ID": 2 }, "geometry": { "type": "Point", "coordinates": [ 30.52086, -19.29036 ] } },
{ "type": "Feature", "properties": { "ZIMHEALTH": "_1047", "DISTRICT": "Chirumanzu", "NAME": "Nyikavanhu", "FACILITY": "Rural_Health_Centre", "LONGTUDE": 30.65078, "LATITUDE": -18.97053, "F_ID": 6 }, "geometry": { "type": "Point", "coordinates": [ 30.65078, -18.97053 ] } },
{ "type": "Feature", "properties": { "ZIMHEALTH": "_1048", "DISTRICT": "Chirumanzu", "NAME": "Mtao", "FACILITY": "Clinic", "LONGTUDE": 30.62039, "LATITUDE": -19.3525, "F_ID": 5 }, "geometry": { "type": "Point", "coordinates": [ 30.62039, -19.3525 ] } },
{ "type": "Feature", "properties": { "ZIMHEALTH": "_1049", "DISTRICT": "Chirumanzu", "NAME": "Driefontein", "FACILITY": "T.B_Hospital", "LONGTUDE": 30.70711, "LATITUDE": -19.41889, "F_ID": 3 }, "geometry": { "type": "Point", "coordinates": [ 30.70711, -19.41889 ] } },
{ "type": "Feature", "properties": { "ZIMHEALTH": "_1050", "DISTRICT": "Chirumanzu", "NAME": "Muwonde", "FACILITY": "Mission_Hospital", "LONGTUDE": 30.70203, "LATITUDE": -19.42233, "F_ID": 3 }, "geometry": { "type": "Point", "coordinates": [ 30.70203, -19.42233 ] } },
{ "type": "Feature", "properties": { "ZIMHEALTH": "_1051", "DISTRICT": "Chirumanzu", "NAME": "Lynwood", "FACILITY": "Rural_Health_Centre", "LONGTUDE": 30.52422, "LATITUDE": -19.40619, "F_ID": 6 }, "geometry": { "type": "Point", "coordinates": [ 30.52422, -19.40619 ] } },
{ "type": "Feature", "properties": { "ZIMHEALTH": "_1052", "DISTRICT": "Chirumanzu", "NAME": "Chaka", "FACILITY": "Clinic", "LONGTUDE": 30.68914, "LATITUDE": -19.53636, "F_ID": 5 }, "geometry": { "type": "Point", "coordinates": [ 30.68914, -19.53636 ] } },
{ "type": "Feature", "properties": { "ZIMHEALTH": "_1053", "DISTRICT": "Chirumanzu", "NAME": "Nyautonga", "FACILITY": "Rural_Health_Centre", "LONGTUDE": 30.68372, "LATITUDE": -19.65475, "F_ID": 6 }, "geometry": { "type": "Point", "coordinates": [ 30.68372, -19.65475 ] } },
{ "type": "Feature", "properties": { "ZIMHEALTH": "_1054", "DISTRICT": "Chirumanzu", "NAME": "St._Theresa", "FACILITY": "Mission_Hospital", "LONGTUDE": 30.63486, "LATITUDE": -19.71856, "F_ID": 3 }, "geometry": { "type": "Point", "coordinates": [ 30.63486, -19.71856 ] } },
{ "type": "Feature", "properties": { "ZIMHEALTH": "_1055", "DISTRICT": "Chirumanzu", "NAME": "Hama", "FACILITY": "Clinic", "LONGTUDE": 30.6245, "LATITUDE": -19.85431, "F_ID": 5 }, "geometry": { "type": "Point", "coordinates": [ 30.6245, -19.85431 ] } },
{ "type": "Feature", "properties": { "ZIMHEALTH": "_1056", "DISTRICT": "Chirumanzu", "NAME": "Chengwena", "FACILITY": "Clinic", "LONGTUDE": 30.55322, "LATITUDE": -19.80483, "F_ID": 5 }, "geometry": { "type": "Point", "coordinates": [ 30.55322, -19.80483 ] } },
{ "type": "Feature", "properties": { "ZIMHEALTH": "_1057", "DISTRICT": "Chirumanzu", "NAME": "Denhere", "FACILITY": "Rural_Health_Centre", "LONGTUDE": 30.51683, "LATITUDE": -19.77036, "F_ID": 6 }, "geometry": { "type": "Point", "coordinates": [ 30.51683, -19.77036 ] } },
{ "type": "Feature", "properties": { "ZIMHEALTH": "_1058", "DISTRICT": "Chirumanzu", "NAME": "Siyahokwe", "FACILITY": "Rural_Health_Centre", "LONGTUDE": 30.50431, "LATITUDE": -19.68994, "F_ID": 6 }, "geometry": { "type": "Point", "coordinates": [ 30.50431, -19.68994 ] } },
{ "type": "Feature", "properties": { "ZIMHEALTH": "_1059", "DISTRICT": "Chirumanzu", "NAME": "Guramatunhu", "FACILITY": "Clinic", "LONGTUDE": 30.48756, "LATITUDE": -19.63519, "F_ID": 5 }, "geometry": { "type": "Point", "coordinates": [ 30.48756, -19.63519 ] } },
{ "type": "Feature", "properties": { "ZIMHEALTH": "_1060", "DISTRICT": "Chirumanzu", "NAME": "Holy_Cross", "FACILITY": "Rural_Health_Centre", "LONGTUDE": 30.59094, "LATITUDE": -19.56742, "F_ID": 6 }, "geometry": { "type": "Point", "coordinates": [ 30.59094, -19.56742 ] } },
{ "type": "Feature", "properties": { "ZIMHEALTH": "_1061", "DISTRICT": "Chirumanzu", "NAME": "Chizhou", "FACILITY": "Rural_Health_Centre", "LONGTUDE": 30.50447, "LATITUDE": -19.55183, "F_ID": 6 }, "geometry": { "type": "Point", "coordinates": [ 30.50447, -19.55183 ] } },
{ "type": "Feature", "properties": { "ZIMHEALTH": "_1062", "DISTRICT": "Chirumanzu", "NAME": "Tokwe_4", "FACILITY": "Clinic", "LONGTUDE": 30.25167, "LATITUDE": -19.47556, "F_ID": 5 }, "geometry": { "type": "Point", "coordinates": [ 30.25167, -19.47556 ] } },
{ "type": "Feature", "properties": { "ZIMHEALTH": "_1063", "DISTRICT": "Gweru", "NAME": "Whawha", "FACILITY": "Prison_Clinic", "LONGTUDE": 30.02072, "LATITUDE": -19.35661, "F_ID": 5 }, "geometry": { "type": "Point", "coordinates": [ 30.02072, -19.35661 ] } },
{ "type": "Feature", "properties": { "ZIMHEALTH": "_1064", "DISTRICT": "Gweru", "NAME": "Mlezu", "FACILITY": "Rural_Health_Centre", "LONGTUDE": 29.92036, "LATITUDE": -19.15614, "F_ID": 6 }, "geometry": { "type": "Point", "coordinates": [ 29.92036, -19.15614 ] } },
{ "type": "Feature", "properties": { "ZIMHEALTH": "_1065", "DISTRICT": "Gweru", "NAME": "Nkululeko", "FACILITY": "Rural_Health_Centre", "LONGTUDE": 29.65281, "LATITUDE": -19.20103, "F_ID": 6 }, "geometry": { "type": "Point", "coordinates": [ 29.65281, -19.20103 ] } },
{ "type": "Feature", "properties": { "ZIMHEALTH": "_1066", "DISTRICT": "Gweru", "NAME": "Ntabamhlope", "FACILITY": "Rural_Health_Centre", "LONGTUDE": 29.40489, "LATITUDE": -19.17239, "F_ID": 6 }, "geometry": { "type": "Point", "coordinates": [ 29.40489, -19.17239 ] } },
{ "type": "Feature", "properties": { "ZIMHEALTH": "_1067", "DISTRICT": "Gweru", "NAME": "Madhikani", "FACILITY": "Clinic", "LONGTUDE": 29.30514, "LATITUDE": -19.27042, "F_ID": 5 }, "geometry": { "type": "Point", "coordinates": [ 29.30514, -19.27042 ] } },
{ "type": "Feature", "properties": { "ZIMHEALTH": "_1068", "DISTRICT": "Gweru", "NAME": "Maboleni", "FACILITY": "Clinic", "LONGTUDE": 29.43983, "LATITUDE": -19.29136, "F_ID": 5 }, "geometry": { "type": "Point", "coordinates": [ 29.43983, -19.29136 ] } },
{ "type": "Feature", "properties": { "ZIMHEALTH": "_1069", "DISTRICT": "Gweru", "NAME": "Mangwande", "FACILITY": "Clinic", "LONGTUDE": 29.42281, "LATITUDE": -19.37181, "F_ID": 5 }, "geometry": { "type": "Point", "coordinates": [ 29.42281, -19.37181 ] } },
{ "type": "Feature", "properties": { "ZIMHEALTH": "_1070", "DISTRICT": "Gweru", "NAME": "Vungu", "FACILITY": "Clinic", "LONGTUDE": 29.47228, "LATITUDE": -19.40322, "F_ID": 5 }, "geometry": { "type": "Point", "coordinates": [ 29.47228, -19.40322 ] } },
{ "type": "Feature", "properties": { "ZIMHEALTH": "_1071", "DISTRICT": "Gweru", "NAME": "Lower_Gweru", "FACILITY": "Mission_Clinic", "LONGTUDE": 29.54042, "LATITUDE": -19.38747, "F_ID": 5 }, "geometry": { "type": "Point", "coordinates": [ 29.54042, -19.38747 ] } },
{ "type": "Feature", "properties": { "ZIMHEALTH": "_1072", "DISTRICT": "Gweru", "NAME": "Makepesi", "FACILITY": "Clinic", "LONGTUDE": 29.56883, "LATITUDE": -19.38919, "F_ID": 5 }, "geometry": { "type": "Point", "coordinates": [ 29.56883, -19.38919 ] } },
{ "type": "Feature", "properties": { "ZIMHEALTH": "_1073", "DISTRICT": "Gweru", "NAME": "Kabanga", "FACILITY": "Clinic", "LONGTUDE": 30.07344, "LATITUDE": -19.1395, "F_ID": 5 }, "geometry": { "type": "Point", "coordinates": [ 30.07344, -19.1395 ] } },
{ "type": "Feature", "properties": { "ZIMHEALTH": "_1074", "DISTRICT": "Gweru", "NAME": "St_Patricks", "FACILITY": "Mission_Clinic", "LONGTUDE": 29.90281, "LATITUDE": -19.22369, "F_ID": 5 }, "geometry": { "type": "Point", "coordinates": [ 29.90281, -19.22369 ] } },
{ "type": "Feature", "properties": { "ZIMHEALTH": "_1075", "DISTRICT": "Gweru", "NAME": "Connemara", "FACILITY": "Clinic", "LONGTUDE": 29.81997, "LATITUDE": -19.20722, "F_ID": 5 }, "geometry": { "type": "Point", "coordinates": [ 29.81997, -19.20722 ] } },
{ "type": "Feature", "properties": { "ZIMHEALTH": "_1076", "DISTRICT": "Gweru", "NAME": "Gweru_P.H", "FACILITY": "Provincial_Hospital", "LONGTUDE": 29.83908, "LATITUDE": -19.47222, "F_ID": 1 }, "geometry": { "type": "Point", "coordinates": [ 29.83908, -19.47222 ] } },
{ "type": "Feature", "properties": { "ZIMHEALTH": "_1077", "DISTRICT": "Gweru", "NAME": "Somabula", "FACILITY": "Clinic", "LONGTUDE": 29.66994, "LATITUDE": -19.70069, "F_ID": 5 }, "geometry": { "type": "Point", "coordinates": [ 29.66994, -19.70069 ] } },
{ "type": "Feature", "properties": { "ZIMHEALTH": "_1078", "DISTRICT": "Gweru", "NAME": "Gunde", "FACILITY": "Clinic", "LONGTUDE": 30.00278, "LATITUDE": -19.18781, "F_ID": 5 }, "geometry": { "type": "Point", "coordinates": [ 30.00278, -19.18781 ] } },
{ "type": "Feature", "properties": { "ZIMHEALTH": "_1079", "DISTRICT": "Gweru", "NAME": "Chiundura", "FACILITY": "Clinic", "LONGTUDE": 29.95261, "LATITUDE": -19.23689, "F_ID": 5 }, "geometry": { "type": "Point", "coordinates": [ 29.95261, -19.23689 ] } },
{ "type": "Feature", "properties": { "ZIMHEALTH": "_1080", "DISTRICT": "Gweru", "NAME": "Chikwingwizha", "FACILITY": "Clinic", "LONGTUDE": 29.95642, "LATITUDE": -19.5555, "F_ID": 5 }, "geometry": { "type": "Point", "coordinates": [ 29.95642, -19.5555 ] } },
{ "type": "Feature", "properties": { "ZIMHEALTH": "_1081", "DISTRICT": "Gweru", "NAME": "Masvori", "FACILITY": "Clinic", "LONGTUDE": 30.06, "LATITUDE": -19.21278, "F_ID": 5 }, "geometry": { "type": "Point", "coordinates": [ 30.06, -19.21278 ] } },
{ "type": "Feature", "properties": { "ZIMHEALTH": "_1082", "DISTRICT": "Kwekwe", "NAME": "Kwekwe", "FACILITY": "District_Hospital", "LONGTUDE": 29.82375, "LATITUDE": -18.93572, "F_ID": 2 }, "geometry": { "type": "Point", "coordinates": [ 29.82375, -18.93572 ] } },
{ "type": "Feature", "properties": { "ZIMHEALTH": "_1083", "DISTRICT": "Kwekwe", "NAME": "Sherwood", "FACILITY": "Clinic", "LONGTUDE": 29.80622, "LATITUDE": -18.82453, "F_ID": 5 }, "geometry": { "type": "Point", "coordinates": [ 29.80622, -18.82453 ] } },
{ "type": "Feature", "properties": { "ZIMHEALTH": "_1084", "DISTRICT": "Kwekwe", "NAME": "Munyati", "FACILITY": "Clinic", "LONGTUDE": 29.78697, "LATITUDE": -18.67142, "F_ID": 5 }, "geometry": { "type": "Point", "coordinates": [ 29.78697, -18.67142 ] } },
{ "type": "Feature", "properties": { "ZIMHEALTH": "_1085", "DISTRICT": "Kwekwe", "NAME": "Sidakeni", "FACILITY": "Clinic", "LONGTUDE": 29.46839, "LATITUDE": -18.43989, "F_ID": 5 }, "geometry": { "type": "Point", "coordinates": [ 29.46839, -18.43989 ] } },
{ "type": "Feature", "properties": { "ZIMHEALTH": "_1086", "DISTRICT": "Kwekwe", "NAME": "Samambwa", "FACILITY": "Clinic", "LONGTUDE": 29.45247, "LATITUDE": -18.33406, "F_ID": 5 }, "geometry": { "type": "Point", "coordinates": [ 29.45247, -18.33406 ] } },
{ "type": "Feature", "properties": { "ZIMHEALTH": "_1087", "DISTRICT": "Kwekwe", "NAME": "Rio_Tinto", "FACILITY": "Mine_Clinic", "LONGTUDE": 29.43556, "LATITUDE": -18.46828, "F_ID": 7 }, "geometry": { "type": "Point", "coordinates": [ 29.43556, -18.46828 ] } },
{ "type": "Feature", "properties": { "ZIMHEALTH": "_1088", "DISTRICT": "Kwekwe", "NAME": "Don_Juan", "FACILITY": "Clinic", "LONGTUDE": 29.50744, "LATITUDE": -18.607, "F_ID": 5 }, "geometry": { "type": "Point", "coordinates": [ 29.50744, -18.607 ] } },
{ "type": "Feature", "properties": { "ZIMHEALTH": "_1089", "DISTRICT": "Kwekwe", "NAME": "Senkwasi", "FACILITY": "Clinic", "LONGTUDE": 29.43572, "LATITUDE": -18.58403, "F_ID": 5 }, "geometry": { "type": "Point", "coordinates": [ 29.43572, -18.58403 ] } },
{ "type": "Feature", "properties": { "ZIMHEALTH": "_1090", "DISTRICT": "Kwekwe", "NAME": "Zhombe", "FACILITY": "Mission_clinic", "LONGTUDE": 29.38494, "LATITUDE": -18.70336, "F_ID": 5 }, "geometry": { "type": "Point", "coordinates": [ 29.38494, -18.70336 ] } },
{ "type": "Feature", "properties": { "ZIMHEALTH": "_1091", "DISTRICT": "Kwekwe", "NAME": "Gomola", "FACILITY": "Clinic", "LONGTUDE": 29.45247, "LATITUDE": -18.76839, "F_ID": 5 }, "geometry": { "type": "Point", "coordinates": [ 29.45247, -18.76839 ] } },
{ "type": "Feature", "properties": { "ZIMHEALTH": "_1092", "DISTRICT": "Kwekwe", "NAME": "Nyoni", "FACILITY": "Rural_Health_Centre", "LONGTUDE": 29.33756, "LATITUDE": -18.96747, "F_ID": 6 }, "geometry": { "type": "Point", "coordinates": [ 29.33756, -18.96747 ] } },
{ "type": "Feature", "properties": { "ZIMHEALTH": "_1093", "DISTRICT": "Kwekwe", "NAME": "Silobela", "FACILITY": "Rural_Hospital", "LONGTUDE": 29.30458, "LATITUDE": -19.00511, "F_ID": 4 }, "geometry": { "type": "Point", "coordinates": [ 29.30458, -19.00511 ] } },
{ "type": "Feature", "properties": { "ZIMHEALTH": "_1094", "DISTRICT": "Kwekwe", "NAME": "Jackson", "FACILITY": "Clinic", "LONGTUDE": 29.25006, "LATITUDE": -19.10408, "F_ID": 5 }, "geometry": { "type": "Point", "coordinates": [ 29.25006, -19.10408 ] } },
{ "type": "Feature", "properties": { "ZIMHEALTH": "_1095", "DISTRICT": "Kwekwe", "NAME": "Mpinda", "FACILITY": "Clinic", "LONGTUDE": 29.25161, "LATITUDE": -19.15281, "F_ID": 5 }, "geometry": { "type": "Point", "coordinates": [ 29.25161, -19.15281 ] } },
{ "type": "Feature", "properties": { "ZIMHEALTH": "_1096", "DISTRICT": "Kwekwe", "NAME": "Msilahove", "FACILITY": "Rural_Hospital", "LONGTUDE": 29.15614, "LATITUDE": -19.17339, "F_ID": 4 }, "geometry": { "type": "Point", "coordinates": [ 29.15614, -19.17339 ] } },
{ "type": "Feature", "properties": { "ZIMHEALTH": "_1097", "DISTRICT": "Kwekwe", "NAME": "Dambridge", "FACILITY": "Clinic", "LONGTUDE": 29.1225, "LATITUDE": -19.10328, "F_ID": 5 }, "geometry": { "type": "Point", "coordinates": [ 29.1225, -19.10328 ] } },
{ "type": "Feature", "properties": { "ZIMHEALTH": "_1098", "DISTRICT": "Kwekwe", "NAME": "Malisa_Josefa", "FACILITY": "Clinic", "LONGTUDE": 29.12325, "LATITUDE": -19.00353, "F_ID": 5 }, "geometry": { "type": "Point", "coordinates": [ 29.12325, -19.00353 ] } },
{ "type": "Feature", "properties": { "ZIMHEALTH": "_1099", "DISTRICT": "Kwekwe", "NAME": "Mazebe", "FACILITY": "Rural_Health_Centre", "LONGTUDE": 29.00631, "LATITUDE": -18.93542, "F_ID": 6 }, "geometry": { "type": "Point", "coordinates": [ 29.00631, -18.93542 ] } },
{ "type": "Feature", "properties": { "ZIMHEALTH": "_1100", "DISTRICT": "Kwekwe", "NAME": "Simana", "FACILITY": "Clinic", "LONGTUDE": 29.11928, "LATITUDE": -18.92169, "F_ID": 5 }, "geometry": { "type": "Point", "coordinates": [ 29.11928, -18.92169 ] } },
{ "type": "Feature", "properties": { "ZIMHEALTH": "_1101", "DISTRICT": "Kwekwe", "NAME": "Dendera", "FACILITY": "Rural_Hospital", "LONGTUDE": 29.10292, "LATITUDE": -18.70764, "F_ID": 4 }, "geometry": { "type": "Point", "coordinates": [ 29.10292, -18.70764 ] } },
{ "type": "Feature", "properties": { "ZIMHEALTH": "_1102", "DISTRICT": "Kwekwe", "NAME": "Donsa", "FACILITY": "Clinic", "LONGTUDE": 28.90631, "LATITUDE": -18.76897, "F_ID": 5 }, "geometry": { "type": "Point", "coordinates": [ 28.90631, -18.76897 ] } },
{ "type": "Feature", "properties": { "ZIMHEALTH": "_1103", "DISTRICT": "Kwekwe", "NAME": "Mayorca", "FACILITY": "Clinic", "LONGTUDE": 29.60128, "LATITUDE": -18.77267, "F_ID": 5 }, "geometry": { "type": "Point", "coordinates": [ 29.60128, -18.77267 ] } },
{ "type": "Feature", "properties": { "ZIMHEALTH": "_1104", "DISTRICT": "Kwekwe", "NAME": "Medical_Centre", "FACILITY": "Clinic", "LONGTUDE": 29.78669, "LATITUDE": -19.04047, "F_ID": 5 }, "geometry": { "type": "Point", "coordinates": [ 29.78669, -19.04047 ] } },
{ "type": "Feature", "properties": { "ZIMHEALTH": "_1105", "DISTRICT": "Kwekwe", "NAME": "Torwood", "FACILITY": "Hospital", "LONGTUDE": 29.73644, "LATITUDE": -19.02261, "F_ID": 4 }, "geometry": { "type": "Point", "coordinates": [ 29.73644, -19.02261 ] } },
{ "type": "Feature", "properties": { "ZIMHEALTH": "_1106", "DISTRICT": "Kwekwe", "NAME": "Ntabeni", "FACILITY": "Clinic", "LONGTUDE": 29.33472, "LATITUDE": -18.80214, "F_ID": 5 }, "geometry": { "type": "Point", "coordinates": [ 29.33472, -18.80214 ] } },
{ "type": "Feature", "properties": { "ZIMHEALTH": "_1107", "DISTRICT": "Kwekwe", "NAME": "Sebakwe", "FACILITY": "Clinic", "LONGTUDE": 30.12256, "LATITUDE": -18.98881, "F_ID": 5 }, "geometry": { "type": "Point", "coordinates": [ 30.12256, -18.98881 ] } },
{ "type": "Feature", "properties": { "ZIMHEALTH": "_1108", "DISTRICT": "Kwekwe", "NAME": "Melisa_Zhombe", "FACILITY": "Clinic", "LONGTUDE": 30.24222, "LATITUDE": -18.72167, "F_ID": 5 }, "geometry": { "type": "Point", "coordinates": [ 30.24222, -18.72167 ] } },
{ "type": "Feature", "properties": { "ZIMHEALTH": "_1109", "DISTRICT": "Shurugwi", "NAME": "Tongogara", "FACILITY": "Clinic", "LONGTUDE": 30.20761, "LATITUDE": -19.72044, "F_ID": 5 }, "geometry": { "type": "Point", "coordinates": [ 30.20761, -19.72044 ] } },
{ "type": "Feature", "properties": { "ZIMHEALTH": "_1110", "DISTRICT": "Shurugwi", "NAME": "Rockford", "FACILITY": "Clinic", "LONGTUDE": 30.30811, "LATITUDE": -19.75194, "F_ID": 5 }, "geometry": { "type": "Point", "coordinates": [ 30.30811, -19.75194 ] } },
{ "type": "Feature", "properties": { "ZIMHEALTH": "_1111", "DISTRICT": "Shurugwi", "NAME": "Jobolinko", "FACILITY": "Clinic", "LONGTUDE": 30.28711, "LATITUDE": -19.68503, "F_ID": 5 }, "geometry": { "type": "Point", "coordinates": [ 30.28711, -19.68503 ] } },
{ "type": "Feature", "properties": { "ZIMHEALTH": "_1112", "DISTRICT": "Shurugwi", "NAME": "Nhema", "FACILITY": "Clinic", "LONGTUDE": 30.22019, "LATITUDE": -19.61906, "F_ID": 5 }, "geometry": { "type": "Point", "coordinates": [ 30.22019, -19.61906 ] } },
{ "type": "Feature", "properties": { "ZIMHEALTH": "_1113", "DISTRICT": "Shurugwi", "NAME": "Zvarota", "FACILITY": "Rural_Health_Centre", "LONGTUDE": 30.22117, "LATITUDE": -19.5565, "F_ID": 6 }, "geometry": { "type": "Point", "coordinates": [ 30.22117, -19.5565 ] } },
{ "type": "Feature", "properties": { "ZIMHEALTH": "_1114", "DISTRICT": "Shurugwi", "NAME": "Svika", "FACILITY": "Clinic", "LONGTUDE": 30.25433, "LATITUDE": -19.57464, "F_ID": 5 }, "geometry": { "type": "Point", "coordinates": [ 30.25433, -19.57464 ] } },
{ "type": "Feature", "properties": { "ZIMHEALTH": "_1115", "DISTRICT": "Shurugwi", "NAME": "Chitora", "FACILITY": "Rural_Health_Centre", "LONGTUDE": 30.33897, "LATITUDE": -19.57206, "F_ID": 6 }, "geometry": { "type": "Point", "coordinates": [ 30.33897, -19.57206 ] } },
{ "type": "Feature", "properties": { "ZIMHEALTH": "_1116", "DISTRICT": "Shurugwi", "NAME": "Gwanza", "FACILITY": "Rural_Health_Centre", "LONGTUDE": 30.38903, "LATITUDE": -19.78753, "F_ID": 6 }, "geometry": { "type": "Point", "coordinates": [ 30.38903, -19.78753 ] } },
{ "type": "Feature", "properties": { "ZIMHEALTH": "_1117", "DISTRICT": "Shurugwi", "NAME": "Chikato", "FACILITY": "Rural_Health_Centre", "LONGTUDE": 30.30253, "LATITUDE": -19.81733, "F_ID": 6 }, "geometry": { "type": "Point", "coordinates": [ 30.30253, -19.81733 ] } },
{ "type": "Feature", "properties": { "ZIMHEALTH": "_1118", "DISTRICT": "Shurugwi", "NAME": "Mazibisa", "FACILITY": "Clinic", "LONGTUDE": 30.25642, "LATITUDE": -19.8555, "F_ID": 5 }, "geometry": { "type": "Point", "coordinates": [ 30.25642, -19.8555 ] } },
{ "type": "Feature", "properties": { "ZIMHEALTH": "_1119", "DISTRICT": "Shurugwi", "NAME": "Tana", "FACILITY": "Rural_Health_Centre", "LONGTUDE": 30.30575, "LATITUDE": -19.88975, "F_ID": 6 }, "geometry": { "type": "Point", "coordinates": [ 30.30575, -19.88975 ] } },
{ "type": "Feature", "properties": { "ZIMHEALTH": "_1120", "DISTRICT": "Shurugwi", "NAME": "Banga", "FACILITY": "Clinic", "LONGTUDE": 30.26969, "LATITUDE": -19.97475, "F_ID": 5 }, "geometry": { "type": "Point", "coordinates": [ 30.26969, -19.97475 ] } },
{ "type": "Feature", "properties": { "ZIMHEALTH": "_1121", "DISTRICT": "Shurugwi", "NAME": "Shurugwi", "FACILITY": "District_Hospital", "LONGTUDE": 30.00117, "LATITUDE": -19.67286, "F_ID": 2 }, "geometry": { "type": "Point", "coordinates": [ 30.00117, -19.67286 ] } },
{ "type": "Feature", "properties": { "ZIMHEALTH": "_1122", "DISTRICT": "Shurugwi", "NAME": "Rusike", "FACILITY": "Clinic", "LONGTUDE": 30.13622, "LATITUDE": -19.90139, "F_ID": 5 }, "geometry": { "type": "Point", "coordinates": [ 30.13622, -19.90139 ] } },
{ "type": "Feature", "properties": { "ZIMHEALTH": "_1123", "DISTRICT": "Shurugwi", "NAME": "Gundura", "FACILITY": "Clinic", "LONGTUDE": 30.08336, "LATITUDE": -19.88494, "F_ID": 5 }, "geometry": { "type": "Point", "coordinates": [ 30.08336, -19.88494 ] } },
{ "type": "Feature", "properties": { "ZIMHEALTH": "_1124", "DISTRICT": "Shurugwi", "NAME": "Marishongwe", "FACILITY": "Rural_Health_Centre", "LONGTUDE": 30.01933, "LATITUDE": -19.87072, "F_ID": 6 }, "geometry": { "type": "Point", "coordinates": [ 30.01933, -19.87072 ] } },
{ "type": "Feature", "properties": { "ZIMHEALTH": "_1125", "DISTRICT": "Shurugwi", "NAME": "Pakame", "FACILITY": "Clinic", "LONGTUDE": 30.04083, "LATITUDE": -19.93808, "F_ID": 5 }, "geometry": { "type": "Point", "coordinates": [ 30.04083, -19.93808 ] } },
{ "type": "Feature", "properties": { "ZIMHEALTH": "_1126", "DISTRICT": "Shurugwi", "NAME": "Chironde", "FACILITY": "Clinic", "LONGTUDE": 30.10331, "LATITUDE": -19.67347, "F_ID": 5 }, "geometry": { "type": "Point", "coordinates": [ 30.10331, -19.67347 ] } },
{ "type": "Feature", "properties": { "ZIMHEALTH": "_1127", "DISTRICT": "Shurugwi", "NAME": "Hanke", "FACILITY": "Clinic", "LONGTUDE": 30.16764, "LATITUDE": -19.65592, "F_ID": 5 }, "geometry": { "type": "Point", "coordinates": [ 30.16764, -19.65592 ] } },
{ "type": "Feature", "properties": { "ZIMHEALTH": "_1128", "DISTRICT": "Shurugwi", "NAME": "Zvamabande", "FACILITY": "Hospital", "LONGTUDE": 30.13594, "LATITUDE": -19.80181, "F_ID": 3 }, "geometry": { "type": "Point", "coordinates": [ 30.13594, -19.80181 ] } },
{ "type": "Feature", "properties": { "ZIMHEALTH": "_1129", "DISTRICT": "Zvishavane", "NAME": "Zvishavane", "FACILITY": "District_Hospital", "LONGTUDE": 30.05239, "LATITUDE": -20.30581, "F_ID": 2 }, "geometry": { "type": "Point", "coordinates": [ 30.05239, -20.30581 ] } },
{ "type": "Feature", "properties": { "ZIMHEALTH": "_1130", "DISTRICT": "Zvishavane", "NAME": "Murowa", "FACILITY": "Clinic", "LONGTUDE": 30.38694, "LATITUDE": -20.53392, "F_ID": 5 }, "geometry": { "type": "Point", "coordinates": [ 30.38694, -20.53392 ] } },
{ "type": "Feature", "properties": { "ZIMHEALTH": "_1131", "DISTRICT": "Zvishavane", "NAME": "Mtambi", "FACILITY": "Clinic", "LONGTUDE": 30.28419, "LATITUDE": -20.46786, "F_ID": 5 }, "geometry": { "type": "Point", "coordinates": [ 30.28419, -20.46786 ] } },
{ "type": "Feature", "properties": { "ZIMHEALTH": "_1132", "DISTRICT": "Zvishavane", "NAME": "Vugwi", "FACILITY": "Rural_Health_Centre", "LONGTUDE": 30.18969, "LATITUDE": -20.47197, "F_ID": 6 }, "geometry": { "type": "Point", "coordinates": [ 30.18969, -20.47197 ] } },
{ "type": "Feature", "properties": { "ZIMHEALTH": "_1133", "DISTRICT": "Zvishavane", "NAME": "Gudo", "FACILITY": "Clinic", "LONGTUDE": 30.21933, "LATITUDE": -20.39072, "F_ID": 5 }, "geometry": { "type": "Point", "coordinates": [ 30.21933, -20.39072 ] } },
{ "type": "Feature", "properties": { "ZIMHEALTH": "_1134", "DISTRICT": "Zvishavane", "NAME": "Lundi", "FACILITY": "Rural_Hospital", "LONGTUDE": 30.01794, "LATITUDE": -20.25819, "F_ID": 4 }, "geometry": { "type": "Point", "coordinates": [ 30.01794, -20.25819 ] } },
{ "type": "Feature", "properties": { "ZIMHEALTH": "_1135", "DISTRICT": "Zvishavane", "NAME": "Mabasa", "FACILITY": "Clinic", "LONGTUDE": 30.08669, "LATITUDE": -20.15469, "F_ID": 5 }, "geometry": { "type": "Point", "coordinates": [ 30.08669, -20.15469 ] } },
{ "type": "Feature", "properties": { "ZIMHEALTH": "_1136", "DISTRICT": "Zvishavane", "NAME": "Matenda", "FACILITY": "Rural_Health_Centre", "LONGTUDE": 30.05653, "LATITUDE": -20.00344, "F_ID": 6 }, "geometry": { "type": "Point", "coordinates": [ 30.05653, -20.00344 ] } },
{ "type": "Feature", "properties": { "ZIMHEALTH": "_1137", "DISTRICT": "Zvishavane", "NAME": "Mapanzure", "FACILITY": "Clinic", "LONGTUDE": 29.91964, "LATITUDE": -20.08956, "F_ID": 5 }, "geometry": { "type": "Point", "coordinates": [ 29.91964, -20.08956 ] } },
{ "type": "Feature", "properties": { "ZIMHEALTH": "_1138", "DISTRICT": "Zvishavane", "NAME": "Maketo", "FACILITY": "Rural_Health_Centre", "LONGTUDE": 29.93444, "LATITUDE": -20.20569, "F_ID": 6 }, "geometry": { "type": "Point", "coordinates": [ 29.93444, -20.20569 ] } },
{ "type": "Feature", "properties": { "ZIMHEALTH": "_1139", "DISTRICT": "Zvishavane", "NAME": "Vukuzenzele", "FACILITY": "Rural_Health_Centre", "LONGTUDE": 29.87214, "LATITUDE": -20.26669, "F_ID": 6 }, "geometry": { "type": "Point", "coordinates": [ 29.87214, -20.26669 ] } },
{ "type": "Feature", "properties": { "ZIMHEALTH": "_1140", "DISTRICT": "Zvishavane", "NAME": "Bannockburn", "FACILITY": "Clinic", "LONGTUDE": 29.87303, "LATITUDE": -20.29022, "F_ID": 5 }, "geometry": { "type": "Point", "coordinates": [ 29.87303, -20.29022 ] } },
{ "type": "Feature", "properties": { "ZIMHEALTH": "_1141", "DISTRICT": "Zvishavane", "NAME": "Dadaya", "FACILITY": "Mission_Hospital", "LONGTUDE": 29.90311, "LATITUDE": -20.33531, "F_ID": 3 }, "geometry": { "type": "Point", "coordinates": [ 29.90311, -20.33531 ] } },
{ "type": "Feature", "properties": { "ZIMHEALTH": "_1142", "DISTRICT": "Zvishavane", "NAME": "Mimosa", "FACILITY": "Clinic", "LONGTUDE": 29.83839, "LATITUDE": -20.33686, "F_ID": 5 }, "geometry": { "type": "Point", "coordinates": [ 29.83839, -20.33686 ] } },
{ "type": "Feature", "properties": { "ZIMHEALTH": "_1143", "DISTRICT": "Gokwe", "NAME": "Chemahuro", "FACILITY": "Clinic", "LONGTUDE": 29.11278, "LATITUDE": -18.21611, "F_ID": 5 }, "geometry": { "type": "Point", "coordinates": [ 29.11278, -18.21611 ] } },
{ "type": "Feature", "properties": { "ZIMHEALTH": "_1144", "DISTRICT": "Gokwe", "NAME": "Gokwe", "FACILITY": "District_Hospital", "LONGTUDE": 28.925, "LATITUDE": -18.21139, "F_ID": 2 }, "geometry": { "type": "Point", "coordinates": [ 28.925, -18.21139 ] } },
{ "type": "Feature", "properties": { "ZIMHEALTH": "_1145", "DISTRICT": "Gokwe", "NAME": "Svisvi", "FACILITY": "Rural_Health_Centre", "LONGTUDE": 28.7775, "LATITUDE": -18.06028, "F_ID": 6 }, "geometry": { "type": "Point", "coordinates": [ 28.7775, -18.06028 ] } },
{ "type": "Feature", "properties": { "ZIMHEALTH": "_1146", "DISTRICT": "Gokwe", "NAME": "Sesame", "FACILITY": "Clinic", "LONGTUDE": 28.735, "LATITUDE": -17.95472, "F_ID": 5 }, "geometry": { "type": "Point", "coordinates": [ 28.735, -17.95472 ] } },
{ "type": "Feature", "properties": { "ZIMHEALTH": "_1147", "DISTRICT": "Gokwe", "NAME": "Musita", "FACILITY": "Clinic", "LONGTUDE": 28.57861, "LATITUDE": -17.84361, "F_ID": 5 }, "geometry": { "type": "Point", "coordinates": [ 28.57861, -17.84361 ] } },
{ "type": "Feature", "properties": { "ZIMHEALTH": "_1148", "DISTRICT": "Gokwe", "NAME": "Huchu", "FACILITY": "Clinic", "LONGTUDE": 28.5325, "LATITUDE": -17.98611, "F_ID": 5 }, "geometry": { "type": "Point", "coordinates": [ 28.5325, -17.98611 ] } },
{ "type": "Feature", "properties": { "ZIMHEALTH": "_1149", "DISTRICT": "Gokwe", "NAME": "Nenyunga", "FACILITY": "Clinic", "LONGTUDE": 28.25306, "LATITUDE": -17.44139, "F_ID": 5 }, "geometry": { "type": "Point", "coordinates": [ 28.25306, -17.44139 ] } },
{ "type": "Feature", "properties": { "ZIMHEALTH": "_1150", "DISTRICT": "Gokwe", "NAME": "Zhomba", "FACILITY": "Clinic", "LONGTUDE": 28.31306, "LATITUDE": -17.44139, "F_ID": 5 }, "geometry": { "type": "Point", "coordinates": [ 28.31306, -17.44139 ] } },
{ "type": "Feature", "properties": { "ZIMHEALTH": "_1151", "DISTRICT": "Gokwe", "NAME": "Chireya", "FACILITY": "Rural_Hospital", "LONGTUDE": 28.59889, "LATITUDE": -17.54417, "F_ID": 4 }, "geometry": { "type": "Point", "coordinates": [ 28.59889, -17.54417 ] } },
{ "type": "Feature", "properties": { "ZIMHEALTH": "_1152", "DISTRICT": "Gokwe", "NAME": "Madzivazu", "FACILITY": "Clinic", "LONGTUDE": 28.50583, "LATITUDE": -17.62972, "F_ID": 5 }, "geometry": { "type": "Point", "coordinates": [ 28.50583, -17.62972 ] } },
{ "type": "Feature", "properties": { "ZIMHEALTH": "_1153", "DISTRICT": "Gokwe", "NAME": "Jahana", "FACILITY": "Clinic", "LONGTUDE": 28.95333, "LATITUDE": -18.01806, "F_ID": 5 }, "geometry": { "type": "Point", "coordinates": [ 28.95333, -18.01806 ] } },
{ "type": "Feature", "properties": { "ZIMHEALTH": "_1154", "DISTRICT": "Gokwe", "NAME": "Kuwirirana", "FACILITY": "Clinic", "LONGTUDE": 29.03028, "LATITUDE": -17.9075, "F_ID": 5 }, "geometry": { "type": "Point", "coordinates": [ 29.03028, -17.9075 ] } },
{ "type": "Feature", "properties": { "ZIMHEALTH": "_1155", "DISTRICT": "Gokwe", "NAME": "Rubatsiro", "FACILITY": "Clinic", "LONGTUDE": 29.09389, "LATITUDE": -17.77472, "F_ID": 5 }, "geometry": { "type": "Point", "coordinates": [ 29.09389, -17.77472 ] } },
{ "type": "Feature", "properties": { "ZIMHEALTH": "_1156", "DISTRICT": "Gokwe", "NAME": "Tsungai", "FACILITY": "Rural_Health_Centre", "LONGTUDE": 29.1425, "LATITUDE": -17.61306, "F_ID": 6 }, "geometry": { "type": "Point", "coordinates": [ 29.1425, -17.61306 ] } },
{ "type": "Feature", "properties": { "ZIMHEALTH": "_1157", "DISTRICT": "Gokwe", "NAME": "Norah", "FACILITY": "Rural_Health_Centre", "LONGTUDE": 29.16778, "LATITUDE": -17.51306, "F_ID": 6 }, "geometry": { "type": "Point", "coordinates": [ 29.16778, -17.51306 ] } },
{ "type": "Feature", "properties": { "ZIMHEALTH": "_1158", "DISTRICT": "Gokwe", "NAME": "Mzadz", "FACILITY": "Rural_Health_Centre", "LONGTUDE": 29.05278, "LATITUDE": -17.47944, "F_ID": 6 }, "geometry": { "type": "Point", "coordinates": [ 29.05278, -17.47944 ] } },
{ "type": "Feature", "properties": { "ZIMHEALTH": "_1159", "DISTRICT": "Gokwe", "NAME": "Gumunyu", "FACILITY": "Clinic", "LONGTUDE": 28.90528, "LATITUDE": -17.40972, "F_ID": 5 }, "geometry": { "type": "Point", "coordinates": [ 28.90528, -17.40972 ] } },
{ "type": "Feature", "properties": { "ZIMHEALTH": "_1160", "DISTRICT": "Gokwe", "NAME": "Mashame", "FACILITY": "Rural_Health_Centre", "LONGTUDE": 28.7975, "LATITUDE": -17.2725, "F_ID": 6 }, "geometry": { "type": "Point", "coordinates": [ 28.7975, -17.2725 ] } },
{ "type": "Feature", "properties": { "ZIMHEALTH": "_1161", "DISTRICT": "Gokwe", "NAME": "Kadzidirire", "FACILITY": "Rural_Health_Centre", "LONGTUDE": 28.93833, "LATITUDE": -17.50028, "F_ID": 6 }, "geometry": { "type": "Point", "coordinates": [ 28.93833, -17.50028 ] } },
{ "type": "Feature", "properties": { "ZIMHEALTH": "_1162", "DISTRICT": "Gokwe", "NAME": "Mtora", "FACILITY": "Rural_Hospital", "LONGTUDE": 29.00694, "LATITUDE": -17.72083, "F_ID": 4 }, "geometry": { "type": "Point", "coordinates": [ 29.00694, -17.72083 ] } },
{ "type": "Feature", "properties": { "ZIMHEALTH": "_1163", "DISTRICT": "Gokwe", "NAME": "Kahobo", "FACILITY": "Clinic", "LONGTUDE": 28.76333, "LATITUDE": -17.7375, "F_ID": 5 }, "geometry": { "type": "Point", "coordinates": [ 28.76333, -17.7375 ] } },
{ "type": "Feature", "properties": { "ZIMHEALTH": "_1164", "DISTRICT": "Gokwe", "NAME": "Denda", "FACILITY": "Clinic", "LONGTUDE": 28.82028, "LATITUDE": -17.78917, "F_ID": 5 }, "geometry": { "type": "Point", "coordinates": [ 28.82028, -17.78917 ] } },
{ "type": "Feature", "properties": { "ZIMHEALTH": "_1165", "DISTRICT": "Gokwe", "NAME": "Goredema", "FACILITY": "Clinic", "LONGTUDE": 28.89694, "LATITUDE": -17.85194, "F_ID": 5 }, "geometry": { "type": "Point", "coordinates": [ 28.89694, -17.85194 ] } },
{ "type": "Feature", "properties": { "ZIMHEALTH": "_1166", "DISTRICT": "Gokwe", "NAME": "Krima", "FACILITY": "Clinic", "LONGTUDE": 29.37194, "LATITUDE": -18.45028, "F_ID": 5 }, "geometry": { "type": "Point", "coordinates": [ 29.37194, -18.45028 ] } },
{ "type": "Feature", "properties": { "ZIMHEALTH": "_1167", "DISTRICT": "Gokwe", "NAME": "Gwanyika", "FACILITY": "Rural_Health_Centre", "LONGTUDE": 29.24167, "LATITUDE": -18.26278, "F_ID": 6 }, "geometry": { "type": "Point", "coordinates": [ 29.24167, -18.26278 ] } },
{ "type": "Feature", "properties": { "ZIMHEALTH": "_1168", "DISTRICT": "Gokwe", "NAME": "Mutange", "FACILITY": "Clinic", "LONGTUDE": 29.24028, "LATITUDE": -18.20472, "F_ID": 5 }, "geometry": { "type": "Point", "coordinates": [ 29.24028, -18.20472 ] } },
{ "type": "Feature", "properties": { "ZIMHEALTH": "_1169", "DISTRICT": "Gokwe", "NAME": "Tongwe", "FACILITY": "Clinic", "LONGTUDE": 29.10389, "LATITUDE": -18.08111, "F_ID": 5 }, "geometry": { "type": "Point", "coordinates": [ 29.10389, -18.08111 ] } },
{ "type": "Feature", "properties": { "ZIMHEALTH": "_1170", "DISTRICT": "Gokwe", "NAME": "Mateta", "FACILITY": "Rural_Health_Centre", "LONGTUDE": 28.53306, "LATITUDE": -18.3925, "F_ID": 5 }, "geometry": { "type": "Point", "coordinates": [ 28.53306, -18.3925 ] } },
{ "type": "Feature", "properties": { "ZIMHEALTH": "_1171", "DISTRICT": "Gokwe", "NAME": "Nyamunga", "FACILITY": "Clinic", "LONGTUDE": 29.4625, "LATITUDE": -18.34667, "F_ID": 5 }, "geometry": { "type": "Point", "coordinates": [ 29.4625, -18.34667 ] } },
{ "type": "Feature", "properties": { "ZIMHEALTH": "_1172", "DISTRICT": "Gokwe", "NAME": "Manoti", "FACILITY": "Clinic", "LONGTUDE": 28.37944, "LATITUDE": -18.45833, "F_ID": 5 }, "geometry": { "type": "Point", "coordinates": [ 28.37944, -18.45833 ] } },
{ "type": "Feature", "properties": { "ZIMHEALTH": "_1173", "DISTRICT": "Gokwe", "NAME": "Zhamba", "FACILITY": "Clinic", "LONGTUDE": 28.06111, "LATITUDE": -18.225, "F_ID": 5 }, "geometry": { "type": "Point", "coordinates": [ 28.06111, -18.225 ] } },
{ "type": "Feature", "properties": { "ZIMHEALTH": "_1174", "DISTRICT": "Gokwe", "NAME": "Msala", "FACILITY": "Clinic", "LONGTUDE": 28.04528, "LATITUDE": -18.465, "F_ID": 5 }, "geometry": { "type": "Point", "coordinates": [ 28.04528, -18.465 ] } },
{ "type": "Feature", "properties": { "ZIMHEALTH": "_1175", "DISTRICT": "Gokwe", "NAME": "Gawa", "FACILITY": "Clinic", "LONGTUDE": 28.73389, "LATITUDE": -18.26167, "F_ID": 5 }, "geometry": { "type": "Point", "coordinates": [ 28.73389, -18.26167 ] } },
{ "type": "Feature", "properties": { "ZIMHEALTH": "_1176", "DISTRICT": "Gokwe", "NAME": "Manyoni", "FACILITY": "Clinic", "LONGTUDE": 28.60222, "LATITUDE": -18.14722, "F_ID": 5 }, "geometry": { "type": "Point", "coordinates": [ 28.60222, -18.14722 ] } },
{ "type": "Feature", "properties": { "ZIMHEALTH": "_1177", "DISTRICT": "Gokwe", "NAME": "Masuka", "FACILITY": "Clinic", "LONGTUDE": 28.4025, "LATITUDE": -18.00333, "F_ID": 5 }, "geometry": { "type": "Point", "coordinates": [ 28.4025, -18.00333 ] } },
{ "type": "Feature", "properties": { "ZIMHEALTH": "_1178", "DISTRICT": "Gokwe", "NAME": "Mangidi", "FACILITY": "Clinic", "LONGTUDE": 28.35583, "LATITUDE": -18.12194, "F_ID": 5 }, "geometry": { "type": "Point", "coordinates": [ 28.35583, -18.12194 ] } },
{ "type": "Feature", "properties": { "ZIMHEALTH": "_1179", "DISTRICT": "Gokwe", "NAME": "Chitave", "FACILITY": "Clinic", "LONGTUDE": 28.45111, "LATITUDE": -18.19778, "F_ID": 5 }, "geometry": { "type": "Point", "coordinates": [ 28.45111, -18.19778 ] } },
{ "type": "Feature", "properties": { "ZIMHEALTH": "_1180", "DISTRICT": "Gokwe", "NAME": "Sai", "FACILITY": "Clinic", "LONGTUDE": 28.32861, "LATITUDE": -18.25861, "F_ID": 5 }, "geometry": { "type": "Point", "coordinates": [ 28.32861, -18.25861 ] } },
{ "type": "Feature", "properties": { "ZIMHEALTH": "_1181", "DISTRICT": "Gokwe", "NAME": "Jiri", "FACILITY": "Clinic", "LONGTUDE": 28.2575, "LATITUDE": -18.345, "F_ID": 5 }, "geometry": { "type": "Point", "coordinates": [ 28.2575, -18.345 ] } },
{ "type": "Feature", "properties": { "ZIMHEALTH": "_1182", "DISTRICT": "Gokwe", "NAME": "Kana", "FACILITY": "Mission_Hospitals", "LONGTUDE": 28.51583, "LATITUDE": -18.55583, "F_ID": 3 }, "geometry": { "type": "Point", "coordinates": [ 28.51583, -18.55583 ] } },
{ "type": "Feature", "properties": { "ZIMHEALTH": "_1183", "DISTRICT": "Gokwe", "NAME": "Nyaje", "FACILITY": "Rural_Health_Centre", "LONGTUDE": 28.7975, "LATITUDE": -18.55222, "F_ID": 6 }, "geometry": { "type": "Point", "coordinates": [ 28.7975, -18.55222 ] } },
{ "type": "Feature", "properties": { "ZIMHEALTH": "_1184", "DISTRICT": "Gokwe", "NAME": "Day_and_Night", "FACILITY": "Pravate_Clinic", "LONGTUDE": 28.9375, "LATITUDE": -18.55778, "F_ID": 7 }, "geometry": { "type": "Point", "coordinates": [ 28.9375, -18.55778 ] } },
{ "type": "Feature", "properties": { "ZIMHEALTH": "_1185", "DISTRICT": "Gokwe", "NAME": "Simchembu", "FACILITY": "Clinic", "LONGTUDE": 28.23969, "LATITUDE": -17.68439, "F_ID": 5 }, "geometry": { "type": "Point", "coordinates": [ 28.23969, -17.68439 ] } },
{ "type": "Feature", "properties": { "ZIMHEALTH": "_1186", "DISTRICT": "Gokwe", "NAME": "Chitave", "FACILITY": "Clinic", "LONGTUDE": 28.45164, "LATITUDE": -18.20264, "F_ID": 5 }, "geometry": { "type": "Point", "coordinates": [ 28.45164, -18.20264 ] } },
{ "type": "Feature", "properties": { "ZIMHEALTH": "_1187", "DISTRICT": "Mberengwa", "NAME": "Svita", "FACILITY": "Clinic", "LONGTUDE": 30.13594, "LATITUDE": -20.58678, "F_ID": 5 }, "geometry": { "type": "Point", "coordinates": [ 30.13594, -20.58678 ] } },
{ "type": "Feature", "properties": { "ZIMHEALTH": "_1188", "DISTRICT": "Mberengwa", "NAME": "Murongwe", "FACILITY": "Rural_Health_Centre", "LONGTUDE": 30.25756, "LATITUDE": -20.60161, "F_ID": 6 }, "geometry": { "type": "Point", "coordinates": [ 30.25756, -20.60161 ] } },
{ "type": "Feature", "properties": { "ZIMHEALTH": "_1189", "DISTRICT": "Mberengwa", "NAME": "Chabwira", "FACILITY": "Clinic", "LONGTUDE": 30.23944, "LATITUDE": -20.67058, "F_ID": 5 }, "geometry": { "type": "Point", "coordinates": [ 30.23944, -20.67058 ] } },
{ "type": "Feature", "properties": { "ZIMHEALTH": "_1190", "DISTRICT": "Mberengwa", "NAME": "Mnene", "FACILITY": "Mission_Hospital", "LONGTUDE": 30.05381, "LATITUDE": -20.62342, "F_ID": 3 }, "geometry": { "type": "Point", "coordinates": [ 30.05381, -20.62342 ] } },
{ "type": "Feature", "properties": { "ZIMHEALTH": "_1191", "DISTRICT": "Mberengwa", "NAME": "Mazivofa", "FACILITY": "Clinic", "LONGTUDE": 30.10186, "LATITUDE": -20.75736, "F_ID": 5 }, "geometry": { "type": "Point", "coordinates": [ 30.10186, -20.75736 ] } },
{ "type": "Feature", "properties": { "ZIMHEALTH": "_1192", "DISTRICT": "Mberengwa", "NAME": "Sandawana", "FACILITY": "Clinic", "LONGTUDE": 29.93564, "LATITUDE": -20.92094, "F_ID": 5 }, "geometry": { "type": "Point", "coordinates": [ 29.93564, -20.92094 ] } },
{ "type": "Feature", "properties": { "ZIMHEALTH": "_1193", "DISTRICT": "Mberengwa", "NAME": "Mavorovondo", "FACILITY": "Rural_Health_Centre", "LONGTUDE": 29.81808, "LATITUDE": -20.9215, "F_ID": 6 }, "geometry": { "type": "Point", "coordinates": [ 29.81808, -20.9215 ] } },
{ "type": "Feature", "properties": { "ZIMHEALTH": "_1194", "DISTRICT": "Mberengwa", "NAME": "Masase", "FACILITY": "Mission_Hospital", "LONGTUDE": 29.667, "LATITUDE": -20.98667, "F_ID": 3 }, "geometry": { "type": "Point", "coordinates": [ 29.667, -20.98667 ] } },
{ "type": "Feature", "properties": { "ZIMHEALTH": "_1195", "DISTRICT": "Mberengwa", "NAME": "Kotokwe", "FACILITY": "Clinic", "LONGTUDE": 29.58897, "LATITUDE": -20.98397, "F_ID": 5 }, "geometry": { "type": "Point", "coordinates": [ 29.58897, -20.98397 ] } },
{ "type": "Feature", "properties": { "ZIMHEALTH": "_1196", "DISTRICT": "Mberengwa", "NAME": "Chiedza", "FACILITY": "Clinic", "LONGTUDE": 29.68722, "LATITUDE": -20.91722, "F_ID": 5 }, "geometry": { "type": "Point", "coordinates": [ 29.68722, -20.91722 ] } },
{ "type": "Feature", "properties": { "ZIMHEALTH": "_1197", "DISTRICT": "Mberengwa", "NAME": "Mwenezi", "FACILITY": "Rural_Health_Centre", "LONGTUDE": 29.7045, "LATITUDE": -20.77317, "F_ID": 6 }, "geometry": { "type": "Point", "coordinates": [ 29.7045, -20.77317 ] } },
{ "type": "Feature", "properties": { "ZIMHEALTH": "_1198", "DISTRICT": "Mberengwa", "NAME": "Chingezi", "FACILITY": "Clinic", "LONGTUDE": 29.78661, "LATITUDE": -20.72236, "F_ID": 5 }, "geometry": { "type": "Point", "coordinates": [ 29.78661, -20.72236 ] } },
{ "type": "Feature", "properties": { "ZIMHEALTH": "_1199", "DISTRICT": "Mberengwa", "NAME": "Wanezi", "FACILITY": "Clinic", "LONGTUDE": 29.73972, "LATITUDE": -20.56978, "F_ID": 5 }, "geometry": { "type": "Point", "coordinates": [ 29.73972, -20.56978 ] } },
{ "type": "Feature", "properties": { "ZIMHEALTH": "_1200", "DISTRICT": "Mberengwa", "NAME": "C-Mine", "FACILITY": "Private_Clinic", "LONGTUDE": 29.86872, "LATITUDE": -20.48608, "F_ID": 7 }, "geometry": { "type": "Point", "coordinates": [ 29.86872, -20.48608 ] } },
{ "type": "Feature", "properties": { "ZIMHEALTH": "_1201", "DISTRICT": "Mberengwa", "NAME": "Ingezi", "FACILITY": "Clinic", "LONGTUDE": 30.38619, "LATITUDE": -20.58697, "F_ID": 5 }, "geometry": { "type": "Point", "coordinates": [ 30.38619, -20.58697 ] } },
{ "type": "Feature", "properties": { "ZIMHEALTH": "_1202", "DISTRICT": "Mberengwa", "NAME": "Negobe", "FACILITY": "Clinic", "LONGTUDE": 30.35492, "LATITUDE": -20.68572, "F_ID": 5 }, "geometry": { "type": "Point", "coordinates": [ 30.35492, -20.68572 ] } },
{ "type": "Feature", "properties": { "ZIMHEALTH": "_1203", "DISTRICT": "Mberengwa", "NAME": "Mponjani", "FACILITY": "Clinic", "LONGTUDE": 30.39047, "LATITUDE": -20.71839, "F_ID": 5 }, "geometry": { "type": "Point", "coordinates": [ 30.39047, -20.71839 ] } },
{ "type": "Feature", "properties": { "ZIMHEALTH": "_1204", "DISTRICT": "Mberengwa", "NAME": "Ngungumbane", "FACILITY": "Clinic", "LONGTUDE": 30.42119, "LATITUDE": -20.78594, "F_ID": 5 }, "geometry": { "type": "Point", "coordinates": [ 30.42119, -20.78594 ] } },
{ "type": "Feature", "properties": { "ZIMHEALTH": "_1205", "DISTRICT": "Mberengwa", "NAME": "Matedzi", "FACILITY": "Clinic", "LONGTUDE": 30.28739, "LATITUDE": -20.80739, "F_ID": 5 }, "geometry": { "type": "Point", "coordinates": [ 30.28739, -20.80739 ] } },
{ "type": "Feature", "properties": { "ZIMHEALTH": "_1206", "DISTRICT": "Mberengwa", "NAME": "Bonda", "FACILITY": "Mission_Hospital", "LONGTUDE": 30.40714, "LATITUDE": -20.87094, "F_ID": 3 }, "geometry": { "type": "Point", "coordinates": [ 30.40714, -20.87094 ] } },
{ "type": "Feature", "properties": { "ZIMHEALTH": "_1207", "DISTRICT": "Mberengwa", "NAME": "Vurasha", "FACILITY": "Rural_Health_Centre", "LONGTUDE": 30.38403, "LATITUDE": -20.93614, "F_ID": 6 }, "geometry": { "type": "Point", "coordinates": [ 30.38403, -20.93614 ] } },
{ "type": "Feature", "properties": { "ZIMHEALTH": "_1208", "DISTRICT": "Mberengwa", "NAME": "Mataga", "FACILITY": "Rural_Health_Centre", "LONGTUDE": 30.19042, "LATITUDE": -20.84119, "F_ID": 6 }, "geometry": { "type": "Point", "coordinates": [ 30.19042, -20.84119 ] } },
{ "type": "Feature", "properties": { "ZIMHEALTH": "_1209", "DISTRICT": "Mberengwa", "NAME": "Musume", "FACILITY": "Mission_Hospital", "LONGTUDE": 30.23906, "LATITUDE": -20.92289, "F_ID": 3 }, "geometry": { "type": "Point", "coordinates": [ 30.23906, -20.92289 ] } },
{ "type": "Feature", "properties": { "ZIMHEALTH": "_1210", "DISTRICT": "Mberengwa", "NAME": "Makuwerere", "FACILITY": "Clinic", "LONGTUDE": 30.23636, "LATITUDE": -20.98544, "F_ID": 5 }, "geometry": { "type": "Point", "coordinates": [ 30.23636, -20.98544 ] } },
{ "type": "Feature", "properties": { "ZIMHEALTH": "_1211", "DISTRICT": "Mberengwa", "NAME": "Muketi", "FACILITY": "Clinic", "LONGTUDE": 30.14031, "LATITUDE": -21.00736, "F_ID": 5 }, "geometry": { "type": "Point", "coordinates": [ 30.14031, -21.00736 ] } },
{ "type": "Feature", "properties": { "ZIMHEALTH": "_1212", "DISTRICT": "Mberengwa", "NAME": "Gwarava", "FACILITY": "Rural_Health_Centre", "LONGTUDE": 30.06847, "LATITUDE": -20.95372, "F_ID": 6 }, "geometry": { "type": "Point", "coordinates": [ 30.06847, -20.95372 ] } },
{ "type": "Feature", "properties": { "ZIMHEALTH": "_1213", "DISTRICT": "Mberengwa", "NAME": "Imbahuru", "FACILITY": "Clinic", "LONGTUDE": 30.10208, "LATITUDE": -20.86708, "F_ID": 5 }, "geometry": { "type": "Point", "coordinates": [ 30.10208, -20.86708 ] } },
{ "type": "Feature", "properties": { "ZIMHEALTH": "_1214", "DISTRICT": "Mberengwa", "NAME": "Mposi", "FACILITY": "Clinic", "LONGTUDE": 30.02206, "LATITUDE": -20.82161, "F_ID": 5 }, "geometry": { "type": "Point", "coordinates": [ 30.02206, -20.82161 ] } },
{ "type": "Feature", "properties": { "ZIMHEALTH": "_1215", "DISTRICT": "Mberengwa", "NAME": "Jeka", "FACILITY": "Rural_Hospital", "LONGTUDE": 29.93414, "LATITUDE": -20.85536, "F_ID": 4 }, "geometry": { "type": "Point", "coordinates": [ 29.93414, -20.85536 ] } },
{ "type": "Feature", "properties": { "ZIMHEALTH": "_1216", "DISTRICT": "Mberengwa", "NAME": "Chedembeko", "FACILITY": "Clinic", "LONGTUDE": 29.90756, "LATITUDE": -20.73936, "F_ID": 5 }, "geometry": { "type": "Point", "coordinates": [ 29.90756, -20.73936 ] } },
{ "type": "Feature", "properties": { "ZIMHEALTH": "_1217", "DISTRICT": "Mberengwa", "NAME": "Mberengwa", "FACILITY": "District_Hospital", "LONGTUDE": 29.91981, "LATITUDE": -20.48881, "F_ID": 2 }, "geometry": { "type": "Point", "coordinates": [ 29.91981, -20.48881 ] } }
]
}
